{"type":"FeatureCollection","_role":"cartographic substrate only \u2014 NOT evidence, NOT part of the claim corpus","_source":"Natural Earth 1:50m Admin 0 Countries","_version":"nvkelso/natural-earth-vector v5.1.2","_license":"Public domain (Natural Earth terms of use)","_retrieved":"2026-08-14","_transform":"subset to 12 countries by ISO_A3; parts with bbox diagonal <0.1 deg dropped (2 of 146); coordinates rounded to 3 decimals","features":[{"type":"Feature","properties":{"iso_a3":"BGD","name":"Bangladesh"},"geometry":{"type":"MultiPolygon","coordinates":[[[[89.051,22.093],[89.056,22.186],[89.05,22.275],[88.971,22.511],[88.921,22.632],[88.927,22.671],[88.923,22.688],[88.9,22.844],[88.867,22.939],[88.851,23.041],[88.928,23.187],[88.897,23.21],[88.808,23.23],[88.724,23.255],[88.704,23.293],[88.741,23.437],[88.698,23.493],[88.636,23.55],[88.616,23.573],[88.596,23.602],[88.567,23.674],[88.623,23.826],[88.7,24.003],[88.714,24.07],[88.727,24.186],[88.734,24.231],[88.724,24.275],[88.642,24.326],[88.499,24.347],[88.397,24.389],[88.338,24.454],[88.287,24.48],[88.225,24.461],[88.146,24.486],[88.079,24.55],[88.023,24.628],[88.03,24.664],[88.045,24.713],[88.15,24.915],[88.189,24.921],[88.279,24.882],[88.313,24.882],[88.373,24.962],[88.456,25.188],[88.574,25.188],[88.678,25.18],[88.748,25.169],[88.817,25.176],[88.89,25.194],[88.93,25.223],[88.952,25.259],[88.944,25.291],[88.855,25.334],[88.82,25.366],[88.795,25.456],[88.769,25.49],[88.593,25.495],[88.502,25.537],[88.452,25.574],[88.363,25.698],[88.253,25.79],[88.147,25.811],[88.107,25.841],[88.085,25.888],[88.097,25.956],[88.129,26.018],[88.151,26.087],[88.235,26.178],[88.334,26.258],[88.378,26.312],[88.44,26.369],[88.448,26.401],[88.437,26.437],[88.386,26.472],[88.351,26.483],[88.346,26.505],[88.37,26.564],[88.418,26.572],[88.518,26.518],[88.62,26.431],[88.681,26.353],[88.683,26.292],[88.722,26.282],[88.762,26.279],[88.828,26.252],[88.896,26.26],[88.941,26.245],[88.97,26.251],[88.982,26.286],[88.948,26.338],[88.924,26.375],[88.952,26.412],[88.983,26.42],[89.019,26.41],[89.067,26.377],[89.102,26.308],[89.108,26.202],[89.186,26.106],[89.289,26.038],[89.37,26.006],[89.467,25.984],[89.55,26.005],[89.591,26.072],[89.573,26.132],[89.586,26.186],[89.619,26.216],[89.671,26.214],[89.71,26.171],[89.823,25.941],[89.8,25.84],[89.825,25.56],[89.796,25.376],[89.801,25.336],[89.814,25.305],[89.833,25.293],[89.866,25.293],[90.004,25.258],[90.12,25.22],[90.25,25.185],[90.439,25.158],[90.555,25.167],[90.613,25.168],[90.73,25.159],[91.038,25.174],[91.293,25.178],[91.397,25.152],[91.48,25.142],[91.763,25.161],[92.05,25.169],[92.205,25.111],[92.373,25.015],[92.468,24.944],[92.485,24.903],[92.475,24.869],[92.443,24.849],[92.385,24.849],[92.251,24.895],[92.228,24.881],[92.231,24.786],[92.227,24.771],[92.198,24.686],[92.117,24.494],[92.102,24.408],[92.085,24.386],[92.064,24.374],[92.001,24.371],[91.952,24.357],[91.931,24.326],[91.899,24.261],[91.877,24.195],[91.846,24.175],[91.772,24.211],[91.727,24.205],[91.669,24.19],[91.611,24.153],[91.571,24.107],[91.526,24.091],[91.393,24.1],[91.367,24.094],[91.35,24.06],[91.336,24.019],[91.232,23.92],[91.192,23.763],[91.16,23.661],[91.166,23.581],[91.254,23.374],[91.315,23.104],[91.339,23.077],[91.359,23.068],[91.369,23.075],[91.367,23.13],[91.371,23.198],[91.399,23.214],[91.436,23.2],[91.471,23.141],[91.511,23.034],[91.554,22.992],[91.62,22.98],[91.695,23.005],[91.751,23.054],[91.774,23.106],[91.758,23.21],[91.754,23.287],[91.79,23.361],[91.919,23.471],[91.938,23.505],[91.929,23.598],[91.93,23.686],[91.979,23.692],[92.044,23.678],[92.127,23.721],[92.152,23.722],[92.187,23.676],[92.246,23.684],[92.289,23.492],[92.334,23.324],[92.334,23.242],[92.341,23.07],[92.362,22.929],[92.393,22.897],[92.43,22.822],[92.464,22.734],[92.491,22.685],[92.51,22.526],[92.532,22.41],[92.561,22.048],[92.575,21.978],[92.583,21.94],[92.584,21.609],[92.593,21.467],[92.625,21.351],[92.632,21.306],[92.6,21.27],[92.569,21.263],[92.539,21.32],[92.472,21.363],[92.373,21.409],[92.331,21.44],[92.28,21.428],[92.208,21.358],[92.18,21.293],[92.192,21.202],[92.215,21.113],[92.264,21.061],[92.268,21.005],[92.286,20.932],[92.312,20.864],[92.324,20.792],[92.308,20.79],[92.248,20.884],[92.195,20.984],[92.056,21.175],[92.011,21.516],[92.008,21.685],[91.913,21.883],[91.85,22.157],[91.825,22.229],[91.858,22.317],[91.863,22.35],[91.845,22.343],[91.797,22.297],[91.734,22.407],[91.693,22.505],[91.53,22.708],[91.482,22.797],[91.48,22.885],[91.41,22.797],[91.314,22.735],[91.216,22.642],[91.151,22.614],[90.946,22.597],[90.827,22.721],[90.656,23.025],[90.634,23.094],[90.656,23.273],[90.616,23.442],[90.616,23.532],[90.604,23.591],[90.573,23.578],[90.562,23.537],[90.568,23.474],[90.556,23.422],[90.408,23.432],[90.269,23.456],[90.392,23.367],[90.523,23.346],[90.591,23.266],[90.599,23.204],[90.595,23.134],[90.528,23.085],[90.466,23.054],[90.478,22.987],[90.552,22.905],[90.462,22.882],[90.437,22.828],[90.435,22.752],[90.481,22.685],[90.498,22.635],[90.487,22.589],[90.532,22.539],[90.596,22.436],[90.616,22.362],[90.589,22.258],[90.553,22.218],[90.494,22.179],[90.356,22.048],[90.288,21.899],[90.231,21.83],[90.159,21.817],[90.131,21.847],[90.071,21.887],[90.07,21.96],[90.088,22.017],[90.21,22.157],[90.143,22.138],[90.069,22.098],[89.954,22.023],[89.918,22.116],[89.894,22.203],[89.894,22.308],[89.985,22.466],[89.882,22.388],[89.853,22.289],[89.866,22.173],[89.853,22.091],[89.812,21.983],[89.757,21.919],[89.668,21.878],[89.628,21.814],[89.569,21.767],[89.567,21.861],[89.547,21.984],[89.483,22.276],[89.469,22.213],[89.503,22.032],[89.501,21.914],[89.452,21.821],[89.354,21.721],[89.279,21.707],[89.234,21.722],[89.167,21.784],[89.094,21.873],[89.082,22.015],[89.051,22.093]]],[[[91.151,22.175],[91.045,22.105],[91.079,22.52],[91.158,22.365],[91.178,22.283],[91.151,22.175]]],[[[91.557,22.382],[91.51,22.353],[91.467,22.378],[91.411,22.476],[91.439,22.599],[91.456,22.617],[91.484,22.577],[91.523,22.491],[91.548,22.425],[91.557,22.382]]],[[[90.778,22.089],[90.604,22.054],[90.515,22.065],[90.68,22.327],[90.675,22.445],[90.649,22.541],[90.565,22.618],[90.56,22.673],[90.523,22.748],[90.503,22.835],[90.596,22.864],[90.672,22.813],[90.683,22.785],[90.699,22.714],[90.737,22.639],[90.868,22.485],[90.866,22.391],[90.83,22.16],[90.778,22.089]]],[[[91.874,21.832],[91.838,21.75],[91.82,21.81],[91.835,21.885],[91.851,21.927],[91.861,21.927],[91.883,21.884],[91.874,21.832]]],[[[91.949,21.508],[91.889,21.503],[91.859,21.533],[91.873,21.574],[91.857,21.709],[91.908,21.723],[91.934,21.722],[91.949,21.683],[91.962,21.61],[91.949,21.508]]],[[[90.642,22.963],[90.66,22.92],[90.604,22.946],[90.562,22.975],[90.536,23.015],[90.58,23.035],[90.642,22.963]]]]}},{"type":"Feature","properties":{"iso_a3":"CUB","name":"Cuba"},"geometry":{"type":"MultiPolygon","coordinates":[[[[-81.837,23.163],[-81.575,23.117],[-81.364,23.13],[-81.262,23.157],[-81.272,23.129],[-81.179,23.06],[-81.145,23.055],[-81.008,23.09],[-80.65,23.103],[-80.613,23.084],[-80.55,23.017],[-80.459,22.975],[-80.365,22.943],[-80.266,22.935],[-80.168,22.949],[-80.075,22.942],[-79.96,22.877],[-79.924,22.869],[-79.82,22.887],[-79.851,22.827],[-79.677,22.743],[-79.549,22.578],[-79.456,22.51],[-79.358,22.449],[-79.276,22.408],[-79.183,22.388],[-78.902,22.396],[-78.835,22.391],[-78.776,22.367],[-78.719,22.358],[-78.686,22.367],[-78.143,22.109],[-77.971,21.972],[-77.865,21.901],[-77.637,21.797],[-77.545,21.775],[-77.497,21.788],[-77.507,21.811],[-77.573,21.868],[-77.583,21.889],[-77.497,21.872],[-77.342,21.755],[-77.3,21.712],[-77.222,21.672],[-77.144,21.644],[-77.181,21.598],[-77.245,21.594],[-77.366,21.613],[-77.27,21.538],[-77.253,21.483],[-77.208,21.479],[-77.141,21.539],[-77.099,21.589],[-76.928,21.459],[-76.836,21.4],[-76.86,21.365],[-76.867,21.33],[-76.765,21.362],[-76.726,21.359],[-76.689,21.34],[-76.647,21.285],[-76.552,21.272],[-76.455,21.274],[-76.259,21.227],[-76.074,21.133],[-75.899,21.114],[-75.723,21.111],[-75.634,21.061],[-75.596,20.995],[-75.639,20.947],[-75.663,20.898],[-75.597,20.838],[-75.74,20.812],[-75.76,20.776],[-75.753,20.736],[-75.725,20.715],[-75.643,20.733],[-75.525,20.717],[-75.338,20.702],[-75.213,20.714],[-74.96,20.673],[-74.883,20.651],[-74.732,20.573],[-74.662,20.522],[-74.513,20.385],[-74.384,20.33],[-74.273,20.317],[-74.234,20.326],[-74.198,20.311],[-74.167,20.292],[-74.137,20.232],[-74.154,20.169],[-74.217,20.117],[-74.253,20.08],[-74.412,20.075],[-74.635,20.058],[-74.85,20.002],[-74.955,19.958],[-75.003,19.929],[-75.116,19.901],[-75.124,19.925],[-75.122,19.954],[-75.152,20.008],[-75.177,19.959],[-75.219,19.924],[-75.29,19.893],[-75.552,19.891],[-75.657,19.932],[-75.765,19.96],[-76.158,19.99],[-76.253,19.987],[-76.516,19.957],[-76.78,19.94],[-76.89,19.921],[-76.999,19.893],[-77.212,19.894],[-77.463,19.861],[-77.715,19.855],[-77.554,20.082],[-77.213,20.3],[-77.149,20.347],[-77.104,20.408],[-77.093,20.453],[-77.108,20.492],[-77.189,20.56],[-77.205,20.611],[-77.23,20.644],[-77.348,20.672],[-77.467,20.69],[-77.593,20.69],[-77.857,20.714],[-77.997,20.715],[-78.116,20.762],[-78.314,20.927],[-78.406,20.974],[-78.454,21.011],[-78.491,21.054],[-78.537,21.297],[-78.577,21.414],[-78.636,21.516],[-78.728,21.593],[-78.823,21.619],[-79.189,21.553],[-79.274,21.563],[-79.357,21.585],[-79.91,21.743],[-80.138,21.829],[-80.231,21.872],[-80.311,21.933],[-80.393,22.034],[-80.485,22.123],[-80.485,22.087],[-80.499,22.064],[-80.962,22.053],[-81.036,22.074],[-81.083,22.098],[-81.117,22.134],[-81.141,22.207],[-81.185,22.268],[-81.2,22.203],[-81.222,22.143],[-81.284,22.109],[-81.355,22.104],[-81.441,22.184],[-81.816,22.2],[-81.849,22.214],[-81.973,22.291],[-82.078,22.388],[-81.973,22.422],[-81.757,22.467],[-81.71,22.497],[-81.683,22.535],[-81.703,22.592],[-81.746,22.633],[-81.79,22.657],[-81.839,22.672],[-81.903,22.679],[-82.738,22.689],[-82.786,22.658],[-82.861,22.595],[-83.009,22.514],[-83.107,22.43],[-83.144,22.386],[-83.189,22.355],[-83.292,22.303],[-83.38,22.223],[-83.486,22.187],[-83.544,22.209],[-83.602,22.209],[-83.643,22.189],[-83.687,22.18],[-83.901,22.17],[-83.933,22.15],[-83.963,22.092],[-83.998,21.98],[-84.031,21.943],[-84.138,21.929],[-84.241,21.898],[-84.449,21.792],[-84.503,21.776],[-84.491,21.854],[-84.501,21.93],[-84.56,21.933],[-84.627,21.92],[-84.683,21.899],[-84.786,21.842],[-84.838,21.828],[-84.887,21.857],[-84.877,21.894],[-84.533,22.031],[-84.494,22.042],[-84.433,22.031],[-84.373,22.036],[-84.326,22.074],[-84.383,22.256],[-84.361,22.379],[-84.281,22.474],[-84.122,22.619],[-84.045,22.666],[-83.258,22.968],[-83.177,22.983],[-82.666,23.044],[-82.588,23.065],[-82.351,23.154],[-82.101,23.19],[-81.837,23.163]]],[[[-77.669,21.952],[-77.71,21.921],[-77.755,21.966],[-77.784,21.97],[-77.823,21.988],[-77.9,22.037],[-77.919,22.088],[-77.855,22.092],[-77.774,22.083],[-77.634,22.054],[-77.646,21.996],[-77.669,21.952]]],[[[-78.027,22.285],[-78.048,22.269],[-78.102,22.306],[-78.18,22.322],[-78.226,22.38],[-78.27,22.402],[-78.274,22.424],[-78.201,22.438],[-78.151,22.431],[-78.094,22.387],[-78.062,22.306],[-78.027,22.285]]],[[[-78.63,22.552],[-78.493,22.531],[-78.445,22.544],[-78.4,22.547],[-78.351,22.539],[-78.284,22.455],[-78.343,22.445],[-78.39,22.445],[-78.425,22.46],[-78.548,22.464],[-78.629,22.488],[-78.674,22.509],[-78.696,22.534],[-78.63,22.552]]],[[[-77.879,22.128],[-77.912,22.125],[-78.012,22.166],[-78.042,22.201],[-78.007,22.248],[-77.999,22.299],[-77.986,22.302],[-77.97,22.241],[-77.894,22.215],[-77.889,22.201],[-77.842,22.149],[-77.879,22.128]]],[[[-82.562,21.572],[-82.655,21.519],[-82.853,21.444],[-82.96,21.441],[-83.067,21.469],[-83.142,21.532],[-83.184,21.593],[-83.18,21.623],[-83.113,21.574],[-83.055,21.549],[-83.007,21.566],[-82.974,21.592],[-83.083,21.791],[-83.078,21.833],[-82.991,21.943],[-82.756,21.91],[-82.715,21.89],[-82.682,21.821],[-82.629,21.767],[-82.568,21.622],[-82.562,21.572]]],[[[-79.35,22.664],[-79.348,22.638],[-79.523,22.711],[-79.598,22.788],[-79.628,22.805],[-79.579,22.807],[-79.382,22.681],[-79.35,22.664]]]]}},{"type":"Feature","properties":{"iso_a3":"IND","name":"India"},"geometry":{"type":"MultiPolygon","coordinates":[[[[68.165,23.857],[68.234,23.901],[68.283,23.928],[68.381,23.951],[68.489,23.967],[68.587,23.967],[68.724,23.965],[68.728,24.266],[68.74,24.292],[68.759,24.307],[68.781,24.314],[68.8,24.309],[68.828,24.264],[68.863,24.267],[68.901,24.292],[68.985,24.273],[69.052,24.286],[69.12,24.269],[69.235,24.268],[69.443,24.275],[69.559,24.273],[69.634,24.225],[69.716,24.173],[69.805,24.165],[69.934,24.171],[70.021,24.192],[70.065,24.241],[70.098,24.288],[70.289,24.356],[70.489,24.412],[70.547,24.418],[70.565,24.386],[70.556,24.331],[70.579,24.279],[70.659,24.246],[70.716,24.238],[70.767,24.245],[70.805,24.262],[70.886,24.344],[70.928,24.362],[70.983,24.361],[71.044,24.4],[71.045,24.43],[71.006,24.444],[70.973,24.487],[70.979,24.522],[70.97,24.572],[70.976,24.619],[71.002,24.654],[71.048,24.688],[71.021,24.758],[70.951,24.892],[70.878,25.063],[70.8,25.206],[70.703,25.331],[70.652,25.423],[70.657,25.626],[70.648,25.667],[70.615,25.692],[70.57,25.706],[70.506,25.685],[70.449,25.681],[70.325,25.686],[70.265,25.707],[70.1,25.91],[70.079,25.99],[70.078,26.072],[70.133,26.215],[70.149,26.348],[70.157,26.471],[70.148,26.506],[70.115,26.548],[70.059,26.579],[69.911,26.586],[69.736,26.627],[69.601,26.699],[69.507,26.743],[69.481,26.771],[69.47,26.804],[69.495,26.954],[69.537,27.123],[69.568,27.175],[69.622,27.228],[69.661,27.265],[69.725,27.313],[69.896,27.474],[70.05,27.695],[70.145,27.849],[70.194,27.895],[70.244,27.934],[70.318,27.982],[70.404,28.025],[70.489,28.023],[70.569,27.984],[70.629,27.937],[70.649,27.835],[70.692,27.769],[70.737,27.729],[70.798,27.71],[70.875,27.714],[71.185,27.832],[71.29,27.855],[71.543,27.87],[71.717,27.915],[71.87,27.962],[71.889,28.047],[71.948,28.177],[72.129,28.346],[72.179,28.422],[72.234,28.566],[72.292,28.697],[72.342,28.752],[72.626,28.896],[72.903,29.029],[72.949,29.089],[73.128,29.364],[73.231,29.551],[73.258,29.611],[73.317,29.773],[73.382,29.934],[73.467,29.972],[73.658,30.033],[73.809,30.093],[73.887,30.162],[73.933,30.222],[73.925,30.282],[73.883,30.352],[73.892,30.394],[73.899,30.435],[74.009,30.52],[74.216,30.769],[74.339,30.894],[74.38,30.893],[74.51,30.96],[74.633,31.035],[74.626,31.069],[74.61,31.113],[74.54,31.133],[74.518,31.186],[74.535,31.261],[74.594,31.465],[74.582,31.524],[74.51,31.713],[74.526,31.765],[74.556,31.819],[74.636,31.89],[74.739,31.949],[75.071,32.089],[75.139,32.105],[75.254,32.14],[75.325,32.215],[75.333,32.279],[75.303,32.319],[75.234,32.372],[75.104,32.42],[74.987,32.462],[74.789,32.458],[74.686,32.494],[74.658,32.519],[74.643,32.608],[74.663,32.758],[74.632,32.771],[74.588,32.753],[74.483,32.771],[74.355,32.769],[74.305,32.81],[74.33,32.861],[74.323,32.928],[74.304,32.992],[74.284,33.005],[74.222,33.02],[74.126,33.075],[74.049,33.143],[74.004,33.189],[73.99,33.221],[73.994,33.242],[74.05,33.301],[74.118,33.384],[74.143,33.455],[74.15,33.507],[74.131,33.545],[74.07,33.592],[74.004,33.632],[73.978,33.668],[73.976,33.721],[74.001,33.788],[74.078,33.839],[74.216,33.887],[74.251,33.946],[74.246,33.99],[74.209,34.003],[74.113,34.004],[73.95,34.019],[73.922,34.043],[73.904,34.076],[73.904,34.108],[73.938,34.145],[73.979,34.191],[73.972,34.237],[73.925,34.288],[73.81,34.325],[73.795,34.378],[73.812,34.422],[73.85,34.485],[73.883,34.529],[73.961,34.653],[74.056,34.681],[74.172,34.721],[74.3,34.765],[74.498,34.732],[74.594,34.716],[74.789,34.678],[74.952,34.646],[75.118,34.637],[75.188,34.639],[75.264,34.601],[75.453,34.537],[75.606,34.503],[75.709,34.503],[75.862,34.56],[75.938,34.613],[76.041,34.67],[76.172,34.668],[76.457,34.756],[76.51,34.741],[76.594,34.736],[76.696,34.787],[76.749,34.848],[76.758,34.878],[76.783,34.9],[76.892,34.939],[77.001,34.992],[77.031,35.062],[77.049,35.11],[77.169,35.172],[77.293,35.236],[77.423,35.303],[77.572,35.379],[77.697,35.443],[77.799,35.496],[77.803,35.493],[77.811,35.485],[77.852,35.461],[77.895,35.449],[77.946,35.472],[78.009,35.49],[78.043,35.48],[78.047,35.449],[78.009,35.307],[78.012,35.251],[78.076,35.135],[78.158,34.946],[78.236,34.77],[78.282,34.654],[78.327,34.606],[78.516,34.558],[78.671,34.518],[78.763,34.453],[78.865,34.39],[78.936,34.352],[78.97,34.303],[78.977,34.258],[78.971,34.228],[78.932,34.189],[78.753,34.088],[78.732,34.056],[78.727,34.013],[78.762,33.888],[78.784,33.809],[78.79,33.65],[78.802,33.5],[78.865,33.431],[78.917,33.387],[78.948,33.347],[79.013,33.291],[79.067,33.25],[79.112,33.226],[79.135,33.172],[79.122,33.108],[79.103,33.053],[79.109,33.023],[79.146,33.001],[79.202,32.946],[79.21,32.865],[79.206,32.809],[79.228,32.759],[79.234,32.703],[79.217,32.564],[79.219,32.508],[79.219,32.501],[79.17,32.497],[79.127,32.476],[79.067,32.388],[78.998,32.365],[78.919,32.358],[78.838,32.412],[78.771,32.468],[78.754,32.499],[78.737,32.558],[78.701,32.597],[78.632,32.579],[78.526,32.571],[78.412,32.558],[78.392,32.545],[78.39,32.52],[78.417,32.467],[78.441,32.397],[78.455,32.3],[78.486,32.236],[78.496,32.216],[78.678,32.023],[78.726,31.984],[78.735,31.958],[78.72,31.888],[78.687,31.806],[78.693,31.74],[78.754,31.668],[78.803,31.618],[78.755,31.55],[78.727,31.472],[78.759,31.437],[78.744,31.324],[78.758,31.302],[78.792,31.294],[78.845,31.302],[78.9,31.331],[78.946,31.337],[78.974,31.329],[79.011,31.414],[79.044,31.426],[79.107,31.403],[79.233,31.242],[79.339,31.106],[79.37,31.08],[79.388,31.064],[79.493,30.994],[79.565,30.949],[79.664,30.965],[79.795,30.968],[79.872,30.925],[79.917,30.894],[79.919,30.89],[79.925,30.889],[80.081,30.782],[80.149,30.79],[80.194,30.759],[80.207,30.684],[80.186,30.605],[80.191,30.568],[80.261,30.561],[80.41,30.509],[80.541,30.464],[80.609,30.449],[80.682,30.415],[80.747,30.36],[80.874,30.291],[80.985,30.237],[81.01,30.165],[80.966,30.18],[80.908,30.172],[80.848,30.14],[80.82,30.119],[80.684,29.994],[80.613,29.956],[80.549,29.9],[80.402,29.73],[80.317,29.572],[80.255,29.423],[80.256,29.318],[80.233,29.195],[80.17,29.124],[80.13,29.1],[80.085,28.994],[80.052,28.87],[80.071,28.83],[80.15,28.776],[80.227,28.723],[80.325,28.666],[80.419,28.612],[80.479,28.605],[80.496,28.636],[80.518,28.665],[80.587,28.65],[80.671,28.596],[80.726,28.554],[80.751,28.54],[80.896,28.469],[81.017,28.41],[81.169,28.335],[81.206,28.289],[81.239,28.241],[81.311,28.176],[81.486,28.062],[81.636,27.98],[81.757,27.914],[81.853,27.867],[81.897,27.874],[81.945,27.899],[81.988,27.914],[82.037,27.901],[82.112,27.865],[82.288,27.757],[82.451,27.672],[82.63,27.687],[82.677,27.673],[82.711,27.597],[82.733,27.519],[82.933,27.468],[83.064,27.445],[83.214,27.402],[83.29,27.371],[83.369,27.41],[83.384,27.445],[83.447,27.465],[83.552,27.456],[83.747,27.396],[83.829,27.378],[83.897,27.435],[84.025,27.462],[84.091,27.491],[84.23,27.428],[84.481,27.348],[84.61,27.299],[84.641,27.25],[84.655,27.204],[84.654,27.092],[84.685,27.041],[84.937,26.927],[85.02,26.879],[85.087,26.863],[85.125,26.861],[85.152,26.847],[85.174,26.782],[85.192,26.767],[85.24,26.75],[85.293,26.741],[85.456,26.797],[85.568,26.84],[85.648,26.829],[85.7,26.782],[85.707,26.713],[85.737,26.64],[85.795,26.604],[85.856,26.6],[86.007,26.649],[86.129,26.612],[86.242,26.598],[86.366,26.574],[86.414,26.556],[86.544,26.496],[86.701,26.435],[86.763,26.442],[87.016,26.555],[87.038,26.542],[87.09,26.433],[87.167,26.394],[87.287,26.36],[87.414,26.423],[87.513,26.405],[87.633,26.399],[87.749,26.429],[87.849,26.437],[87.995,26.382],[88.027,26.395],[88.055,26.43],[88.112,26.586],[88.162,26.725],[88.157,26.807],[88.111,26.928],[87.993,27.086],[87.984,27.134],[88.024,27.409],[88.068,27.567],[88.106,27.642],[88.147,27.749],[88.154,27.799],[88.15,27.843],[88.11,27.871],[88.099,27.905],[88.109,27.933],[88.141,27.949],[88.275,27.969],[88.426,28.012],[88.486,28.034],[88.532,28.057],[88.578,28.093],[88.621,28.092],[88.756,28.04],[88.804,28.007],[88.829,27.907],[88.849,27.869],[88.83,27.767],[88.749,27.522],[88.765,27.43],[88.833,27.363],[88.891,27.316],[88.882,27.297],[88.76,27.218],[88.739,27.176],[88.766,27.134],[88.814,27.099],[88.835,27.066],[88.858,26.961],[88.919,26.932],[89.041,26.865],[89.148,26.816],[89.332,26.849],[89.384,26.827],[89.475,26.803],[89.545,26.796],[89.586,26.779],[89.609,26.762],[89.606,26.741],[89.61,26.719],[89.711,26.714],[89.764,26.702],[89.943,26.724],[90.123,26.755],[90.206,26.848],[90.242,26.854],[90.346,26.89],[90.448,26.851],[90.56,26.797],[90.62,26.78],[90.74,26.772],[90.856,26.778],[91.134,26.803],[91.287,26.79],[91.427,26.867],[91.456,26.867],[91.518,26.807],[91.672,26.802],[91.754,26.831],[91.842,26.853],[91.899,26.86],[91.944,26.861],[91.998,26.855],[92.05,26.875],[92.073,26.915],[92.068,26.975],[92.031,27.041],[91.999,27.079],[91.992,27.1],[92.003,27.147],[92.031,27.214],[92.083,27.291],[92.045,27.365],[91.991,27.45],[91.951,27.458],[91.851,27.439],[91.743,27.443],[91.658,27.494],[91.595,27.558],[91.579,27.611],[91.598,27.677],[91.626,27.737],[91.632,27.76],[91.713,27.76],[91.825,27.746],[91.909,27.73],[91.978,27.73],[92.101,27.808],[92.158,27.812],[92.222,27.827],[92.25,27.842],[92.27,27.83],[92.341,27.821],[92.415,27.825],[92.481,27.846],[92.547,27.879],[92.664,27.949],[92.688,27.989],[92.688,28.026],[92.666,28.05],[92.643,28.062],[92.653,28.093],[92.702,28.147],[92.882,28.228],[93.035,28.328],[93.119,28.402],[93.158,28.493],[93.207,28.591],[93.252,28.629],[93.361,28.654],[93.665,28.69],[93.761,28.73],[93.902,28.803],[93.974,28.861],[94.013,28.908],[94.018,28.96],[94.112,28.976],[94.193,29.06],[94.293,29.145],[94.468,29.216],[94.623,29.312],[94.677,29.297],[94.733,29.252],[94.763,29.201],[94.769,29.176],[94.967,29.144],[94.999,29.149],[95.145,29.104],[95.279,29.05],[95.353,29.036],[95.389,29.037],[95.42,29.054],[95.457,29.102],[95.494,29.137],[95.517,29.151],[95.516,29.206],[95.71,29.314],[95.885,29.391],[96.035,29.447],[96.08,29.424],[96.129,29.381],[96.195,29.272],[96.235,29.246],[96.337,29.261],[96.356,29.249],[96.34,29.21],[96.271,29.161],[96.181,29.118],[96.122,29.082],[96.141,28.963],[96.137,28.923],[96.162,28.91],[96.347,29.027],[96.436,29.051],[96.467,29.022],[96.477,28.959],[96.55,28.83],[96.581,28.764],[96.396,28.607],[96.327,28.525],[96.33,28.497],[96.326,28.469],[96.279,28.428],[96.281,28.412],[96.32,28.387],[96.366,28.367],[96.389,28.368],[96.428,28.406],[96.603,28.46],[96.653,28.45],[96.776,28.367],[96.833,28.362],[96.981,28.338],[97.075,28.369],[97.145,28.34],[97.289,28.237],[97.322,28.218],[97.31,28.155],[97.303,28.086],[97.339,28.031],[97.344,27.982],[97.335,27.938],[97.306,27.907],[97.226,27.89],[97.158,27.837],[97.05,27.76],[96.963,27.698],[96.9,27.644],[96.877,27.587],[96.884,27.515],[96.902,27.44],[97.104,27.163],[97.102,27.115],[97.038,27.102],[96.953,27.133],[96.88,27.178],[96.798,27.296],[96.732,27.331],[96.666,27.339],[96.274,27.278],[96.191,27.261],[96.061,27.217],[95.971,27.128],[95.905,27.047],[95.837,27.014],[95.738,26.95],[95.464,26.756],[95.305,26.672],[95.201,26.641],[95.129,26.597],[95.089,26.525],[95.06,26.474],[95.051,26.347],[95.069,26.191],[95.108,26.091],[95.129,26.07],[95.132,26.041],[95.093,25.987],[95.041,25.941],[95.015,25.913],[94.992,25.77],[94.946,25.7],[94.861,25.597],[94.786,25.519],[94.668,25.459],[94.623,25.41],[94.58,25.32],[94.554,25.243],[94.553,25.216],[94.567,25.192],[94.616,25.165],[94.675,25.139],[94.704,25.098],[94.708,25.049],[94.663,24.931],[94.584,24.767],[94.493,24.638],[94.399,24.514],[94.377,24.474],[94.293,24.322],[94.22,24.113],[94.17,23.973],[94.128,23.876],[94.075,23.872],[94.011,23.903],[93.855,23.944],[93.756,23.977],[93.683,24.007],[93.633,24.005],[93.564,23.986],[93.494,23.973],[93.452,23.987],[93.356,24.074],[93.326,24.064],[93.307,24.022],[93.373,23.774],[93.415,23.682],[93.408,23.528],[93.391,23.339],[93.366,23.133],[93.349,23.085],[93.308,23.03],[93.254,23.015],[93.204,23.037],[93.164,23.032],[93.151,22.997],[93.162,22.908],[93.114,22.806],[93.079,22.718],[93.088,22.633],[93.105,22.547],[93.162,22.36],[93.162,22.292],[93.151,22.231],[93.121,22.205],[93.071,22.209],[93.043,22.184],[93.022,22.146],[92.965,22.004],[92.909,21.989],[92.854,22.01],[92.771,22.105],[92.721,22.132],[92.689,22.131],[92.675,22.106],[92.653,22.049],[92.63,22.011],[92.575,21.978],[92.561,22.048],[92.532,22.41],[92.51,22.526],[92.491,22.685],[92.464,22.734],[92.43,22.822],[92.393,22.897],[92.362,22.929],[92.341,23.07],[92.334,23.242],[92.334,23.324],[92.289,23.492],[92.246,23.684],[92.187,23.676],[92.152,23.722],[92.127,23.721],[92.044,23.678],[91.979,23.692],[91.93,23.686],[91.929,23.598],[91.938,23.505],[91.919,23.471],[91.79,23.361],[91.754,23.287],[91.758,23.21],[91.774,23.106],[91.751,23.054],[91.695,23.005],[91.62,22.98],[91.554,22.992],[91.511,23.034],[91.471,23.141],[91.436,23.2],[91.399,23.214],[91.371,23.198],[91.367,23.13],[91.369,23.075],[91.359,23.068],[91.339,23.077],[91.315,23.104],[91.254,23.374],[91.166,23.581],[91.16,23.661],[91.192,23.763],[91.232,23.92],[91.336,24.019],[91.35,24.06],[91.367,24.094],[91.393,24.1],[91.526,24.091],[91.571,24.107],[91.611,24.153],[91.669,24.19],[91.727,24.205],[91.772,24.211],[91.846,24.175],[91.877,24.195],[91.899,24.261],[91.931,24.326],[91.952,24.357],[92.001,24.371],[92.064,24.374],[92.085,24.386],[92.102,24.408],[92.117,24.494],[92.198,24.686],[92.227,24.771],[92.231,24.786],[92.228,24.881],[92.251,24.895],[92.385,24.849],[92.443,24.849],[92.475,24.869],[92.485,24.903],[92.468,24.944],[92.373,25.015],[92.205,25.111],[92.05,25.169],[91.763,25.161],[91.48,25.142],[91.397,25.152],[91.293,25.178],[91.038,25.174],[90.73,25.159],[90.613,25.168],[90.555,25.167],[90.439,25.158],[90.25,25.185],[90.12,25.22],[90.004,25.258],[89.866,25.293],[89.833,25.293],[89.814,25.305],[89.801,25.336],[89.796,25.376],[89.825,25.56],[89.8,25.84],[89.823,25.941],[89.71,26.171],[89.671,26.214],[89.619,26.216],[89.586,26.186],[89.573,26.132],[89.591,26.072],[89.55,26.005],[89.467,25.984],[89.37,26.006],[89.289,26.038],[89.186,26.106],[89.108,26.202],[89.102,26.308],[89.067,26.377],[89.019,26.41],[88.983,26.42],[88.952,26.412],[88.924,26.375],[88.948,26.338],[88.982,26.286],[88.97,26.251],[88.941,26.245],[88.896,26.26],[88.828,26.252],[88.762,26.279],[88.722,26.282],[88.683,26.292],[88.681,26.353],[88.62,26.431],[88.518,26.518],[88.418,26.572],[88.37,26.564],[88.346,26.505],[88.351,26.483],[88.386,26.472],[88.437,26.437],[88.448,26.401],[88.44,26.369],[88.378,26.312],[88.334,26.258],[88.235,26.178],[88.151,26.087],[88.129,26.018],[88.097,25.956],[88.085,25.888],[88.107,25.841],[88.147,25.811],[88.253,25.79],[88.363,25.698],[88.452,25.574],[88.502,25.537],[88.593,25.495],[88.769,25.49],[88.795,25.456],[88.82,25.366],[88.855,25.334],[88.944,25.291],[88.952,25.259],[88.93,25.223],[88.89,25.194],[88.817,25.176],[88.748,25.169],[88.678,25.18],[88.574,25.188],[88.456,25.188],[88.373,24.962],[88.313,24.882],[88.279,24.882],[88.189,24.921],[88.15,24.915],[88.045,24.713],[88.03,24.664],[88.023,24.628],[88.079,24.55],[88.146,24.486],[88.225,24.461],[88.287,24.48],[88.338,24.454],[88.397,24.389],[88.499,24.347],[88.642,24.326],[88.724,24.275],[88.734,24.231],[88.727,24.186],[88.714,24.07],[88.7,24.003],[88.623,23.826],[88.567,23.674],[88.596,23.602],[88.616,23.573],[88.636,23.55],[88.698,23.493],[88.741,23.437],[88.704,23.293],[88.724,23.255],[88.808,23.23],[88.897,23.21],[88.928,23.187],[88.851,23.041],[88.867,22.939],[88.9,22.844],[88.923,22.688],[88.927,22.671],[88.921,22.632],[88.971,22.511],[89.05,22.275],[89.056,22.186],[89.051,22.093],[89.028,21.937],[88.949,21.938],[89.02,21.834],[89.042,21.759],[89.052,21.654],[88.967,21.641],[88.907,21.653],[88.858,21.745],[88.834,21.661],[88.745,21.584],[88.713,21.622],[88.695,21.662],[88.691,21.733],[88.74,22.005],[88.73,22.036],[88.708,22.056],[88.66,22.067],[88.642,22.122],[88.567,21.832],[88.6,21.714],[88.585,21.66],[88.446,21.614],[88.305,21.723],[88.287,21.758],[88.279,21.697],[88.254,21.622],[88.122,21.636],[88.057,21.694],[88.099,21.794],[88.181,22.033],[88.196,22.14],[88.087,22.218],[87.994,22.266],[87.941,22.374],[87.962,22.255],[88.011,22.213],[88.083,22.183],[88.159,22.122],[88.104,22.047],[88.051,22.001],[87.948,21.825],[87.824,21.727],[87.678,21.654],[87.201,21.545],[87.101,21.501],[86.954,21.365],[86.86,21.237],[86.842,21.106],[86.896,20.966],[86.939,20.745],[86.975,20.7],[86.925,20.62],[86.836,20.534],[86.763,20.419],[86.769,20.356],[86.75,20.313],[86.499,20.172],[86.446,20.089],[86.377,20.007],[86.294,20.054],[86.245,20.053],[86.312,19.988],[86.303,19.945],[86.279,19.919],[86.216,19.896],[85.853,19.792],[85.575,19.693],[85.497,19.697],[85.511,19.727],[85.56,19.753],[85.555,19.867],[85.504,19.888],[85.46,19.896],[85.249,19.758],[85.163,19.621],[85.181,19.595],[85.229,19.601],[85.371,19.679],[85.437,19.657],[85.442,19.627],[85.226,19.508],[84.771,19.125],[84.75,19.05],[84.691,18.965],[84.609,18.884],[84.463,18.69],[84.182,18.401],[84.104,18.293],[83.654,18.07],[83.572,18.004],[83.388,17.787],[83.198,17.609],[82.977,17.462],[82.593,17.274],[82.36,17.096],[82.287,16.978],[82.282,16.936],[82.307,16.879],[82.35,16.825],[82.36,16.783],[82.339,16.707],[82.327,16.664],[82.259,16.56],[82.142,16.485],[81.762,16.329],[81.712,16.334],[81.402,16.365],[81.286,16.337],[81.239,16.264],[81.132,15.962],[81.03,15.881],[80.993,15.809],[80.979,15.758],[80.918,15.76],[80.865,15.782],[80.826,15.766],[80.782,15.867],[80.708,15.888],[80.647,15.895],[80.385,15.793],[80.293,15.711],[80.101,15.324],[80.053,15.074],[80.099,14.798],[80.165,14.578],[80.179,14.478],[80.17,14.349],[80.136,14.287],[80.112,14.212],[80.144,14.059],[80.224,13.858],[80.244,13.773],[80.246,13.686],[80.307,13.485],[80.266,13.521],[80.233,13.606],[80.156,13.714],[80.062,13.606],[80.114,13.529],[80.29,13.437],[80.342,13.361],[80.229,12.69],[80.143,12.452],[80.037,12.296],[79.982,12.235],[79.858,11.989],[79.771,11.69],[79.754,11.575],[79.793,11.447],[79.749,11.371],[79.693,11.313],[79.799,11.339],[79.835,11.269],[79.849,11.197],[79.85,10.769],[79.838,10.323],[79.757,10.304],[79.667,10.3],[79.589,10.312],[79.532,10.33],[79.391,10.306],[79.315,10.257],[79.254,10.175],[79.258,10.035],[78.996,9.683],[78.94,9.566],[78.919,9.453],[78.953,9.394],[79.02,9.333],[79.107,9.309],[79.275,9.285],[79.356,9.252],[79.411,9.192],[79.213,9.256],[78.98,9.269],[78.421,9.105],[78.275,8.99],[78.192,8.891],[78.136,8.663],[78.126,8.511],[78.06,8.385],[77.77,8.19],[77.587,8.13],[77.518,8.078],[77.301,8.145],[77.066,8.316],[76.967,8.407],[76.617,8.847],[76.553,8.903],[76.483,9.091],[76.472,9.161],[76.452,9.189],[76.419,9.208],[76.403,9.237],[76.325,9.452],[76.292,9.676],[76.242,9.927],[76.285,9.91],[76.343,9.827],[76.372,9.707],[76.376,9.54],[76.42,9.52],[76.459,9.536],[76.346,9.922],[76.249,10.018],[76.223,10.024],[76.196,10.086],[76.193,10.164],[76.201,10.201],[76.123,10.327],[76.096,10.402],[75.923,10.784],[75.845,11.058],[75.724,11.362],[75.646,11.468],[75.525,11.703],[75.423,11.812],[75.315,11.958],[75.23,12.023],[75.197,12.058],[74.946,12.565],[74.868,12.845],[74.803,12.977],[74.771,13.077],[74.682,13.507],[74.682,13.584],[74.671,13.668],[74.608,13.85],[74.499,14.046],[74.467,14.169],[74.467,14.217],[74.397,14.407],[74.382,14.495],[74.335,14.575],[74.28,14.65],[74.223,14.709],[74.089,14.902],[74.041,14.949],[73.949,15.075],[73.884,15.306],[73.801,15.397],[73.932,15.397],[73.852,15.482],[73.814,15.539],[73.772,15.573],[73.833,15.659],[73.733,15.657],[73.68,15.709],[73.608,15.871],[73.476,16.054],[73.454,16.152],[73.338,16.46],[73.239,17.199],[73.149,17.527],[73.156,17.622],[73.047,17.907],[72.994,18.098],[72.972,18.259],[72.943,18.366],[72.917,18.576],[72.875,18.643],[72.871,18.683],[72.899,18.779],[72.977,18.927],[73.006,19.021],[72.972,19.153],[72.901,19.015],[72.835,18.976],[72.803,19.079],[72.803,19.219],[72.795,19.252],[72.812,19.299],[72.987,19.277],[72.788,19.363],[72.764,19.413],[72.756,19.451],[72.799,19.52],[72.727,19.578],[72.697,19.757],[72.676,19.798],[72.668,19.831],[72.709,20.078],[72.881,20.563],[72.894,20.673],[72.879,20.829],[72.841,20.952],[72.824,21.084],[72.814,21.117],[72.752,21.129],[72.692,21.178],[72.624,21.372],[72.687,21.436],[72.735,21.471],[72.668,21.456],[72.613,21.462],[72.718,21.551],[72.811,21.62],[73.022,21.7],[73.112,21.75],[72.979,21.705],[72.84,21.687],[72.543,21.697],[72.592,21.878],[72.644,21.938],[72.7,21.972],[72.617,21.962],[72.522,21.976],[72.553,22.16],[72.628,22.2],[72.709,22.207],[72.809,22.233],[72.702,22.264],[72.59,22.278],[72.456,22.248],[72.333,22.27],[72.183,22.27],[72.243,22.245],[72.306,22.189],[72.274,22.09],[72.244,22.028],[72.162,21.985],[72.094,21.92],[72.076,21.863],[72.037,21.823],[72.103,21.795],[72.171,21.774],[72.21,21.728],[72.257,21.661],[72.254,21.531],[72.077,21.224],[72.015,21.156],[71.571,20.971],[71.396,20.87],[71.025,20.739],[70.88,20.715],[70.719,20.74],[70.485,20.84],[70.127,21.095],[70.034,21.179],[69.748,21.506],[69.542,21.679],[69.385,21.84],[69.192,21.992],[69.009,22.197],[68.97,22.29],[68.983,22.385],[69.052,22.437],[69.131,22.416],[69.194,22.336],[69.239,22.3],[69.277,22.285],[69.549,22.408],[69.655,22.404],[69.728,22.465],[69.819,22.452],[70.006,22.548],[70.084,22.554],[70.177,22.573],[70.328,22.816],[70.44,22.97],[70.513,23.002],[70.509,23.04],[70.489,23.09],[70.435,23.077],[70.396,23.03],[70.368,22.973],[70.339,22.94],[70.251,22.971],[70.192,22.966],[70.118,22.947],[69.85,22.856],[69.74,22.775],[69.665,22.759],[69.236,22.849],[68.817,23.054],[68.641,23.19],[68.529,23.364],[68.417,23.571],[68.454,23.629],[68.627,23.754],[68.777,23.852],[68.642,23.808],[68.497,23.748],[68.425,23.706],[68.343,23.617],[68.235,23.597],[68.192,23.729],[68.165,23.857]]],[[[93.89,6.831],[93.829,6.749],[93.709,7.001],[93.658,7.016],[93.656,7.136],[93.684,7.184],[93.822,7.237],[93.859,7.207],[93.93,6.973],[93.89,6.831]]],[[[93.734,7.356],[93.638,7.262],[93.597,7.319],[93.614,7.358],[93.655,7.38],[93.692,7.411],[93.734,7.356]]],[[[93.141,8.25],[93.171,8.212],[93.115,8.219],[93.064,8.275],[93.078,8.328],[93.097,8.349],[93.141,8.25]]],[[[93.443,7.878],[93.365,7.877],[93.342,7.919],[93.309,7.964],[93.334,8.007],[93.375,8.018],[93.434,7.948],[93.447,7.899],[93.443,7.878]]],[[[93.537,8.057],[93.49,8.019],[93.478,8.024],[93.472,8.053],[93.47,8.073],[93.461,8.109],[93.456,8.172],[93.494,8.225],[93.532,8.214],[93.512,8.16],[93.537,8.057]]],[[[92.787,9.137],[92.744,9.131],[92.717,9.165],[92.713,9.205],[92.739,9.231],[92.762,9.244],[92.786,9.241],[92.809,9.173],[92.787,9.137]]],[[[92.503,10.555],[92.473,10.521],[92.37,10.547],[92.377,10.651],[92.353,10.751],[92.371,10.794],[92.448,10.866],[92.51,10.897],[92.554,10.8],[92.574,10.704],[92.503,10.555]]],[[[92.693,11.381],[92.645,11.361],[92.596,11.386],[92.634,11.427],[92.64,11.509],[92.69,11.463],[92.687,11.411],[92.693,11.381]]],[[[92.723,11.536],[92.701,11.513],[92.668,11.539],[92.576,11.718],[92.56,11.833],[92.534,11.873],[92.567,11.931],[92.608,11.95],[92.632,12.014],[92.641,12.112],[92.676,12.192],[92.695,12.215],[92.769,12.216],[92.788,12.226],[92.778,12.303],[92.734,12.336],[92.719,12.357],[92.721,12.541],[92.732,12.616],[92.759,12.669],[92.74,12.78],[92.753,12.821],[92.807,12.879],[92.831,13.003],[92.809,13.04],[92.86,13.231],[92.857,13.358],[92.925,13.486],[93.029,13.544],[93.062,13.545],[93.067,13.436],[93.077,13.401],[93.016,13.336],[93.074,13.252],[93.066,13.222],[93.043,13.155],[93.005,13.089],[92.951,13.062],[92.91,12.975],[92.886,12.942],[92.965,12.85],[92.99,12.539],[92.933,12.453],[92.864,12.436],[92.879,12.228],[92.867,12.181],[92.799,12.079],[92.786,12.035],[92.748,11.993],[92.764,11.94],[92.797,11.918],[92.798,11.875],[92.767,11.765],[92.765,11.639],[92.723,11.536]]],[[[93.017,12.037],[93.062,11.899],[92.982,11.959],[92.955,12.002],[92.996,12.032],[93.017,12.037]]],[[[92.718,12.865],[92.686,12.8],[92.68,12.939],[92.694,12.957],[92.711,12.962],[92.731,12.949],[92.718,12.865]]]]}},{"type":"Feature","properties":{"iso_a3":"JPN","name":"Japan"},"geometry":{"type":"MultiPolygon","coordinates":[[[[133.371,36.204],[133.325,36.167],[133.239,36.179],[133.19,36.233],[133.206,36.293],[133.296,36.34],[133.381,36.246],[133.371,36.204]]],[[[138.344,37.822],[138.249,37.82],[138.225,37.829],[138.283,37.854],[138.288,37.896],[138.322,37.97],[138.322,37.991],[138.246,37.995],[138.25,38.078],[138.306,38.161],[138.461,38.291],[138.504,38.316],[138.51,38.259],[138.463,38.124],[138.454,38.076],[138.575,38.066],[138.497,37.904],[138.344,37.822]]],[[[134.933,34.288],[134.824,34.203],[134.731,34.209],[134.683,34.247],[134.668,34.294],[134.757,34.368],[134.834,34.473],[134.904,34.519],[134.961,34.545],[135.005,34.544],[134.905,34.398],[134.933,34.288]]],[[[130.623,30.263],[130.508,30.241],[130.446,30.265],[130.388,30.388],[130.497,30.466],[130.644,30.389],[130.673,30.367],[130.623,30.263]]],[[[130.96,30.397],[130.872,30.386],[130.87,30.444],[130.94,30.575],[130.947,30.671],[131.012,30.792],[131.04,30.819],[131.06,30.828],[131.083,30.791],[131.057,30.642],[130.993,30.53],[130.96,30.397]]],[[[130.083,32.23],[130.004,32.194],[129.993,32.228],[129.96,32.244],[130.017,32.292],[130.015,32.314],[129.979,32.346],[130.021,32.469],[130.01,32.522],[130.168,32.541],[130.197,32.492],[130.2,32.341],[130.083,32.23]]],[[[129.279,34.123],[129.214,34.083],[129.186,34.145],[129.215,34.321],[129.337,34.285],[129.335,34.231],[129.279,34.123]]],[[[129.386,34.354],[129.365,34.306],[129.297,34.34],[129.267,34.37],[129.329,34.522],[129.322,34.579],[129.326,34.607],[129.451,34.687],[129.472,34.671],[129.48,34.649],[129.469,34.616],[129.475,34.54],[129.381,34.416],[129.386,34.354]]],[[[128.665,32.784],[128.704,32.757],[128.761,32.772],[128.806,32.776],[128.839,32.763],[128.879,32.693],[128.895,32.652],[128.821,32.646],[128.79,32.637],[128.75,32.586],[128.693,32.605],[128.657,32.628],[128.649,32.662],[128.665,32.784]]],[[[130.381,32.424],[130.293,32.419],[130.256,32.431],[130.242,32.463],[130.365,32.527],[130.461,32.516],[130.419,32.458],[130.381,32.424]]],[[[141.073,45.333],[141.034,45.269],[140.982,45.364],[140.972,45.465],[141.002,45.465],[141.057,45.45],[141.07,45.4],[141.073,45.333]]],[[[141.295,45.119],[141.226,45.112],[141.145,45.154],[141.135,45.206],[141.194,45.248],[141.252,45.232],[141.31,45.179],[141.329,45.15],[141.295,45.119]]],[[[139.481,42.081],[139.458,42.076],[139.435,42.084],[139.412,42.16],[139.431,42.2],[139.496,42.227],[139.558,42.235],[139.505,42.096],[139.481,42.081]]],[[[134.352,34.484],[134.333,34.464],[134.315,34.469],[134.252,34.423],[134.238,34.467],[134.188,34.496],[134.182,34.519],[134.326,34.534],[134.372,34.522],[134.352,34.484]]],[[[139.456,34.727],[139.446,34.68],[139.392,34.69],[139.367,34.721],[139.37,34.775],[139.426,34.776],[139.456,34.727]]],[[[129.077,32.84],[129.052,32.829],[129.02,32.92],[128.997,32.952],[129.035,32.969],[129.11,33.133],[129.124,33.068],[129.153,33.003],[129.182,32.993],[129.154,32.946],[129.112,32.929],[129.077,32.84]]],[[[129.492,33.223],[129.421,33.176],[129.37,33.176],[129.417,33.231],[129.423,33.257],[129.462,33.331],[129.538,33.358],[129.57,33.361],[129.508,33.284],[129.492,33.223]]],[[[129.796,33.749],[129.727,33.707],[129.675,33.74],[129.7,33.829],[129.717,33.858],[129.776,33.829],[129.796,33.749]]],[[[132.578,34.115],[132.549,34.075],[132.461,34.087],[132.496,34.122],[132.524,34.164],[132.543,34.173],[132.56,34.127],[132.578,34.115]]],[[[132.266,33.945],[132.315,33.909],[132.43,33.924],[132.445,33.913],[132.411,33.88],[132.36,33.847],[132.267,33.871],[132.209,33.873],[132.201,33.928],[132.208,33.948],[132.266,33.945]]],[[[129.718,31.657],[129.687,31.64],[129.707,31.718],[129.787,31.787],[129.794,31.742],[129.718,31.657]]],[[[142.188,26.617],[142.17,26.616],[142.107,26.722],[142.125,26.726],[142.162,26.71],[142.202,26.649],[142.188,26.617]]],[[[143.824,44.117],[143.95,44.112],[144.005,44.117],[144.101,44.102],[144.482,43.95],[144.597,43.93],[144.715,43.928],[144.799,43.94],[144.872,43.982],[145.102,44.166],[145.343,44.334],[145.37,44.327],[145.37,44.281],[145.352,44.23],[145.245,44.076],[145.126,43.869],[145.101,43.765],[145.14,43.663],[145.214,43.578],[145.273,43.463],[145.341,43.303],[145.436,43.282],[145.488,43.28],[145.583,43.328],[145.674,43.389],[145.751,43.396],[145.833,43.386],[145.726,43.343],[145.624,43.291],[145.537,43.193],[145.505,43.174],[145.405,43.18],[145.347,43.177],[145.23,43.135],[145.127,43.089],[145.029,43.032],[144.921,43.001],[144.807,42.994],[144.631,42.947],[144.516,42.944],[144.302,42.984],[144.197,42.974],[143.969,42.881],[143.762,42.748],[143.581,42.599],[143.429,42.419],[143.369,42.325],[143.332,42.22],[143.327,42.151],[143.314,42.084],[143.279,42.038],[143.237,42.0],[143.112,42.022],[142.906,42.118],[142.508,42.258],[142.088,42.472],[141.851,42.579],[141.407,42.547],[140.986,42.342],[140.948,42.36],[140.788,42.5],[140.71,42.556],[140.617,42.571],[140.548,42.57],[140.48,42.559],[140.385,42.487],[140.351,42.435],[140.324,42.376],[140.315,42.334],[140.327,42.293],[140.417,42.201],[140.528,42.132],[140.578,42.119],[140.684,42.123],[140.734,42.116],[140.912,41.978],[141.108,41.848],[141.151,41.805],[141.079,41.76],[141.0,41.737],[140.908,41.743],[140.816,41.76],[140.66,41.816],[140.593,41.769],[140.489,41.672],[140.432,41.567],[140.385,41.519],[140.27,41.456],[140.149,41.423],[140.085,41.434],[140.037,41.474],[140.009,41.521],[139.995,41.576],[140.021,41.696],[140.084,41.803],[140.108,41.913],[140.057,42.067],[140.024,42.1],[139.895,42.19],[139.835,42.278],[139.821,42.388],[139.829,42.448],[139.86,42.582],[139.891,42.649],[139.951,42.671],[140.015,42.685],[140.115,42.733],[140.224,42.796],[140.329,42.867],[140.432,42.954],[140.486,43.05],[140.397,43.167],[140.379,43.237],[140.392,43.303],[140.487,43.338],[140.585,43.312],[140.781,43.215],[140.819,43.205],[140.954,43.201],[141.138,43.18],[141.245,43.185],[141.296,43.2],[141.374,43.28],[141.412,43.381],[141.398,43.513],[141.398,43.643],[141.447,43.749],[141.601,43.919],[141.645,44.019],[141.661,44.264],[141.716,44.371],[141.761,44.483],[141.782,44.716],[141.719,44.941],[141.656,45.051],[141.583,45.156],[141.594,45.256],[141.653,45.349],[141.654,45.377],[141.668,45.401],[141.778,45.419],[141.829,45.439],[141.879,45.483],[141.938,45.51],[141.981,45.483],[142.016,45.438],[142.172,45.326],[142.416,45.125],[142.704,44.819],[142.885,44.67],[143.075,44.535],[143.289,44.397],[143.512,44.278],[143.655,44.221],[143.759,44.132],[143.824,44.117]]],[[[131.175,33.603],[131.309,33.573],[131.366,33.571],[131.419,33.584],[131.499,33.624],[131.583,33.652],[131.643,33.638],[131.696,33.603],[131.724,33.554],[131.711,33.502],[131.616,33.392],[131.537,33.274],[131.717,33.252],[131.897,33.255],[131.855,33.182],[131.848,33.118],[131.903,33.088],[131.949,33.047],[131.937,33.01],[131.91,32.974],[132.009,32.919],[132.002,32.882],[131.977,32.844],[131.732,32.593],[131.66,32.466],[131.61,32.325],[131.565,32.223],[131.531,32.117],[131.506,32.002],[131.46,31.883],[131.475,31.778],[131.46,31.671],[131.337,31.405],[131.25,31.41],[131.14,31.442],[131.071,31.437],[131.035,31.378],[131.098,31.256],[130.902,31.112],[130.686,31.015],[130.684,31.059],[130.704,31.094],[130.736,31.122],[130.758,31.156],[130.79,31.269],[130.774,31.383],[130.709,31.526],[130.704,31.577],[130.749,31.598],[130.78,31.604],[130.796,31.624],[130.797,31.671],[130.776,31.706],[130.715,31.718],[130.655,31.718],[130.613,31.665],[130.556,31.563],[130.528,31.46],[130.54,31.403],[130.566,31.352],[130.645,31.267],[130.621,31.218],[130.589,31.179],[130.311,31.267],[130.251,31.273],[130.201,31.292],[130.147,31.408],[130.261,31.437],[130.294,31.451],[130.307,31.488],[130.322,31.601],[130.269,31.696],[130.224,31.73],[130.188,31.769],[130.211,31.849],[130.196,31.95],[130.194,32.091],[130.214,32.115],[130.319,32.144],[130.395,32.219],[130.462,32.305],[130.56,32.456],[130.641,32.619],[130.563,32.626],[130.498,32.657],[130.569,32.734],[130.547,32.832],[130.44,32.951],[130.382,33.093],[130.287,33.155],[130.238,33.178],[130.177,33.145],[130.127,33.105],[130.173,33.013],[130.168,32.932],[130.175,32.851],[130.222,32.847],[130.28,32.867],[130.326,32.853],[130.354,32.81],[130.361,32.756],[130.34,32.702],[130.298,32.675],[130.246,32.677],[130.193,32.706],[130.152,32.748],[130.054,32.771],[129.951,32.722],[129.853,32.622],[129.769,32.571],[129.808,32.645],[129.827,32.725],[129.786,32.782],[129.69,32.875],[129.668,32.929],[129.662,32.995],[129.679,33.06],[129.778,32.986],[129.828,32.893],[129.901,32.852],[129.992,32.852],[129.922,32.988],[129.897,33.022],[129.799,33.084],[129.665,33.187],[129.58,33.236],[129.61,33.344],[129.66,33.365],[129.702,33.36],[129.844,33.322],[129.858,33.375],[129.837,33.404],[129.826,33.437],[129.919,33.483],[130.072,33.522],[130.103,33.54],[130.131,33.578],[130.168,33.598],[130.275,33.598],[130.365,33.634],[130.439,33.734],[130.457,33.789],[130.484,33.835],[130.67,33.915],[130.716,33.928],[130.84,33.918],[130.953,33.872],[131.009,33.776],[131.058,33.673],[131.175,33.603]]],[[[134.357,34.256],[134.496,34.215],[134.637,34.227],[134.635,34.044],[134.655,33.983],[134.695,33.928],[134.675,33.848],[134.739,33.821],[134.549,33.729],[134.377,33.608],[134.307,33.527],[134.243,33.439],[134.206,33.347],[134.182,33.247],[134.124,33.287],[133.959,33.448],[133.854,33.493],[133.686,33.516],[133.632,33.511],[133.286,33.36],[133.24,33.25],[133.146,33.083],[133.101,33.028],[133.051,33.012],[133.016,32.984],[132.977,32.842],[132.87,32.755],[132.804,32.752],[132.692,32.776],[132.642,32.762],[132.709,32.902],[132.602,32.92],[132.495,32.917],[132.493,33.008],[132.428,33.059],[132.476,33.126],[132.477,33.181],[132.505,33.211],[132.515,33.255],[132.511,33.293],[132.445,33.305],[132.405,33.331],[132.413,33.43],[132.375,33.434],[132.281,33.417],[132.086,33.34],[132.033,33.34],[132.114,33.395],[132.288,33.47],[132.366,33.512],[132.536,33.633],[132.643,33.69],[132.699,33.791],[132.716,33.852],[132.752,33.906],[132.784,33.992],[132.839,34.021],[132.935,34.095],[132.99,34.088],[133.051,33.997],[133.134,33.927],[133.193,33.933],[133.299,33.969],[133.35,33.977],[133.472,33.973],[133.582,34.017],[133.627,34.069],[133.643,34.135],[133.603,34.244],[133.656,34.233],[133.706,34.237],[133.826,34.307],[133.948,34.348],[134.076,34.358],[134.219,34.319],[134.357,34.256]]],[[[141.229,41.373],[141.269,41.354],[141.455,41.405],[141.42,41.251],[141.4,41.096],[141.414,40.839],[141.43,40.723],[141.463,40.611],[141.542,40.531],[141.646,40.474],[141.797,40.291],[141.878,40.067],[141.935,39.958],[141.978,39.844],[141.991,39.792],[141.992,39.74],[141.979,39.668],[141.993,39.611],[141.977,39.429],[141.909,39.219],[141.901,39.111],[141.842,39.09],[141.807,39.04],[141.776,39.017],[141.742,39.0],[141.694,38.995],[141.659,38.975],[141.645,38.918],[141.622,38.865],[141.58,38.817],[141.546,38.763],[141.519,38.632],[141.509,38.498],[141.467,38.404],[141.368,38.38],[141.254,38.381],[141.108,38.338],[141.077,38.313],[140.962,38.149],[140.929,38.053],[140.928,37.95],[140.96,37.823],[141.003,37.698],[141.036,37.467],[141.002,37.115],[140.968,37.002],[140.895,36.926],[140.84,36.89],[140.792,36.847],[140.73,36.732],[140.627,36.503],[140.619,36.445],[140.619,36.386],[140.592,36.308],[140.574,36.231],[140.59,36.142],[140.622,36.059],[140.76,35.846],[140.813,35.783],[140.874,35.725],[140.639,35.661],[140.597,35.632],[140.457,35.51],[140.413,35.395],[140.417,35.267],[140.393,35.221],[140.355,35.181],[140.315,35.155],[140.159,35.096],[140.059,35.038],[139.96,34.947],[139.92,34.9],[139.844,34.915],[139.799,34.957],[139.843,35.01],[139.83,35.072],[139.851,35.232],[139.826,35.297],[139.906,35.345],[139.944,35.423],[140.027,35.485],[140.086,35.54],[140.097,35.585],[140.044,35.633],[139.988,35.668],[139.91,35.668],[139.835,35.658],[139.786,35.612],[139.77,35.55],[139.774,35.52],[139.768,35.495],[139.65,35.409],[139.666,35.319],[139.7,35.274],[139.744,35.252],[139.731,35.222],[139.675,35.149],[139.636,35.142],[139.564,35.243],[139.474,35.299],[139.363,35.298],[139.249,35.278],[139.163,35.211],[139.134,35.155],[139.116,35.097],[139.122,34.956],[139.086,34.839],[139.016,34.736],[138.983,34.698],[138.897,34.628],[138.838,34.619],[138.795,34.651],[138.761,34.699],[138.804,34.876],[138.803,34.975],[138.904,35.025],[138.821,35.096],[138.72,35.124],[138.577,35.086],[138.537,35.044],[138.51,34.987],[138.433,34.915],[138.349,34.848],[138.253,34.733],[138.189,34.596],[137.979,34.641],[137.864,34.651],[137.749,34.647],[137.543,34.664],[137.318,34.636],[137.062,34.583],[137.077,34.621],[137.288,34.704],[137.295,34.728],[137.275,34.773],[137.223,34.775],[137.097,34.759],[137.032,34.766],[137.006,34.814],[136.963,34.835],[136.935,34.815],[136.944,34.722],[136.913,34.709],[136.871,34.733],[136.885,34.806],[136.856,34.913],[136.853,34.979],[136.897,35.036],[136.852,35.06],[136.804,35.05],[136.744,35.023],[136.69,34.984],[136.577,34.79],[136.533,34.678],[136.616,34.589],[136.842,34.464],[136.88,34.434],[136.881,34.38],[136.854,34.324],[136.792,34.299],[136.544,34.258],[136.33,34.177],[136.268,34.095],[136.073,33.778],[135.916,33.562],[135.695,33.487],[135.453,33.553],[135.394,33.629],[135.347,33.722],[135.257,33.806],[135.175,33.898],[135.128,34.007],[135.135,34.183],[135.1,34.288],[135.132,34.317],[135.266,34.381],[135.309,34.417],[135.385,34.5],[135.412,34.547],[135.416,34.617],[135.355,34.654],[135.198,34.653],[135.042,34.631],[134.93,34.662],[134.785,34.747],[134.74,34.765],[134.584,34.771],[134.472,34.755],[134.363,34.724],[134.247,34.714],[134.208,34.698],[134.075,34.593],[133.968,34.527],[133.876,34.495],[133.678,34.486],[133.579,34.465],[133.474,34.43],[133.445,34.433],[133.336,34.385],[133.21,34.344],[133.142,34.302],[133.019,34.33],[132.775,34.255],[132.657,34.246],[132.534,34.287],[132.421,34.353],[132.313,34.325],[132.238,34.227],[132.202,34.032],[132.159,33.944],[132.146,33.839],[132.09,33.855],[131.763,34.045],[131.741,34.052],[131.476,34.019],[131.408,34.004],[131.323,33.965],[131.233,33.948],[131.15,33.976],[131.072,34.021],[130.996,34.007],[130.919,33.976],[130.889,34.262],[130.904,34.3],[130.952,34.35],[131.004,34.393],[131.132,34.407],[131.262,34.393],[131.354,34.413],[131.433,34.47],[131.515,34.55],[131.608,34.615],[131.734,34.667],[131.856,34.726],[131.963,34.809],[132.065,34.9],[132.158,34.967],[132.26,35.022],[132.414,35.156],[132.619,35.307],[132.698,35.418],[132.747,35.449],[132.923,35.511],[133.157,35.559],[133.267,35.557],[133.376,35.459],[133.435,35.472],[133.495,35.497],[133.615,35.511],[133.739,35.495],[133.86,35.495],[133.981,35.507],[134.214,35.539],[134.337,35.578],[134.456,35.628],[134.882,35.663],[135.174,35.747],[135.221,35.741],[135.265,35.722],[135.269,35.66],[135.232,35.592],[135.268,35.551],[135.327,35.526],[135.602,35.518],[135.68,35.503],[135.795,35.55],[135.903,35.607],[136.016,35.683],[136.095,35.768],[136.022,35.874],[136.006,35.991],[136.067,36.117],[136.156,36.223],[136.262,36.288],[136.359,36.362],[136.556,36.572],[136.698,36.742],[136.749,36.951],[136.719,37.198],[136.843,37.382],[136.962,37.414],[137.199,37.497],[137.323,37.522],[137.341,37.485],[137.338,37.437],[137.152,37.283],[137.046,37.22],[136.982,37.2],[136.924,37.172],[136.9,37.118],[136.994,37.027],[137.019,36.96],[137.013,36.895],[137.017,36.837],[137.124,36.774],[137.246,36.753],[137.298,36.754],[137.343,36.77],[137.483,36.925],[137.514,36.952],[137.913,37.065],[138.11,37.151],[138.218,37.173],[138.32,37.218],[138.548,37.392],[138.633,37.472],[138.709,37.561],[138.771,37.663],[138.819,37.775],[138.885,37.844],[139.247,38.009],[139.364,38.099],[139.401,38.143],[139.446,38.269],[139.477,38.4],[139.521,38.503],[139.58,38.599],[139.66,38.697],[139.749,38.788],[139.802,38.882],[139.879,39.105],[139.912,39.229],[139.939,39.273],[139.977,39.311],[140.011,39.358],[140.037,39.411],[140.048,39.464],[140.065,39.624],[140.055,39.749],[139.995,39.855],[139.945,39.885],[139.891,39.887],[139.81,39.878],[139.742,39.921],[139.755,39.959],[139.826,39.966],[139.874,39.986],[139.908,40.022],[139.972,40.137],[140.011,40.26],[140.014,40.315],[139.964,40.414],[139.924,40.534],[139.923,40.598],[139.967,40.673],[140.029,40.733],[140.085,40.747],[140.146,40.752],[140.201,40.775],[140.252,40.809],[140.281,40.846],[140.326,40.948],[140.344,41.006],[140.315,41.161],[140.344,41.203],[140.386,41.23],[140.441,41.21],[140.498,41.206],[140.564,41.212],[140.628,41.195],[140.64,41.156],[140.679,40.893],[140.702,40.858],[140.749,40.83],[140.801,40.834],[140.846,40.875],[140.876,40.93],[140.936,40.941],[141.119,40.882],[141.183,40.924],[141.225,40.988],[141.262,41.103],[141.244,41.206],[141.2,41.244],[141.155,41.237],[141.115,41.208],[141.07,41.193],[140.801,41.139],[140.802,41.254],[140.86,41.425],[140.892,41.48],[140.937,41.506],[141.05,41.476],[141.106,41.456],[141.229,41.373]]],[[[124.293,24.516],[124.234,24.358],[124.186,24.335],[124.136,24.348],[124.085,24.436],[124.12,24.47],[124.17,24.452],[124.211,24.459],[124.302,24.587],[124.324,24.566],[124.293,24.516]]],[[[123.889,24.28],[123.826,24.266],[123.75,24.283],[123.681,24.288],[123.68,24.318],[123.752,24.348],[123.754,24.391],[123.771,24.414],[123.935,24.362],[123.928,24.324],[123.889,24.28]]],[[[125.444,24.743],[125.359,24.717],[125.269,24.733],[125.284,24.872],[125.315,24.852],[125.335,24.805],[125.402,24.777],[125.444,24.743]]],[[[128.259,26.653],[128.162,26.607],[128.127,26.552],[128.038,26.534],[127.951,26.456],[127.867,26.442],[127.869,26.381],[127.905,26.328],[127.849,26.319],[127.79,26.255],[127.786,26.209],[127.806,26.171],[127.804,26.153],[127.729,26.097],[127.653,26.095],[127.65,26.154],[127.655,26.199],[127.727,26.308],[127.729,26.434],[127.796,26.449],[127.82,26.466],[127.926,26.556],[127.946,26.594],[127.891,26.631],[127.895,26.675],[127.907,26.694],[127.994,26.679],[128.03,26.647],[128.047,26.643],[128.098,26.668],[128.122,26.711],[128.217,26.797],[128.255,26.882],[128.332,26.812],[128.311,26.721],[128.259,26.653]]],[[[128.998,27.721],[128.956,27.702],[128.9,27.728],[128.883,27.842],[128.908,27.898],[128.952,27.91],[128.99,27.811],[129.016,27.77],[128.998,27.721]]],[[[129.453,28.209],[129.366,28.128],[129.275,28.201],[129.165,28.25],[129.217,28.263],[129.248,28.283],[129.251,28.314],[129.322,28.36],[129.465,28.395],[129.51,28.398],[129.561,28.431],[129.577,28.461],[129.598,28.476],[129.69,28.517],[129.715,28.47],[129.71,28.432],[129.642,28.411],[129.575,28.361],[129.513,28.299],[129.457,28.272],[129.439,28.255],[129.453,28.209]]],[[[129.324,28.105],[129.331,28.082],[129.232,28.101],[129.192,28.192],[129.257,28.176],[129.277,28.145],[129.324,28.105]]],[[[139.841,33.056],[139.824,33.045],[139.776,33.078],[139.769,33.107],[139.777,33.125],[139.809,33.129],[139.874,33.094],[139.841,33.056]]]]}},{"type":"Feature","properties":{"iso_a3":"PAK","name":"Pakistan"},"geometry":{"type":"MultiPolygon","coordinates":[[[[76.767,35.662],[76.813,35.572],[76.882,35.436],[76.928,35.347],[76.979,35.246],[77.004,35.196],[77.049,35.11],[77.031,35.062],[77.001,34.992],[76.892,34.939],[76.783,34.9],[76.758,34.878],[76.749,34.848],[76.696,34.787],[76.594,34.736],[76.51,34.741],[76.457,34.756],[76.172,34.668],[76.041,34.67],[75.938,34.613],[75.862,34.56],[75.709,34.503],[75.606,34.503],[75.453,34.537],[75.264,34.601],[75.188,34.639],[75.118,34.637],[74.952,34.646],[74.789,34.678],[74.594,34.716],[74.498,34.732],[74.3,34.765],[74.172,34.721],[74.056,34.681],[73.961,34.653],[73.883,34.529],[73.85,34.485],[73.812,34.422],[73.795,34.378],[73.81,34.325],[73.925,34.288],[73.972,34.237],[73.979,34.191],[73.938,34.145],[73.904,34.108],[73.904,34.076],[73.922,34.043],[73.95,34.019],[74.113,34.004],[74.209,34.003],[74.246,33.99],[74.251,33.946],[74.216,33.887],[74.078,33.839],[74.001,33.788],[73.976,33.721],[73.978,33.668],[74.004,33.632],[74.07,33.592],[74.131,33.545],[74.15,33.507],[74.143,33.455],[74.118,33.384],[74.05,33.301],[73.994,33.242],[73.99,33.221],[74.004,33.189],[74.049,33.143],[74.126,33.075],[74.222,33.02],[74.284,33.005],[74.304,32.992],[74.323,32.928],[74.33,32.861],[74.305,32.81],[74.355,32.769],[74.483,32.771],[74.588,32.753],[74.632,32.771],[74.663,32.758],[74.643,32.608],[74.658,32.519],[74.686,32.494],[74.789,32.458],[74.987,32.462],[75.104,32.42],[75.234,32.372],[75.303,32.319],[75.333,32.279],[75.325,32.215],[75.254,32.14],[75.139,32.105],[75.071,32.089],[74.739,31.949],[74.636,31.89],[74.556,31.819],[74.526,31.765],[74.51,31.713],[74.582,31.524],[74.594,31.465],[74.535,31.261],[74.518,31.186],[74.54,31.133],[74.61,31.113],[74.626,31.069],[74.633,31.035],[74.51,30.96],[74.38,30.893],[74.339,30.894],[74.216,30.769],[74.009,30.52],[73.899,30.435],[73.892,30.394],[73.883,30.352],[73.925,30.282],[73.933,30.222],[73.887,30.162],[73.809,30.093],[73.658,30.033],[73.467,29.972],[73.382,29.934],[73.317,29.773],[73.258,29.611],[73.231,29.551],[73.128,29.364],[72.949,29.089],[72.903,29.029],[72.626,28.896],[72.342,28.752],[72.292,28.697],[72.234,28.566],[72.179,28.422],[72.129,28.346],[71.948,28.177],[71.889,28.047],[71.87,27.962],[71.717,27.915],[71.543,27.87],[71.29,27.855],[71.185,27.832],[70.875,27.714],[70.798,27.71],[70.737,27.729],[70.692,27.769],[70.649,27.835],[70.629,27.937],[70.569,27.984],[70.489,28.023],[70.404,28.025],[70.318,27.982],[70.244,27.934],[70.194,27.895],[70.145,27.849],[70.05,27.695],[69.896,27.474],[69.725,27.313],[69.661,27.265],[69.622,27.228],[69.568,27.175],[69.537,27.123],[69.495,26.954],[69.47,26.804],[69.481,26.771],[69.507,26.743],[69.601,26.699],[69.736,26.627],[69.911,26.586],[70.059,26.579],[70.115,26.548],[70.148,26.506],[70.157,26.471],[70.149,26.348],[70.133,26.215],[70.078,26.072],[70.079,25.99],[70.1,25.91],[70.265,25.707],[70.325,25.686],[70.449,25.681],[70.506,25.685],[70.57,25.706],[70.615,25.692],[70.648,25.667],[70.657,25.626],[70.652,25.423],[70.703,25.331],[70.8,25.206],[70.878,25.063],[70.951,24.892],[71.021,24.758],[71.048,24.688],[71.002,24.654],[70.976,24.619],[70.97,24.572],[70.979,24.522],[70.973,24.487],[71.006,24.444],[71.045,24.43],[71.044,24.4],[70.983,24.361],[70.928,24.362],[70.886,24.344],[70.805,24.262],[70.767,24.245],[70.716,24.238],[70.659,24.246],[70.579,24.279],[70.556,24.331],[70.565,24.386],[70.547,24.418],[70.489,24.412],[70.289,24.356],[70.098,24.288],[70.065,24.241],[70.021,24.192],[69.934,24.171],[69.805,24.165],[69.716,24.173],[69.634,24.225],[69.559,24.273],[69.443,24.275],[69.235,24.268],[69.12,24.269],[69.052,24.286],[68.985,24.273],[68.901,24.292],[68.863,24.267],[68.828,24.264],[68.8,24.309],[68.781,24.314],[68.759,24.307],[68.74,24.292],[68.728,24.266],[68.724,23.965],[68.587,23.967],[68.489,23.967],[68.381,23.951],[68.283,23.928],[68.234,23.901],[68.165,23.857],[68.149,23.797],[68.116,23.753],[68.068,23.818],[68.037,23.848],[68.001,23.826],[67.951,23.829],[67.86,23.903],[67.819,23.828],[67.668,23.811],[67.65,23.867],[67.646,23.92],[67.563,23.882],[67.504,23.94],[67.477,24.018],[67.454,24.04],[67.428,24.065],[67.365,24.092],[67.309,24.175],[67.304,24.263],[67.289,24.368],[67.171,24.756],[67.101,24.792],[66.703,24.861],[66.682,24.929],[66.71,25.111],[66.699,25.226],[66.57,25.379],[66.534,25.484],[66.429,25.575],[66.324,25.602],[66.219,25.59],[66.162,25.554],[66.131,25.493],[66.356,25.507],[66.407,25.485],[66.468,25.445],[66.403,25.447],[66.328,25.466],[66.235,25.464],[65.884,25.42],[65.68,25.355],[65.406,25.374],[65.061,25.311],[64.777,25.307],[64.659,25.184],[64.594,25.206],[64.544,25.237],[64.152,25.333],[64.125,25.374],[64.059,25.403],[63.987,25.351],[63.936,25.343],[63.721,25.386],[63.557,25.353],[63.496,25.298],[63.491,25.211],[63.286,25.228],[63.17,25.255],[63.015,25.225],[62.665,25.265],[62.572,25.255],[62.445,25.197],[62.391,25.153],[62.315,25.135],[62.249,25.197],[62.199,25.225],[62.152,25.207],[62.089,25.155],[61.908,25.131],[61.744,25.138],[61.567,25.186],[61.588,25.202],[61.615,25.286],[61.64,25.585],[61.671,25.692],[61.662,25.751],[61.669,25.769],[61.738,25.821],[61.754,25.843],[61.781,25.996],[61.81,26.165],[61.842,26.226],[61.87,26.242],[62.089,26.318],[62.126,26.369],[62.239,26.357],[62.25,26.369],[62.26,26.427],[62.312,26.491],[62.385,26.543],[62.439,26.561],[62.636,26.594],[62.752,26.639],[62.787,26.644],[63.093,26.632],[63.158,26.65],[63.168,26.666],[63.186,26.838],[63.242,26.865],[63.25,26.879],[63.231,26.998],[63.242,27.078],[63.305,27.125],[63.302,27.151],[63.256,27.208],[63.196,27.244],[63.167,27.252],[62.915,27.218],[62.812,27.229],[62.763,27.25],[62.753,27.266],[62.763,27.3],[62.764,27.357],[62.801,27.445],[62.812,27.497],[62.782,27.801],[62.74,28.002],[62.763,28.202],[62.758,28.244],[62.749,28.253],[62.718,28.253],[62.565,28.235],[62.434,28.364],[62.353,28.415],[62.131,28.479],[62.033,28.491],[61.89,28.547],[61.758,28.668],[61.623,28.792],[61.569,28.871],[61.509,29.006],[61.338,29.265],[61.339,29.332],[61.318,29.373],[61.152,29.543],[61.034,29.663],[60.843,29.859],[61.224,29.749],[61.521,29.666],[62.001,29.53],[62.373,29.425],[62.477,29.408],[63.568,29.498],[63.971,29.43],[64.099,29.392],[64.118,29.414],[64.172,29.46],[64.266,29.507],[64.394,29.544],[64.521,29.565],[64.704,29.567],[64.827,29.564],[64.919,29.553],[65.096,29.559],[65.18,29.578],[65.471,29.652],[65.666,29.701],[65.962,29.779],[66.177,29.836],[66.231,29.866],[66.287,29.92],[66.313,29.969],[66.247,30.044],[66.238,30.11],[66.282,30.193],[66.305,30.321],[66.301,30.503],[66.287,30.608],[66.347,30.803],[66.397,30.912],[66.497,30.965],[66.567,30.997],[66.596,31.02],[66.624,31.046],[66.731,31.195],[66.829,31.264],[66.924,31.306],[67.028,31.3],[67.116,31.243],[67.287,31.218],[67.453,31.235],[67.596,31.278],[67.662,31.313],[67.738,31.344],[67.733,31.379],[67.647,31.41],[67.598,31.453],[67.578,31.506],[67.627,31.539],[67.74,31.548],[68.017,31.678],[68.13,31.763],[68.161,31.803],[68.214,31.807],[68.32,31.768],[68.443,31.754],[68.521,31.794],[68.598,31.803],[68.673,31.76],[68.714,31.708],[68.782,31.646],[68.869,31.634],[68.973,31.667],[69.083,31.738],[69.187,31.838],[69.279,31.937],[69.257,32.249],[69.241,32.434],[69.29,32.531],[69.359,32.59],[69.405,32.683],[69.405,32.764],[69.453,32.833],[69.502,33.02],[69.568,33.064],[69.704,33.095],[69.92,33.112],[70.09,33.198],[70.261,33.289],[70.284,33.369],[70.22,33.455],[70.134,33.621],[70.057,33.72],[69.868,33.898],[69.89,34.007],[69.995,34.052],[70.254,33.976],[70.326,33.961],[70.416,33.95],[70.654,33.952],[70.848,33.982],[71.052,34.05],[71.091,34.12],[71.089,34.204],[71.092,34.273],[71.096,34.369],[71.023,34.431],[70.979,34.486],[70.966,34.53],[71.016,34.555],[71.066,34.6],[71.113,34.682],[71.226,34.78],[71.294,34.868],[71.358,34.91],[71.455,34.967],[71.517,35.051],[71.546,35.101],[71.602,35.151],[71.621,35.183],[71.605,35.212],[71.577,35.248],[71.546,35.289],[71.546,35.329],[71.572,35.37],[71.601,35.408],[71.587,35.461],[71.572,35.547],[71.519,35.598],[71.484,35.715],[71.428,35.834],[71.398,35.88],[71.343,35.939],[71.22,36.001],[71.185,36.042],[71.233,36.122],[71.313,36.171],[71.463,36.293],[71.546,36.378],[71.621,36.436],[71.716,36.427],[71.773,36.432],[71.822,36.486],[71.921,36.534],[72.096,36.634],[72.157,36.701],[72.25,36.735],[72.327,36.742],[72.431,36.766],[72.531,36.802],[72.623,36.83],[72.766,36.835],[72.994,36.852],[73.117,36.869],[73.411,36.882],[73.732,36.888],[73.769,36.888],[73.908,36.853],[74.002,36.823],[74.039,36.826],[74.195,36.897],[74.431,36.984],[74.541,37.022],[74.601,37.037],[74.692,37.036],[74.766,37.013],[74.841,36.979],[74.889,36.952],[74.949,36.968],[75.054,36.987],[75.145,36.973],[75.347,36.913],[75.377,36.884],[75.424,36.738],[75.46,36.725],[75.574,36.759],[75.667,36.742],[75.772,36.695],[75.84,36.65],[75.885,36.601],[75.933,36.522],[75.952,36.458],[75.974,36.382],[75.969,36.169],[75.934,36.134],[75.905,36.088],[75.912,36.049],[75.945,36.018],[76.01,35.996],[76.071,35.983],[76.103,35.949],[76.148,35.829],[76.178,35.811],[76.252,35.811],[76.386,35.837],[76.502,35.878],[76.551,35.887],[76.563,35.773],[76.632,35.729],[76.728,35.679],[76.767,35.662]]]]}},{"type":"Feature","properties":{"iso_a3":"PHL","name":"Philippines"},"geometry":{"type":"MultiPolygon","coordinates":[[[[121.102,18.615],[121.254,18.563],[121.593,18.376],[121.717,18.33],[121.846,18.295],[121.948,18.285],[122.038,18.328],[122.077,18.372],[122.147,18.487],[122.221,18.501],[122.266,18.459],[122.3,18.403],[122.315,18.32],[122.294,18.234],[122.223,18.157],[122.179,18.064],[122.151,17.756],[122.152,17.664],[122.175,17.576],[122.237,17.435],[122.269,17.395],[122.362,17.345],[122.388,17.307],[122.393,17.238],[122.408,17.178],[122.468,17.155],[122.519,17.125],[122.5,17.058],[122.468,16.99],[122.426,16.823],[122.226,16.435],[122.214,16.352],[122.135,16.185],[121.975,16.158],[121.789,16.077],[121.685,16.015],[121.595,15.933],[121.561,15.827],[121.59,15.778],[121.609,15.726],[121.607,15.67],[121.579,15.623],[121.49,15.51],[121.452,15.417],[121.412,15.375],[121.392,15.324],[121.399,15.267],[121.435,15.216],[121.544,14.999],[121.661,14.79],[121.686,14.765],[121.695,14.737],[121.627,14.682],[121.628,14.581],[121.649,14.481],[121.752,14.234],[121.767,14.168],[121.8,14.114],[121.853,14.063],[121.912,14.02],[122.08,13.947],[122.144,13.933],[122.212,13.93],[122.228,13.979],[122.287,13.996],[122.274,14.045],[122.203,14.112],[122.2,14.148],[122.237,14.175],[122.283,14.191],[122.384,14.264],[122.491,14.322],[122.627,14.318],[122.761,14.285],[122.856,14.251],[122.934,14.188],[123.015,14.08],[123.071,13.96],[123.071,13.903],[123.057,13.845],[123.06,13.789],[123.102,13.75],[123.231,13.747],[123.297,13.836],[123.305,13.937],[123.259,13.975],[123.28,14.025],[123.32,14.062],[123.377,14.029],[123.432,13.966],[123.633,13.898],[123.684,13.897],[123.726,13.884],[123.816,13.837],[123.858,13.8],[123.806,13.722],[123.607,13.704],[123.55,13.646],[123.608,13.528],[123.704,13.432],[123.765,13.354],[123.819,13.269],[123.817,13.192],[123.785,13.111],[123.873,13.117],[123.955,13.1],[124.069,13.032],[124.105,13.025],[124.143,13.036],[124.137,12.791],[124.06,12.567],[123.962,12.595],[123.878,12.69],[123.895,12.805],[123.949,12.916],[123.918,12.94],[123.864,12.931],[123.802,12.906],[123.736,12.897],[123.627,12.912],[123.402,13.033],[123.311,13.044],[123.29,13.099],[123.296,13.216],[123.206,13.354],[123.192,13.403],[123.163,13.442],[122.896,13.592],[122.863,13.617],[122.781,13.737],[122.595,13.908],[122.543,13.925],[122.486,13.93],[122.468,13.887],[122.494,13.82],[122.504,13.763],[122.5,13.703],[122.508,13.657],[122.596,13.562],[122.609,13.517],[122.668,13.395],[122.675,13.253],[122.6,13.194],[122.515,13.26],[122.513,13.314],[122.498,13.364],[122.407,13.493],[122.377,13.521],[122.205,13.648],[122.073,13.788],[121.778,13.938],[121.743,13.946],[121.692,13.935],[121.643,13.916],[121.501,13.842],[121.451,13.791],[121.446,13.712],[121.344,13.649],[121.204,13.64],[121.096,13.679],[121.006,13.758],[120.932,13.762],[120.841,13.885],[120.729,13.901],[120.637,13.804],[120.617,13.995],[120.617,14.188],[120.643,14.244],[120.688,14.291],[120.922,14.493],[120.952,14.558],[120.941,14.645],[120.888,14.716],[120.804,14.759],[120.708,14.777],[120.638,14.816],[120.584,14.881],[120.547,14.766],[120.583,14.595],[120.589,14.483],[120.556,14.441],[120.496,14.44],[120.439,14.453],[120.396,14.493],[120.365,14.608],[120.284,14.684],[120.251,14.793],[120.214,14.809],[120.138,14.8],[120.082,14.851],[120.045,14.978],[120.037,15.115],[120.005,15.229],[119.959,15.34],[119.933,15.431],[119.892,15.838],[119.881,15.875],[119.86,15.906],[119.808,15.952],[119.769,16.008],[119.762,16.055],[119.773,16.255],[119.79,16.303],[119.831,16.327],[119.886,16.287],[119.93,16.239],[119.985,16.215],[120.033,16.185],[120.124,16.066],[120.16,16.048],[120.271,16.051],[120.337,16.066],[120.369,16.11],[120.389,16.161],[120.389,16.222],[120.325,16.4],[120.305,16.529],[120.304,16.645],[120.321,16.762],[120.409,16.956],[120.42,17.09],[120.412,17.27],[120.427,17.377],[120.425,17.438],[120.372,17.535],[120.358,17.638],[120.505,18.163],[120.551,18.264],[120.584,18.369],[120.6,18.508],[120.709,18.546],[120.814,18.603],[120.868,18.599],[120.925,18.585],[121.051,18.614],[121.102,18.615]]],[[[117.311,8.44],[117.219,8.367],[117.229,8.457],[117.256,8.541],[117.35,8.714],[117.418,8.767],[117.53,8.903],[117.593,8.968],[117.745,9.098],[117.885,9.241],[117.932,9.251],[117.983,9.253],[118.024,9.27],[118.115,9.347],[118.344,9.603],[118.533,9.794],[118.728,10.035],[118.82,10.105],[118.845,10.131],[119.024,10.354],[119.08,10.386],[119.143,10.409],[119.186,10.439],[119.224,10.477],[119.287,10.574],[119.313,10.687],[119.297,10.751],[119.261,10.845],[119.306,10.974],[119.341,11.033],[119.465,11.294],[119.501,11.346],[119.553,11.314],[119.56,11.267],[119.535,11.157],[119.533,11.102],[119.562,11.046],[119.527,10.953],[119.616,10.707],[119.684,10.552],[119.687,10.5],[119.595,10.407],[119.541,10.379],[119.422,10.354],[119.369,10.327],[119.285,10.252],[119.232,10.152],[119.219,10.101],[119.192,10.061],[118.949,9.993],[118.835,9.949],[118.782,9.916],[118.755,9.862],[118.774,9.767],[118.57,9.423],[118.504,9.333],[118.435,9.256],[118.35,9.201],[118.229,9.168],[118.134,9.101],[118.069,8.984],[117.99,8.877],[117.889,8.798],[117.78,8.729],[117.68,8.678],[117.572,8.642],[117.54,8.596],[117.517,8.538],[117.469,8.511],[117.412,8.496],[117.311,8.44]]],[[[122.496,11.615],[122.613,11.564],[122.726,11.608],[122.838,11.596],[122.931,11.529],[122.901,11.487],[122.895,11.441],[123.103,11.541],[123.158,11.536],[123.156,11.443],[123.144,11.364],[123.12,11.287],[123.075,11.197],[123.017,11.117],[122.939,11.058],[122.847,11.022],[122.803,10.99],[122.789,10.941],[122.791,10.88],[122.77,10.824],[122.673,10.801],[122.522,10.692],[122.198,10.623],[122.109,10.576],[122.052,10.514],[121.988,10.458],[121.954,10.444],[121.938,10.471],[121.934,10.494],[121.98,10.639],[121.972,10.699],[121.95,10.757],[121.964,10.872],[122.021,10.979],[122.051,11.097],[122.06,11.326],[122.104,11.643],[122.101,11.681],[122.067,11.724],[121.941,11.758],[121.891,11.791],[121.916,11.854],[121.964,11.897],[122.029,11.895],[122.087,11.855],[122.291,11.772],[122.399,11.702],[122.496,11.615]]],[[[123.131,9.064],[123.065,9.053],[122.995,9.059],[122.948,9.108],[122.867,9.32],[122.772,9.371],[122.665,9.41],[122.61,9.443],[122.562,9.483],[122.411,9.694],[122.4,9.823],[122.426,9.896],[122.471,9.962],[122.523,9.979],[122.648,9.982],[122.713,9.99],[122.856,10.087],[122.866,10.125],[122.867,10.284],[122.852,10.395],[122.817,10.504],[122.856,10.553],[122.906,10.603],[122.958,10.698],[122.969,10.766],[122.97,10.836],[122.983,10.887],[123.024,10.912],[123.222,10.989],[123.257,10.994],[123.511,10.923],[123.562,10.816],[123.568,10.781],[123.528,10.662],[123.493,10.582],[123.407,10.459],[123.344,10.325],[123.296,10.125],[123.266,10.059],[123.187,9.933],[123.162,9.864],[123.163,9.715],[123.149,9.659],[123.15,9.606],[123.308,9.357],[123.322,9.317],[123.321,9.273],[123.293,9.217],[123.229,9.121],[123.192,9.088],[123.131,9.064]]],[[[124.575,11.343],[124.644,11.308],[124.724,11.322],[124.821,11.401],[124.93,11.373],[124.994,11.256],[125.027,11.212],[125.044,11.135],[125.04,10.952],[125.013,10.786],[125.034,10.751],[125.084,10.722],[125.128,10.685],[125.164,10.637],[125.188,10.585],[125.197,10.457],[125.26,10.35],[125.268,10.308],[125.253,10.264],[125.148,10.272],[125.14,10.235],[125.143,10.189],[125.105,10.218],[125.044,10.323],[124.987,10.368],[125.005,10.197],[125.024,10.115],[125.027,10.033],[124.929,10.096],[124.813,10.135],[124.781,10.168],[124.792,10.275],[124.79,10.328],[124.738,10.44],[124.799,10.682],[124.797,10.732],[124.787,10.781],[124.739,10.88],[124.663,10.962],[124.616,10.962],[124.503,10.904],[124.446,10.924],[124.412,11.15],[124.366,11.371],[124.331,11.427],[124.308,11.486],[124.331,11.535],[124.374,11.515],[124.436,11.457],[124.511,11.424],[124.548,11.395],[124.575,11.343]]],[[[125.24,12.528],[125.31,12.446],[125.328,12.387],[125.32,12.322],[125.352,12.293],[125.409,12.285],[125.481,12.252],[125.536,12.191],[125.503,12.136],[125.513,12.055],[125.457,11.953],[125.464,11.772],[125.497,11.714],[125.5,11.655],[125.492,11.594],[125.506,11.544],[125.593,11.378],[125.609,11.323],[125.582,11.279],[125.574,11.238],[125.627,11.234],[125.704,11.165],[125.749,11.074],[125.736,11.05],[125.674,11.121],[125.628,11.132],[125.432,11.113],[125.312,11.142],[125.233,11.145],[125.156,11.267],[125.088,11.287],[125.034,11.341],[124.945,11.479],[124.917,11.558],[124.979,11.638],[124.998,11.702],[124.995,11.765],[124.936,11.755],[124.884,11.775],[124.821,11.852],[124.796,11.896],[124.75,11.933],[124.677,12.021],[124.572,12.055],[124.529,12.079],[124.446,12.153],[124.385,12.244],[124.326,12.404],[124.295,12.569],[124.566,12.526],[124.84,12.535],[125.15,12.573],[125.24,12.528]]],[[[120.704,13.479],[120.755,13.471],[120.915,13.501],[120.981,13.486],[121.025,13.429],[121.079,13.411],[121.122,13.381],[121.203,13.432],[121.284,13.374],[121.357,13.265],[121.442,13.188],[121.523,13.131],[121.539,13.089],[121.49,13.02],[121.475,12.932],[121.48,12.837],[121.541,12.638],[121.519,12.584],[121.458,12.508],[121.412,12.423],[121.418,12.389],[121.4,12.361],[121.394,12.301],[121.357,12.313],[121.322,12.304],[121.289,12.277],[121.237,12.219],[121.155,12.236],[121.117,12.253],[121.108,12.304],[121.083,12.339],[121.049,12.36],[120.963,12.447],[120.922,12.512],[120.921,12.581],[120.899,12.646],[120.855,12.704],[120.796,12.748],[120.776,12.791],[120.769,12.841],[120.764,12.97],[120.68,13.131],[120.651,13.169],[120.573,13.209],[120.508,13.26],[120.481,13.311],[120.455,13.394],[120.438,13.405],[120.388,13.402],[120.338,13.412],[120.353,13.473],[120.401,13.517],[120.468,13.522],[120.653,13.498],[120.704,13.479]]],[[[126.006,9.321],[126.088,9.261],[126.193,9.277],[126.192,9.125],[126.209,9.081],[126.305,8.952],[126.32,8.845],[126.263,8.744],[126.22,8.696],[126.142,8.627],[126.14,8.596],[126.173,8.56],[126.282,8.539],[126.365,8.484],[126.38,8.327],[126.459,8.203],[126.457,8.149],[126.425,7.927],[126.435,7.833],[126.494,7.757],[126.544,7.725],[126.57,7.677],[126.593,7.547],[126.589,7.325],[126.582,7.248],[126.547,7.176],[126.439,7.012],[126.294,6.882],[126.217,6.891],[126.192,6.853],[126.24,6.734],[126.221,6.483],[126.189,6.31],[126.142,6.398],[126.11,6.49],[126.08,6.733],[126.043,6.843],[125.985,6.944],[125.962,7.033],[125.901,7.117],[125.824,7.333],[125.774,7.322],[125.689,7.263],[125.67,7.222],[125.66,7.161],[125.641,7.105],[125.542,7.017],[125.465,6.911],[125.401,6.796],[125.381,6.69],[125.433,6.607],[125.487,6.574],[125.565,6.5],[125.588,6.466],[125.671,6.225],[125.668,5.979],[125.608,5.87],[125.456,5.664],[125.346,5.599],[125.288,5.632],[125.241,5.757],[125.233,5.808],[125.265,5.926],[125.268,6.033],[125.232,6.07],[125.191,6.062],[125.174,6.047],[125.076,5.906],[125.035,5.871],[124.975,5.866],[124.927,5.875],[124.636,5.998],[124.399,6.12],[124.213,6.233],[124.078,6.404],[124.05,6.533],[124.048,6.667],[123.988,6.863],[123.981,6.93],[123.985,6.994],[124.045,7.114],[124.118,7.175],[124.158,7.219],[124.191,7.267],[124.213,7.332],[124.207,7.396],[124.182,7.437],[124.068,7.578],[123.968,7.665],[123.765,7.743],[123.717,7.785],[123.666,7.818],[123.609,7.832],[123.553,7.832],[123.493,7.808],[123.477,7.756],[123.482,7.71],[123.476,7.665],[123.391,7.408],[123.282,7.464],[123.178,7.529],[123.151,7.575],[123.139,7.63],[123.121,7.667],[123.097,7.7],[123.049,7.614],[122.99,7.546],[122.917,7.531],[122.843,7.529],[122.819,7.558],[122.792,7.722],[122.714,7.774],[122.616,7.763],[122.498,7.673],[122.474,7.639],[122.449,7.561],[122.32,7.34],[122.251,7.17],[122.176,7.004],[122.142,6.95],[122.098,6.914],[122.028,6.929],[121.964,6.968],[121.904,7.075],[121.925,7.2],[121.991,7.279],[122.047,7.364],[122.115,7.66],[122.12,7.765],[122.132,7.81],[122.243,7.945],[122.337,8.028],[122.387,8.046],[122.589,8.093],[122.673,8.133],[122.804,8.134],[122.911,8.156],[122.996,8.221],[123.003,8.287],[122.999,8.356],[123.018,8.398],[123.051,8.434],[123.096,8.481],[123.147,8.516],[123.293,8.541],[123.341,8.57],[123.38,8.616],[123.435,8.703],[123.499,8.682],[123.564,8.647],[123.68,8.621],[123.783,8.548],[123.849,8.433],[123.861,8.376],[123.877,8.189],[123.853,8.145],[123.753,8.058],[123.799,8.049],[123.931,8.128],[123.997,8.159],[124.159,8.201],[124.198,8.23],[124.226,8.271],[124.283,8.386],[124.325,8.508],[124.358,8.559],[124.405,8.6],[124.451,8.606],[124.622,8.523],[124.731,8.563],[124.762,8.69],[124.787,8.874],[124.806,8.924],[124.869,8.972],[124.944,8.957],[125.046,8.891],[125.141,8.869],[125.176,8.922],[125.21,9.027],[125.248,9.027],[125.376,8.992],[125.499,9.015],[125.533,9.141],[125.51,9.276],[125.414,9.669],[125.471,9.757],[125.521,9.759],[125.642,9.654],[125.877,9.513],[125.955,9.427],[126.006,9.321]]],[[[123.37,9.45],[123.332,9.423],[123.316,9.489],[123.327,9.578],[123.404,9.889],[123.386,9.967],[123.514,10.14],[123.593,10.303],[123.711,10.474],[123.726,10.562],[123.832,10.731],[123.93,10.964],[123.925,11.041],[123.95,11.079],[123.964,11.137],[123.967,11.187],[124.039,11.274],[124.058,11.217],[124.037,11.107],[124.04,11.054],[124.053,11.029],[124.053,10.926],[124.028,10.768],[124.051,10.586],[124.005,10.4],[123.952,10.317],[123.874,10.258],[123.789,10.221],[123.7,10.128],[123.643,10.02],[123.634,9.922],[123.494,9.589],[123.37,9.45]]],[[[121.922,18.895],[121.858,18.823],[121.825,18.843],[121.861,18.913],[121.86,18.937],[121.889,18.992],[121.943,19.01],[121.988,18.957],[121.922,18.895]]],[[[121.521,19.362],[121.531,19.271],[121.472,19.273],[121.383,19.328],[121.375,19.356],[121.376,19.38],[121.392,19.399],[121.521,19.362]]],[[[121.96,20.366],[121.941,20.354],[121.914,20.359],[121.941,20.454],[121.991,20.48],[122.031,20.469],[121.96,20.366]]],[[[121.878,20.782],[121.83,20.7],[121.791,20.701],[121.796,20.747],[121.848,20.841],[121.867,20.839],[121.878,20.782]]],[[[121.159,6.076],[121.214,6.004],[121.283,6.022],[121.392,6.002],[121.415,5.965],[121.411,5.94],[121.294,5.87],[121.218,5.943],[121.083,5.893],[121.019,5.923],[120.931,5.896],[120.876,5.953],[120.898,6.007],[121.038,6.096],[121.159,6.076]]],[[[117.08,7.883],[117.028,7.808],[116.97,7.895],[116.976,8.017],[116.994,8.051],[117.077,8.069],[117.08,7.883]]],[[[119.916,10.486],[119.793,10.455],[119.764,10.552],[119.852,10.64],[119.95,10.605],[120.008,10.57],[119.981,10.539],[119.916,10.486]]],[[[120.1,12.168],[120.155,12.152],[120.194,12.167],[120.228,12.22],[120.261,12.142],[120.341,12.077],[120.315,12.012],[120.243,12.005],[120.174,12.02],[120.1,11.994],[120.011,12.008],[119.957,12.069],[119.896,12.179],[119.866,12.199],[119.87,12.244],[119.892,12.273],[119.88,12.28],[119.886,12.3],[119.897,12.313],[119.916,12.319],[119.964,12.27],[120.078,12.198],[120.1,12.168]]],[[[120.039,11.703],[119.964,11.669],[119.945,11.691],[119.932,11.74],[119.933,11.774],[119.861,11.954],[119.916,11.981],[119.957,11.96],[119.998,11.932],[120.036,11.917],[120.071,11.861],[120.062,11.821],[120.073,11.783],[120.039,11.703]]],[[[122.65,10.473],[122.622,10.459],[122.597,10.461],[122.538,10.425],[122.517,10.493],[122.537,10.608],[122.626,10.695],[122.648,10.723],[122.673,10.739],[122.701,10.741],[122.729,10.706],[122.737,10.655],[122.681,10.498],[122.65,10.473]]],[[[124.594,9.787],[124.584,9.75],[124.506,9.754],[124.478,9.748],[124.403,9.654],[124.36,9.63],[124.122,9.599],[123.936,9.624],[123.872,9.676],[123.83,9.761],[123.817,9.817],[123.864,9.879],[123.909,9.92],[124.06,10.0],[124.094,10.061],[124.173,10.135],[124.336,10.16],[124.352,10.141],[124.373,10.13],[124.406,10.126],[124.486,10.065],[124.577,10.027],[124.555,9.879],[124.582,9.83],[124.594,9.787]]],[[[120.25,5.257],[120.223,5.196],[120.192,5.168],[120.15,5.184],[120.118,5.215],[120.101,5.169],[120.013,5.151],[119.958,5.08],[119.878,5.06],[119.821,5.07],[119.827,5.133],[119.983,5.228],[120.08,5.264],[120.165,5.332],[120.208,5.34],[120.229,5.284],[120.25,5.257]]],[[[122.093,6.428],[121.991,6.415],[121.959,6.416],[121.88,6.518],[121.872,6.563],[121.809,6.614],[121.832,6.664],[121.915,6.676],[122.058,6.741],[122.288,6.639],[122.324,6.602],[122.252,6.58],[122.201,6.483],[122.093,6.428]]],[[[126.059,9.766],[126.047,9.761],[125.991,9.839],[125.999,9.927],[126.074,10.059],[126.129,9.944],[126.129,9.891],[126.121,9.865],[126.173,9.8],[126.137,9.768],[126.059,9.766]]],[[[125.69,9.914],[125.673,9.886],[125.649,9.944],[125.591,9.998],[125.534,10.09],[125.495,10.119],[125.522,10.192],[125.525,10.31],[125.58,10.364],[125.606,10.38],[125.648,10.437],[125.667,10.44],[125.685,10.392],[125.647,10.245],[125.703,10.072],[125.684,9.963],[125.692,9.939],[125.69,9.914]]],[[[120.271,13.751],[120.273,13.683],[120.104,13.782],[120.099,13.817],[120.103,13.843],[120.121,13.858],[120.211,13.821],[120.271,13.751]]],[[[121.915,13.54],[121.977,13.537],[121.996,13.547],[122.115,13.463],[122.107,13.421],[122.122,13.365],[122.055,13.269],[122.042,13.236],[122.005,13.205],[121.876,13.282],[121.829,13.329],[121.815,13.424],[121.866,13.566],[121.915,13.54]]],[[[122.094,12.355],[122.014,12.106],[121.96,12.191],[121.982,12.245],[121.936,12.29],[121.923,12.331],[121.941,12.385],[121.989,12.435],[122.002,12.599],[122.104,12.651],[122.145,12.653],[122.13,12.613],[122.132,12.538],[122.094,12.355]]],[[[122.654,12.309],[122.603,12.286],[122.499,12.384],[122.439,12.429],[122.423,12.455],[122.472,12.492],[122.604,12.492],[122.674,12.424],[122.683,12.382],[122.654,12.309]]],[[[123.282,12.853],[123.367,12.701],[123.274,12.805],[123.166,12.876],[123.054,12.993],[122.973,13.035],[122.949,13.059],[122.958,13.107],[123.017,13.116],[123.044,13.113],[123.206,12.905],[123.282,12.853]]],[[[123.775,12.454],[123.779,12.366],[123.742,12.399],[123.621,12.571],[123.587,12.633],[123.621,12.675],[123.709,12.611],[123.775,12.454]]],[[[123.717,12.287],[123.908,12.169],[124.04,11.967],[124.056,11.812],[124.046,11.752],[123.983,11.819],[123.848,11.914],[123.754,11.934],[123.725,11.952],[123.736,12.003],[123.675,12.05],[123.668,12.069],[123.612,12.09],[123.531,12.197],[123.474,12.217],[123.419,12.194],[123.293,12.036],[123.158,11.926],[123.156,11.968],[123.211,12.107],[123.245,12.328],[123.267,12.395],[123.24,12.495],[123.236,12.583],[123.337,12.542],[123.463,12.501],[123.559,12.445],[123.575,12.407],[123.717,12.287]]],[[[124.354,13.632],[124.327,13.567],[124.295,13.59],[124.248,13.587],[124.175,13.532],[124.057,13.606],[124.039,13.663],[124.124,13.79],[124.123,13.98],[124.154,14.026],[124.186,14.06],[124.225,14.078],[124.308,13.947],[124.337,13.931],[124.417,13.871],[124.396,13.75],[124.404,13.679],[124.354,13.632]]],[[[122.175,14.049],[122.172,14.008],[121.956,14.156],[121.946,14.181],[121.946,14.205],[121.959,14.229],[122.175,14.049]]],[[[122.033,15.005],[122.052,14.97],[122.032,14.972],[122.017,14.965],[121.97,14.893],[122.022,14.759],[121.99,14.662],[121.933,14.656],[121.911,14.667],[121.922,14.715],[121.935,14.737],[121.923,14.8],[121.889,14.84],[121.862,14.917],[121.82,14.964],[121.84,15.038],[121.972,15.046],[122.033,15.005]]],[[[124.316,10.606],[124.288,10.601],[124.335,10.707],[124.371,10.691],[124.382,10.68],[124.381,10.633],[124.316,10.606]]],[[[125.281,9.982],[125.288,9.933],[125.159,10.063],[125.133,10.155],[125.176,10.151],[125.231,10.116],[125.281,9.982]]],[[[122.937,7.409],[122.948,7.386],[122.944,7.361],[122.84,7.315],[122.805,7.316],[122.797,7.393],[122.822,7.428],[122.871,7.397],[122.915,7.433],[122.937,7.409]]],[[[125.785,6.963],[125.769,6.906],[125.708,7.04],[125.683,7.073],[125.714,7.186],[125.783,7.131],[125.785,6.963]]],[[[124.608,11.492],[124.483,11.486],[124.429,11.532],[124.36,11.666],[124.437,11.695],[124.511,11.687],[124.565,11.64],[124.622,11.55],[124.608,11.492]]],[[[124.807,9.143],[124.778,9.083],[124.666,9.132],[124.639,9.175],[124.653,9.226],[124.708,9.243],[124.737,9.243],[124.79,9.19],[124.807,9.143]]],[[[121.252,19.082],[121.247,19.015],[121.196,19.051],[121.185,19.101],[121.19,19.139],[121.213,19.184],[121.245,19.143],[121.252,19.082]]],[[[119.861,11.525],[119.883,11.472],[119.855,11.393],[119.831,11.376],[119.799,11.409],[119.73,11.432],[119.726,11.475],[119.761,11.474],[119.827,11.515],[119.861,11.525]]],[[[123.757,11.283],[123.816,11.151],[123.737,11.151],[123.708,11.248],[123.741,11.279],[123.757,11.283]]],[[[122.311,12.529],[122.28,12.498],[122.261,12.503],[122.248,12.557],[122.278,12.593],[122.287,12.589],[122.311,12.529]]],[[[125.971,9.594],[125.952,9.568],[125.922,9.621],[125.949,9.739],[125.968,9.759],[125.993,9.685],[125.971,9.594]]],[[[124.854,11.595],[124.836,11.543],[124.807,11.558],[124.781,11.581],[124.744,11.659],[124.731,11.715],[124.788,11.683],[124.821,11.627],[124.854,11.595]]],[[[117.355,8.215],[117.287,8.191],[117.272,8.254],[117.281,8.315],[117.33,8.308],[117.354,8.289],[117.355,8.215]]],[[[123.698,9.237],[123.706,9.134],[123.614,9.103],[123.541,9.13],[123.493,9.192],[123.494,9.216],[123.535,9.214],[123.626,9.268],[123.655,9.279],[123.698,9.237]]]]}},{"type":"Feature","properties":{"iso_a3":"SGP","name":"Singapore"},"geometry":{"type":"MultiPolygon","coordinates":[[[[103.97,1.331],[103.82,1.265],[103.65,1.326],[103.705,1.423],[103.818,1.447],[103.909,1.416],[103.961,1.392],[103.996,1.365],[103.97,1.331]]]]}},{"type":"Feature","properties":{"iso_a3":"KOR","name":"South Korea"},"geometry":{"type":"MultiPolygon","coordinates":[[[[126.634,37.782],[126.665,37.801],[126.667,37.828],[126.667,37.917],[126.754,37.979],[126.879,38.106],[126.94,38.176],[127.01,38.241],[127.09,38.284],[127.17,38.305],[127.294,38.313],[127.533,38.305],[127.579,38.312],[127.746,38.319],[127.785,38.308],[127.905,38.3],[128.039,38.309],[128.106,38.327],[128.169,38.359],[128.223,38.417],[128.279,38.524],[128.339,38.608],[128.375,38.623],[128.619,38.176],[128.852,37.887],[129.052,37.678],[129.335,37.275],[129.418,37.059],[129.426,36.926],[129.473,36.742],[129.433,36.637],[129.445,36.471],[129.427,36.385],[129.393,36.323],[129.391,36.202],[129.402,36.138],[129.404,36.052],[129.426,36.019],[129.458,36.006],[129.51,36.038],[129.573,36.051],[129.562,35.948],[129.485,35.687],[129.419,35.498],[129.329,35.333],[129.214,35.182],[129.077,35.123],[128.98,35.102],[128.796,35.094],[128.643,35.12],[128.511,35.101],[128.458,35.069],[128.419,35.016],[128.448,34.932],[128.444,34.87],[128.388,34.875],[128.276,34.911],[128.152,34.916],[128.095,34.934],[128.036,35.022],[127.977,35.019],[127.873,34.966],[127.715,34.955],[127.659,34.926],[127.639,34.89],[127.662,34.843],[127.742,34.783],[127.715,34.721],[127.632,34.69],[127.565,34.766],[127.524,34.84],[127.477,34.844],[127.404,34.823],[127.39,34.743],[127.423,34.688],[127.479,34.625],[127.401,34.553],[127.381,34.501],[127.325,34.463],[127.173,34.546],[127.195,34.605],[127.261,34.662],[127.269,34.72],[127.247,34.755],[127.031,34.607],[126.897,34.439],[126.826,34.451],[126.796,34.494],[126.755,34.512],[126.611,34.404],[126.584,34.318],[126.531,34.314],[126.508,34.351],[126.506,34.428],[126.482,34.494],[126.333,34.59],[126.264,34.673],[126.301,34.72],[126.426,34.695],[126.525,34.698],[126.505,34.738],[126.473,34.756],[126.539,34.779],[126.593,34.824],[126.548,34.837],[126.479,34.81],[126.421,34.823],[126.398,34.933],[126.327,35.045],[126.291,35.154],[126.361,35.217],[126.396,35.314],[126.46,35.456],[126.493,35.501],[126.582,35.534],[126.614,35.571],[126.565,35.59],[126.487,35.606],[126.488,35.647],[126.542,35.669],[126.602,35.714],[126.717,35.769],[126.753,35.872],[126.72,35.898],[126.647,35.922],[126.664,35.975],[126.693,36.014],[126.682,36.038],[126.597,36.105],[126.54,36.166],[126.557,36.236],[126.544,36.341],[126.552,36.43],[126.548,36.478],[126.507,36.586],[126.488,36.694],[126.433,36.678],[126.389,36.651],[126.231,36.689],[126.181,36.692],[126.161,36.772],[126.217,36.871],[126.352,36.958],[126.429,36.969],[126.487,37.007],[126.578,37.02],[126.687,36.96],[126.784,36.948],[126.839,36.846],[126.872,36.824],[126.879,36.862],[126.958,36.906],[126.977,36.939],[126.96,36.958],[126.869,36.976],[126.787,37.103],[126.776,37.158],[126.746,37.194],[126.791,37.295],[126.696,37.411],[126.65,37.447],[126.657,37.551],[126.608,37.617],[126.58,37.654],[126.563,37.717],[126.578,37.745],[126.621,37.755],[126.634,37.782]]],[[[128.741,34.799],[128.647,34.737],[128.52,34.82],[128.489,34.865],[128.586,34.932],[128.668,35.009],[128.722,35.014],[128.741,34.799]]],[[[128.066,34.806],[128.055,34.708],[127.984,34.703],[127.942,34.766],[127.897,34.735],[127.873,34.735],[127.838,34.813],[127.832,34.875],[127.915,34.921],[127.966,34.893],[128.038,34.879],[128.066,34.806]]],[[[126.234,34.371],[126.17,34.355],[126.134,34.39],[126.109,34.399],[126.123,34.444],[126.227,34.533],[126.247,34.563],[126.344,34.545],[126.38,34.498],[126.335,34.426],[126.234,34.371]]],[[[126.521,37.737],[126.516,37.605],[126.461,37.61],[126.423,37.624],[126.407,37.649],[126.369,37.772],[126.412,37.823],[126.494,37.783],[126.521,37.737]]],[[[126.753,34.344],[126.77,34.296],[126.689,34.305],[126.646,34.351],[126.652,34.39],[126.7,34.396],[126.753,34.344]]],[[[127.799,34.615],[127.788,34.584],[127.737,34.631],[127.787,34.682],[127.799,34.615]]],[[[126.418,36.493],[126.404,36.428],[126.338,36.471],[126.319,36.613],[126.387,36.571],[126.418,36.493]]],[[[126.172,34.731],[126.159,34.707],[126.115,34.714],[126.071,34.783],[126.052,34.838],[126.008,34.867],[126.078,34.915],[126.169,34.83],[126.172,34.731]]],[[[130.916,37.478],[130.871,37.449],[130.817,37.478],[130.81,37.51],[130.838,37.537],[130.904,37.554],[130.934,37.53],[130.916,37.478]]],[[[126.327,33.224],[126.282,33.202],[126.24,33.215],[126.229,33.225],[126.179,33.283],[126.166,33.312],[126.199,33.368],[126.338,33.46],[126.696,33.549],[126.76,33.553],[126.901,33.515],[126.931,33.444],[126.905,33.382],[126.873,33.341],[126.709,33.272],[126.582,33.238],[126.327,33.224]]]]}},{"type":"Feature","properties":{"iso_a3":"LKA","name":"Sri Lanka"},"geometry":{"type":"MultiPolygon","coordinates":[[[[79.97,9.631],[79.907,9.62],[79.857,9.686],[79.846,9.715],[79.859,9.734],[79.872,9.744],[79.888,9.741],[79.912,9.679],[79.97,9.631]]],[[[79.875,9.051],[79.904,8.975],[79.821,9.027],[79.767,9.07],[79.748,9.105],[79.86,9.066],[79.875,9.051]]],[[[79.982,9.813],[80.078,9.807],[80.181,9.81],[80.253,9.796],[80.376,9.642],[80.711,9.366],[80.893,9.086],[80.91,9.025],[80.935,8.971],[80.979,8.957],[81.016,8.933],[81.198,8.662],[81.219,8.608],[81.216,8.549],[81.227,8.506],[81.275,8.484],[81.334,8.472],[81.373,8.431],[81.422,8.215],[81.422,8.148],[81.436,8.119],[81.665,7.782],[81.679,7.742],[81.676,7.711],[81.683,7.684],[81.727,7.625],[81.797,7.465],[81.832,7.428],[81.874,7.288],[81.877,7.02],[81.861,6.901],[81.819,6.756],[81.768,6.614],[81.713,6.512],[81.637,6.425],[81.38,6.241],[81.306,6.204],[80.971,6.088],[80.724,5.979],[80.496,5.949],[80.267,6.01],[80.095,6.153],[80.007,6.364],[79.947,6.585],[79.859,6.829],[79.792,7.585],[79.76,7.796],[79.708,8.066],[79.713,8.182],[79.75,8.294],[79.75,8.049],[79.783,8.018],[79.809,8.05],[79.832,8.304],[79.851,8.412],[79.942,8.692],[79.944,8.741],[79.928,8.846],[79.929,8.899],[80.065,9.096],[80.1,9.21],[80.118,9.327],[80.111,9.453],[80.086,9.578],[80.196,9.538],[80.256,9.495],[80.318,9.465],[80.368,9.48],[80.428,9.481],[80.385,9.549],[80.258,9.611],[80.046,9.65],[79.979,9.699],[79.954,9.742],[79.967,9.793],[79.982,9.813]]]]}},{"type":"Feature","properties":{"iso_a3":"TWN","name":"Taiwan"},"geometry":{"type":"MultiPolygon","coordinates":[[[[121.009,22.62],[120.947,22.503],[120.897,22.379],[120.877,22.262],[120.878,22.142],[120.864,22.033],[120.84,21.925],[120.743,21.956],[120.69,22.033],[120.678,22.16],[120.608,22.313],[120.581,22.356],[120.48,22.442],[120.388,22.485],[120.316,22.548],[120.326,22.542],[120.273,22.627],[120.233,22.718],[120.15,22.975],[120.122,23.037],[120.083,23.094],[120.072,23.15],[120.086,23.212],[120.121,23.305],[120.143,23.399],[120.125,23.527],[120.132,23.653],[120.159,23.709],[120.63,24.479],[120.757,24.642],[120.836,24.723],[120.902,24.813],[120.964,24.928],[121.041,25.033],[121.095,25.065],[121.365,25.159],[121.45,25.249],[121.517,25.277],[121.594,25.275],[121.643,25.232],[121.687,25.182],[121.733,25.154],[121.853,25.104],[121.905,25.056],[121.929,24.974],[121.856,24.895],[121.82,24.825],[121.813,24.746],[121.826,24.641],[121.828,24.534],[121.737,24.285],[121.639,24.13],[121.613,24.053],[121.583,23.861],[121.526,23.668],[121.477,23.424],[121.397,23.173],[121.352,23.067],[121.296,22.967],[121.161,22.776],[121.009,22.62]]],[[[118.407,24.522],[118.451,24.456],[118.433,24.414],[118.295,24.436],[118.287,24.477],[118.339,24.469],[118.407,24.522]]]]}},{"type":"Feature","properties":{"iso_a3":"THA","name":"Thailand"},"geometry":{"type":"MultiPolygon","coordinates":[[[[102.606,11.677],[102.59,11.572],[102.533,11.615],[102.546,11.668],[102.569,11.692],[102.606,11.677]]],[[[102.427,11.989],[102.43,11.965],[102.378,11.983],[102.36,11.974],[102.302,11.981],[102.273,12.119],[102.277,12.152],[102.319,12.142],[102.378,12.073],[102.408,12.025],[102.427,11.989]]],[[[98.409,7.902],[98.398,7.828],[98.357,7.829],[98.316,7.782],[98.296,7.776],[98.262,7.926],[98.301,8.136],[98.322,8.166],[98.351,8.111],[98.435,8.086],[98.399,7.965],[98.409,7.902]]],[[[100.122,20.317],[100.115,20.258],[100.14,20.245],[100.174,20.273],[100.218,20.34],[100.266,20.377],[100.318,20.386],[100.373,20.34],[100.432,20.241],[100.492,20.184],[100.52,20.178],[100.54,20.132],[100.543,20.089],[100.515,19.996],[100.466,19.889],[100.398,19.756],[100.42,19.644],[100.514,19.553],[100.625,19.5],[100.744,19.515],[100.807,19.542],[100.858,19.585],[100.906,19.605],[100.967,19.611],[101.155,19.579],[101.212,19.548],[101.221,19.487],[101.198,19.328],[101.227,19.212],[101.28,19.089],[101.286,18.977],[101.221,18.793],[101.166,18.618],[101.106,18.534],[101.06,18.479],[101.047,18.442],[101.051,18.407],[101.093,18.355],[101.138,18.287],[101.149,18.222],[101.144,18.143],[101.113,18.034],[100.999,17.797],[100.908,17.584],[100.956,17.541],[101.046,17.51],[101.105,17.48],[101.167,17.499],[101.3,17.625],[101.414,17.719],[101.555,17.812],[101.564,17.821],[101.688,17.889],[101.744,17.953],[101.775,18.033],[101.819,18.065],[101.875,18.046],[101.947,18.081],[102.035,18.17],[102.101,18.211],[102.148,18.204],[102.232,18.149],[102.352,18.046],[102.459,17.985],[102.553,17.965],[102.598,17.927],[102.596,17.87],[102.617,17.833],[102.661,17.818],[102.68,17.824],[102.675,17.852],[102.718,17.892],[102.807,17.946],[102.899,17.977],[102.991,17.986],[103.051,18.029],[103.091,18.138],[103.149,18.222],[103.2,18.259],[103.263,18.278],[103.28,18.305],[103.249,18.339],[103.252,18.373],[103.288,18.408],[103.367,18.423],[103.488,18.418],[103.63,18.383],[103.792,18.317],[103.899,18.295],[103.95,18.319],[104.049,18.217],[104.196,17.988],[104.323,17.816],[104.428,17.699],[104.539,17.609],[104.656,17.547],[104.74,17.462],[104.816,17.3],[104.759,17.077],[104.744,16.884],[104.751,16.648],[104.819,16.466],[104.95,16.34],[105.026,16.238],[105.047,16.16],[105.149,16.094],[105.331,16.038],[105.406,15.987],[105.376,15.942],[105.373,15.89],[105.399,15.83],[105.462,15.78],[105.562,15.741],[105.622,15.7],[105.641,15.657],[105.639,15.586],[105.616,15.488],[105.574,15.413],[105.513,15.361],[105.506,15.32],[105.49,15.257],[105.49,15.128],[105.533,15.042],[105.547,14.932],[105.523,14.843],[105.5,14.661],[105.497,14.591],[105.476,14.53],[105.423,14.472],[105.342,14.417],[105.244,14.368],[105.183,14.346],[105.169,14.336],[105.126,14.281],[105.074,14.227],[105.034,14.227],[105.003,14.254],[104.982,14.289],[104.97,14.366],[104.879,14.404],[104.779,14.428],[104.576,14.39],[104.412,14.37],[104.228,14.396],[104.054,14.363],[103.982,14.358],[103.899,14.363],[103.818,14.362],[103.742,14.374],[103.6,14.421],[103.546,14.417],[103.432,14.379],[103.313,14.351],[103.199,14.333],[103.031,14.253],[102.909,14.137],[102.873,14.055],[102.813,13.972],[102.729,13.842],[102.62,13.717],[102.545,13.66],[102.566,13.626],[102.547,13.586],[102.429,13.568],[102.336,13.56],[102.32,13.54],[102.331,13.288],[102.363,13.193],[102.423,13.078],[102.462,13.015],[102.491,12.828],[102.5,12.67],[102.63,12.57],[102.703,12.494],[102.756,12.426],[102.737,12.383],[102.706,12.256],[102.737,12.09],[102.918,11.732],[102.934,11.707],[102.912,11.704],[102.884,11.773],[102.792,11.889],[102.763,12.012],[102.655,12.149],[102.594,12.203],[102.575,12.158],[102.54,12.109],[102.434,12.179],[102.343,12.253],[102.259,12.394],[102.248,12.361],[102.23,12.332],[102.134,12.443],[102.034,12.532],[101.945,12.564],[101.889,12.593],[101.836,12.64],[101.724,12.689],[101.445,12.619],[101.09,12.674],[100.954,12.621],[100.898,12.654],[100.863,12.715],[100.896,12.818],[100.904,13.035],[100.946,13.187],[100.926,13.303],[100.947,13.358],[100.963,13.432],[100.907,13.462],[100.656,13.521],[100.603,13.568],[100.536,13.514],[100.236,13.484],[100.122,13.44],[100.017,13.353],[99.991,13.243],[100.051,13.171],[100.09,13.046],[99.982,12.771],[99.964,12.69],[100.006,12.355],[99.989,12.171],[99.93,12.047],[99.837,11.937],[99.799,11.749],[99.725,11.662],[99.627,11.463],[99.561,11.215],[99.514,11.101],[99.487,10.89],[99.285,10.569],[99.237,10.388],[99.165,10.32],[99.19,10.266],[99.195,10.175],[99.169,9.934],[99.161,9.734],[99.191,9.627],[99.288,9.415],[99.265,9.353],[99.254,9.265],[99.335,9.225],[99.394,9.214],[99.724,9.314],[99.836,9.288],[99.878,9.195],[99.905,9.113],[99.961,8.671],[99.99,8.589],[100.056,8.511],[100.129,8.428],[100.154,8.443],[100.159,8.474],[100.163,8.508],[100.229,8.425],[100.279,8.269],[100.454,7.442],[100.504,7.337],[100.545,7.227],[100.439,7.281],[100.411,7.464],[100.38,7.542],[100.343,7.553],[100.284,7.552],[100.28,7.584],[100.324,7.644],[100.317,7.716],[100.257,7.775],[100.158,7.728],[100.161,7.599],[100.205,7.501],[100.371,7.28],[100.424,7.188],[100.49,7.161],[100.586,7.176],[100.702,7.082],[100.793,6.995],[101.018,6.861],[101.154,6.875],[101.302,6.908],[101.401,6.9],[101.498,6.865],[101.614,6.754],[101.799,6.475],[102.101,6.242],[102.068,6.185],[102.055,6.097],[101.936,5.979],[101.917,5.911],[101.874,5.825],[101.791,5.779],[101.72,5.771],[101.678,5.779],[101.65,5.796],[101.601,5.877],[101.577,5.902],[101.556,5.908],[101.404,5.852],[101.257,5.789],[101.23,5.734],[101.191,5.669],[101.148,5.643],[101.114,5.637],[101.082,5.675],[101.025,5.725],[100.982,5.771],[100.993,5.846],[101.076,5.956],[101.087,6.034],[101.076,6.166],[101.054,6.243],[101.029,6.245],[100.989,6.258],[100.874,6.245],[100.817,6.332],[100.794,6.426],[100.754,6.46],[100.716,6.481],[100.629,6.448],[100.564,6.468],[100.345,6.55],[100.261,6.683],[100.217,6.687],[100.177,6.672],[100.161,6.642],[100.138,6.489],[100.119,6.442],[99.869,6.75],[99.696,6.877],[99.72,7.106],[99.668,7.151],[99.602,7.155],[99.553,7.219],[99.597,7.356],[99.529,7.329],[99.435,7.334],[99.359,7.372],[99.3,7.561],[99.264,7.619],[99.183,7.718],[99.078,7.718],[99.043,7.766],[99.051,7.888],[98.974,7.963],[98.872,8.024],[98.789,8.06],[98.704,8.257],[98.636,8.305],[98.579,8.344],[98.5,8.318],[98.474,8.247],[98.421,8.178],[98.361,8.187],[98.305,8.226],[98.238,8.423],[98.227,8.544],[98.242,8.768],[98.326,8.969],[98.371,9.291],[98.443,9.493],[98.493,9.561],[98.562,9.838],[98.703,10.19],[98.718,10.266],[98.747,10.351],[98.768,10.431],[98.775,10.557],[98.757,10.624],[98.757,10.661],[98.787,10.708],[98.887,10.788],[99.025,10.92],[99.19,11.105],[99.359,11.389],[99.443,11.554],[99.478,11.613],[99.515,11.631],[99.573,11.687],[99.612,11.75],[99.615,11.781],[99.523,12.09],[99.463,12.19],[99.432,12.309],[99.416,12.395],[99.394,12.474],[99.405,12.548],[99.372,12.594],[99.297,12.653],[99.22,12.74],[99.174,12.882],[99.174,12.961],[99.124,13.031],[99.107,13.104],[99.137,13.173],[99.176,13.233],[99.172,13.497],[99.156,13.576],[99.137,13.717],[99.086,13.823],[99.015,13.947],[98.934,14.05],[98.721,14.236],[98.57,14.36],[98.495,14.473],[98.4,14.603],[98.332,14.696],[98.246,14.815],[98.202,14.976],[98.178,15.147],[98.191,15.204],[98.232,15.241],[98.286,15.272],[98.329,15.279],[98.452,15.357],[98.537,15.351],[98.557,15.368],[98.565,15.404],[98.554,15.56],[98.558,15.769],[98.574,15.939],[98.592,16.051],[98.818,16.181],[98.866,16.237],[98.888,16.298],[98.888,16.352],[98.869,16.394],[98.835,16.418],[98.689,16.305],[98.661,16.33],[98.594,16.515],[98.565,16.571],[98.523,16.638],[98.478,16.732],[98.471,16.895],[98.439,16.976],[98.257,17.148],[98.175,17.24],[98.063,17.373],[97.929,17.533],[97.793,17.681],[97.729,17.776],[97.706,17.797],[97.699,17.834],[97.74,17.935],[97.72,18.037],[97.652,18.174],[97.622,18.258],[97.632,18.29],[97.599,18.303],[97.524,18.296],[97.451,18.36],[97.381,18.494],[97.374,18.518],[97.397,18.518],[97.485,18.494],[97.515,18.498],[97.577,18.529],[97.672,18.561],[97.728,18.572],[97.746,18.588],[97.754,18.621],[97.706,18.932],[97.714,18.996],[97.804,19.13],[97.794,19.266],[97.817,19.46],[97.916,19.593],[97.991,19.654],[98.015,19.75],[98.049,19.77],[98.111,19.762],[98.239,19.691],[98.294,19.687],[98.371,19.689],[98.455,19.694],[98.494,19.701],[98.761,19.771],[98.82,19.778],[98.876,19.77],[98.917,19.773],[98.958,19.805],[98.987,19.861],[99.021,20.042],[99.04,20.074],[99.074,20.099],[99.131,20.117],[99.197,20.115],[99.284,20.08],[99.338,20.079],[99.399,20.093],[99.452,20.118],[99.486,20.15],[99.502,20.188],[99.487,20.261],[99.448,20.352],[99.459,20.363],[99.532,20.343],[99.639,20.32],[99.72,20.325],[99.773,20.341],[99.825,20.384],[99.89,20.424],[99.954,20.415],[100.004,20.38],[100.122,20.317]]],[[[100.074,9.697],[100.064,9.68],[100.026,9.712],[99.998,9.748],[99.983,9.794],[100.043,9.792],[100.073,9.749],[100.074,9.697]]],[[[100.071,9.586],[100.075,9.529],[100.054,9.461],[99.962,9.422],[99.931,9.476],[99.94,9.56],[99.954,9.581],[100.043,9.577],[100.071,9.586]]],[[[99.663,6.522],[99.644,6.516],[99.607,6.597],[99.654,6.714],[99.701,6.571],[99.663,6.522]]],[[[98.592,7.934],[98.58,7.917],[98.529,8.109],[98.604,8.057],[98.592,7.934]]],[[[98.308,9.051],[98.251,9.041],[98.258,9.095],[98.274,9.13],[98.301,9.139],[98.312,9.08],[98.308,9.051]]],[[[99.078,7.592],[99.104,7.471],[99.068,7.496],[99.038,7.548],[99.038,7.626],[99.045,7.637],[99.078,7.592]]]]}},{"type":"Feature","properties":{"iso_a3":"VNM","name":"Vietnam"},"geometry":{"type":"MultiPolygon","coordinates":[[[[104.064,10.391],[104.083,10.341],[104.076,10.225],[104.037,10.111],[104.048,10.061],[104.018,10.029],[103.952,10.243],[103.868,10.335],[103.85,10.371],[103.898,10.369],[103.986,10.427],[104.028,10.428],[104.064,10.391]]],[[[107.973,21.508],[107.926,21.499],[107.809,21.497],[107.707,21.406],[107.637,21.368],[107.527,21.336],[107.41,21.285],[107.376,21.194],[107.373,21.128],[107.354,21.055],[107.165,20.949],[107.112,20.96],[107.075,20.999],[107.019,20.991],[106.981,20.971],[106.936,20.974],[106.886,20.95],[106.821,20.958],[106.76,20.991],[106.725,21.0],[106.683,21.0],[106.675,20.96],[106.737,20.806],[106.753,20.735],[106.551,20.527],[106.573,20.392],[106.518,20.289],[106.396,20.206],[106.166,19.992],[106.062,19.987],[105.984,19.939],[105.814,19.587],[105.812,19.467],[105.785,19.379],[105.791,19.294],[105.716,19.128],[105.639,19.057],[105.622,18.966],[105.732,18.779],[105.744,18.746],[105.808,18.646],[105.839,18.574],[105.888,18.502],[106.066,18.316],[106.145,18.259],[106.24,18.221],[106.412,18.053],[106.499,17.946],[106.459,17.874],[106.479,17.72],[106.356,17.765],[106.371,17.747],[106.517,17.663],[106.736,17.367],[106.926,17.221],[107.12,17.056],[107.18,16.898],[107.355,16.794],[107.549,16.643],[107.541,16.609],[107.593,16.568],[107.724,16.488],[107.803,16.403],[107.834,16.322],[107.882,16.31],[107.936,16.329],[107.991,16.337],[108.029,16.331],[108.088,16.243],[108.17,16.164],[108.209,16.091],[108.241,16.101],[108.267,16.09],[108.274,16.029],[108.286,15.989],[108.395,15.872],[108.447,15.763],[108.578,15.585],[108.674,15.484],[108.743,15.427],[108.821,15.378],[108.898,15.181],[108.94,15.001],[109.022,14.803],[109.085,14.716],[109.087,14.553],[109.137,14.384],[109.191,14.27],[109.207,14.154],[109.224,14.097],[109.245,14.053],[109.303,13.856],[109.288,13.765],[109.247,13.855],[109.252,13.591],[109.288,13.451],[109.272,13.279],[109.31,13.219],[109.377,13.025],[109.424,12.956],[109.42,12.719],[109.445,12.6],[109.381,12.671],[109.336,12.752],[109.274,12.709],[109.219,12.646],[109.305,12.391],[109.207,12.415],[109.216,12.073],[109.256,11.993],[109.259,11.955],[109.247,11.909],[109.22,11.959],[109.215,12.01],[109.199,11.999],[109.2,11.972],[109.167,11.912],[109.158,11.837],[109.193,11.773],[109.199,11.725],[109.173,11.665],[109.133,11.601],[109.04,11.593],[109.018,11.468],[108.987,11.336],[108.821,11.315],[108.7,11.199],[108.551,11.156],[108.419,11.041],[108.272,10.934],[108.176,10.92],[108.095,10.897],[108.001,10.72],[107.845,10.7],[107.564,10.555],[107.47,10.486],[107.384,10.459],[107.262,10.398],[107.235,10.42],[107.194,10.472],[107.088,10.498],[107.036,10.556],[107.021,10.631],[107.007,10.661],[106.984,10.618],[106.966,10.441],[106.947,10.4],[106.902,10.383],[106.813,10.433],[106.727,10.536],[106.606,10.465],[106.643,10.456],[106.698,10.462],[106.741,10.444],[106.778,10.376],[106.776,10.339],[106.757,10.296],[106.644,10.289],[106.492,10.304],[106.464,10.298],[106.602,10.232],[106.729,10.193],[106.785,10.151],[106.785,10.116],[106.714,10.06],[106.659,9.991],[106.658,9.949],[106.657,9.901],[106.596,9.86],[106.557,9.868],[106.449,9.94],[106.136,10.222],[106.184,10.142],[106.507,9.821],[106.564,9.716],[106.572,9.641],[106.539,9.604],[106.484,9.559],[106.378,9.556],[106.204,9.675],[105.926,9.962],[105.831,10.001],[106.112,9.674],[106.159,9.594],[106.206,9.502],[106.193,9.448],[106.168,9.397],[105.501,9.093],[105.401,8.962],[105.322,8.801],[105.191,8.711],[105.114,8.629],[104.892,8.583],[104.77,8.598],[104.896,8.747],[104.819,8.802],[104.815,9.185],[104.845,9.606],[104.903,9.816],[104.987,9.869],[105.093,9.901],[105.095,9.945],[105.084,9.996],[105.028,10.067],[104.966,10.101],[104.873,10.115],[104.802,10.203],[104.748,10.199],[104.663,10.17],[104.613,10.208],[104.594,10.267],[104.516,10.34],[104.426,10.411],[104.467,10.422],[104.514,10.463],[104.564,10.516],[104.69,10.523],[104.815,10.521],[104.851,10.534],[104.901,10.59],[104.984,10.662],[105.046,10.702],[105.061,10.734],[105.036,10.809],[105.022,10.887],[105.046,10.911],[105.159,10.898],[105.284,10.861],[105.315,10.845],[105.387,10.94],[105.406,10.952],[105.453,10.951],[105.577,10.969],[105.698,10.994],[105.755,10.99],[105.811,10.926],[105.853,10.864],[105.875,10.858],[105.938,10.885],[105.99,10.852],[106.099,10.797],[106.164,10.795],[106.132,10.922],[106.168,11.012],[106.161,11.037],[106.1,11.079],[105.892,11.245],[105.856,11.294],[105.861,11.372],[105.854,11.487],[105.835,11.559],[105.838,11.601],[105.851,11.635],[105.89,11.648],[105.927,11.653],[105.956,11.682],[106.006,11.758],[106.103,11.751],[106.239,11.708],[106.34,11.682],[106.399,11.687],[106.412,11.698],[106.411,11.738],[106.418,11.912],[106.414,11.948],[106.5,11.966],[106.631,11.969],[106.7,11.979],[106.765,12.052],[106.931,12.077],[107.051,12.176],[107.159,12.277],[107.212,12.304],[107.28,12.322],[107.33,12.319],[107.393,12.26],[107.446,12.296],[107.506,12.365],[107.538,12.432],[107.555,12.54],[107.544,12.706],[107.512,12.836],[107.482,12.933],[107.475,13.03],[107.546,13.225],[107.605,13.438],[107.594,13.522],[107.529,13.654],[107.462,13.816],[107.389,13.993],[107.362,14.019],[107.343,14.069],[107.331,14.127],[107.36,14.308],[107.364,14.369],[107.448,14.451],[107.493,14.546],[107.535,14.65],[107.519,14.705],[107.514,14.817],[107.525,14.872],[107.505,14.916],[107.48,14.98],[107.496,15.021],[107.555,15.057],[107.59,15.118],[107.634,15.19],[107.653,15.255],[107.622,15.31],[107.564,15.392],[107.46,15.466],[107.339,15.56],[107.279,15.619],[107.233,15.678],[107.19,15.747],[107.166,15.802],[107.189,15.839],[107.361,15.922],[107.392,15.952],[107.41,15.998],[107.396,16.043],[107.35,16.067],[107.296,16.084],[107.217,16.136],[107.07,16.28],[107.002,16.312],[106.931,16.353],[106.893,16.397],[106.851,16.516],[106.832,16.526],[106.792,16.49],[106.74,16.453],[106.696,16.459],[106.656,16.493],[106.638,16.538],[106.594,16.6],[106.546,16.651],[106.534,16.821],[106.526,16.877],[106.502,16.954],[106.465,16.982],[106.426,17.003],[106.333,17.144],[106.27,17.217],[106.006,17.415],[105.974,17.447],[105.903,17.529],[105.779,17.644],[105.691,17.738],[105.627,17.834],[105.598,17.918],[105.588,17.984],[105.519,18.077],[105.458,18.154],[105.4,18.179],[105.333,18.19],[105.273,18.235],[105.163,18.339],[105.115,18.405],[105.086,18.45],[105.087,18.496],[105.113,18.573],[105.145,18.617],[105.146,18.651],[105.115,18.679],[104.993,18.728],[104.717,18.803],[104.613,18.861],[104.518,18.934],[104.446,18.984],[104.109,19.196],[104.006,19.231],[103.918,19.269],[103.892,19.305],[103.896,19.34],[103.932,19.366],[104.028,19.42],[104.063,19.483],[104.052,19.564],[104.013,19.646],[104.032,19.675],[104.063,19.678],[104.127,19.681],[104.26,19.685],[104.546,19.611],[104.588,19.619],[104.743,19.755],[104.802,19.836],[104.815,19.904],[104.846,19.947],[104.928,20.018],[104.929,20.083],[104.889,20.169],[104.848,20.202],[104.813,20.217],[104.699,20.205],[104.677,20.225],[104.662,20.289],[104.656,20.329],[104.619,20.375],[104.496,20.414],[104.392,20.425],[104.368,20.441],[104.408,20.486],[104.479,20.53],[104.533,20.555],[104.575,20.6],[104.583,20.647],[104.53,20.688],[104.461,20.734],[104.35,20.821],[104.195,20.914],[104.101,20.946],[104.052,20.941],[103.882,20.861],[103.791,20.81],[103.714,20.717],[103.635,20.697],[103.555,20.738],[103.464,20.78],[103.211,20.841],[103.104,20.892],[102.884,21.203],[102.851,21.266],[102.872,21.337],[102.888,21.44],[102.91,21.506],[102.949,21.57],[102.959,21.626],[102.95,21.681],[102.918,21.713],[102.876,21.722],[102.845,21.735],[102.816,21.807],[102.798,21.798],[102.771,21.71],[102.739,21.678],[102.695,21.662],[102.662,21.676],[102.641,21.711],[102.631,21.771],[102.61,21.852],[102.583,21.904],[102.487,21.958],[102.443,22.027],[102.301,22.178],[102.183,22.284],[102.127,22.379],[102.176,22.415],[102.237,22.466],[102.302,22.546],[102.376,22.647],[102.406,22.708],[102.428,22.733],[102.471,22.751],[102.517,22.741],[102.599,22.7],[102.721,22.648],[102.83,22.587],[102.874,22.525],[102.935,22.466],[102.982,22.448],[103.005,22.453],[103.076,22.498],[103.136,22.542],[103.138,22.593],[103.193,22.639],[103.266,22.714],[103.301,22.764],[103.327,22.77],[103.356,22.755],[103.471,22.597],[103.493,22.588],[103.525,22.612],[103.571,22.734],[103.62,22.782],[103.637,22.77],[103.915,22.538],[103.942,22.54],[103.971,22.55],[103.991,22.586],[104.013,22.666],[104.054,22.752],[104.143,22.8],[104.213,22.809],[104.238,22.769],[104.298,22.712],[104.372,22.704],[104.527,22.804],[104.578,22.82],[104.632,22.818],[104.687,22.822],[104.74,22.86],[104.796,22.911],[104.815,23.011],[104.827,23.1],[104.865,23.136],[104.91,23.161],[104.996,23.194],[105.189,23.281],[105.239,23.322],[105.275,23.345],[105.35,23.308],[105.44,23.235],[105.495,23.181],[105.531,23.122],[105.548,23.073],[105.691,23.03],[105.782,22.969],[105.843,22.923],[105.903,22.925],[105.962,22.937],[106.001,22.975],[106.068,22.976],[106.148,22.97],[106.184,22.955],[106.249,22.869],[106.279,22.857],[106.338,22.863],[106.451,22.894],[106.542,22.908],[106.624,22.874],[106.78,22.779],[106.736,22.711],[106.702,22.638],[106.633,22.586],[106.582,22.573],[106.55,22.501],[106.536,22.395],[106.554,22.342],[106.593,22.325],[106.637,22.289],[106.654,22.241],[106.66,22.136],[106.658,22.018],[106.664,21.979],[106.698,21.986],[106.729,22.0],[106.794,21.982],[106.875,21.951],[106.925,21.92],[106.971,21.924],[107.006,21.893],[107.02,21.835],[107.062,21.794],[107.179,21.717],[107.272,21.711],[107.351,21.609],[107.433,21.642],[107.471,21.598],[107.641,21.614],[107.759,21.655],[107.802,21.645],[107.908,21.56],[107.973,21.508]]],[[[106.617,8.683],[106.589,8.681],[106.568,8.701],[106.659,8.766],[106.65,8.723],[106.653,8.701],[106.617,8.683]]],[[[107.168,10.397],[107.084,10.337],[107.078,10.387],[107.151,10.42],[107.177,10.446],[107.195,10.446],[107.168,10.397]]],[[[106.866,20.816],[106.854,20.796],[106.803,20.844],[106.769,20.864],[106.795,20.928],[106.855,20.858],[106.866,20.816]]],[[[107.603,21.217],[107.459,21.092],[107.404,21.094],[107.453,21.235],[107.476,21.269],[107.563,21.22],[107.603,21.217]]],[[[107.521,20.927],[107.466,20.901],[107.399,20.903],[107.479,20.952],[107.519,21.013],[107.551,21.034],[107.551,20.981],[107.521,20.927]]],[[[107.031,20.747],[106.99,20.743],[106.911,20.824],[106.953,20.867],[107.044,20.837],[107.064,20.817],[107.064,20.8],[107.042,20.761],[107.031,20.747]]]]}}]}
