{"type":"FeatureCollection","features":[{"type":"Feature","properties":{},"geometry":{"type":"MultiPolygon","coordinates":[[[[-109.999,48.993],[-114.063,48.993],[-114.057,49.038],[-114.133,49.094],[-114.19,49.168],[-114.355,49.211],[-114.386,49.252],[-114.565,49.394],[-114.588,49.42],[-114.577,49.544],[-114.681,49.556],[-114.734,49.587],[-114.737,49.604],[-114.686,49.643],[-114.643,49.73],[-114.638,49.797],[-114.685,49.934],[-114.651,49.985],[-114.652,50.02],[-114.716,50.129],[-114.789,50.359],[-114.993,50.545],[-115.091,50.585],[-115.206,50.554],[-115.305,50.635],[-115.298,50.673],[-115.347,50.729],[-115.399,50.731],[-115.634,50.855],[-115.64,50.869],[-115.588,50.909],[-115.619,50.962],[-115.794,51.07],[-115.94,51.102],[-115.998,51.13],[-116.042,51.23],[-116.25,51.323],[-116.279,51.348],[-116.31,51.448],[-116.377,51.497],[-116.411,51.544],[-116.567,51.651],[-116.634,51.758],[-116.674,51.791],[-116.718,51.8],[-116.758,51.789],[-116.791,51.771],[-116.83,51.715],[-116.913,51.714],[-117.037,51.886],[-117.245,52.047],[-117.32,52.156],[-117.587,52.142],[-117.788,52.233],[-117.822,52.272],[-117.735,52.353],[-117.732,52.383],[-117.758,52.395],[-117.883,52.43],[-118.002,52.486],[-118.06,52.413],[-118.221,52.386],[-118.243,52.409],[-118.247,52.441],[-118.225,52.483],[-118.35,52.623],[-118.319,52.674],[-118.33,52.709],[-118.413,52.784],[-118.428,52.836],[-118.477,52.879],[-118.631,52.909],[-118.668,52.972],[-118.678,53.026],[-118.766,53.065],[-118.774,53.122],[-118.804,53.153],[-118.993,53.236],[-119.016,53.204],[-119.022,53.139],[-119.261,53.209],[-119.309,53.242],[-119.4,53.353],[-119.68,53.371],[-119.82,53.491],[-119.894,53.516],[-119.896,53.567],[-119.918,53.612],[-119.743,53.615],[-119.735,53.634],[-119.812,53.699],[-119.904,53.723],[-119.917,53.77],[-119.973,53.797],[-120.001,53.844],[-120,60.001],[-110.0,60.001],[-109.999,48.993]]]]}},{"type":"Feature","properties":{},"geometry":{"type":"MultiPolygon","coordinates":[[[[-120,60.001],[-120.001,53.844],[-119.973,53.797],[-119.917,53.77],[-119.904,53.723],[-119.812,53.699],[-119.735,53.634],[-119.743,53.615],[-119.918,53.612],[-119.896,53.567],[-119.894,53.516],[-119.82,53.491],[-119.68,53.371],[-119.4,53.353],[-119.309,53.242],[-119.261,53.209],[-119.022,53.139],[-119.016,53.204],[-118.993,53.236],[-118.804,53.153],[-118.774,53.122],[-118.766,53.065],[-118.678,53.026],[-118.668,52.972],[-118.631,52.909],[-118.477,52.879],[-118.428,52.836],[-118.413,52.784],[-118.33,52.709],[-118.319,52.674],[-118.35,52.623],[-118.225,52.483],[-118.247,52.441],[-118.243,52.409],[-118.221,52.386],[-118.06,52.413],[-118.002,52.486],[-117.883,52.43],[-117.758,52.395],[-117.732,52.383],[-117.735,52.353],[-117.822,52.272],[-117.788,52.233],[-117.587,52.142],[-117.32,52.156],[-117.245,52.047],[-117.037,51.886],[-116.913,51.714],[-116.83,51.715],[-116.791,51.771],[-116.758,51.789],[-116.718,51.8],[-116.674,51.791],[-116.634,51.758],[-116.567,51.651],[-116.411,51.544],[-116.377,51.497],[-116.31,51.448],[-116.279,51.348],[-116.25,51.323],[-116.042,51.23],[-115.998,51.13],[-115.94,51.102],[-115.794,51.07],[-115.619,50.962],[-115.588,50.909],[-115.64,50.869],[-115.634,50.855],[-115.399,50.731],[-115.347,50.729],[-115.298,50.673],[-115.305,50.635],[-115.206,50.554],[-115.091,50.585],[-114.993,50.545],[-114.789,50.359],[-114.716,50.129],[-114.652,50.02],[-114.651,49.985],[-114.685,49.934],[-114.638,49.797],[-114.643,49.73],[-114.686,49.643],[-114.737,49.604],[-114.734,49.587],[-114.681,49.556],[-114.577,49.544],[-114.588,49.42],[-114.565,49.394],[-114.386,49.252],[-114.355,49.211],[-114.19,49.168],[-114.133,49.094],[-114.057,49.038],[-114.063,48.993],[-122.789,48.993],[-122.827,49.028],[-122.924,49.075],[-123.002,49.061],[-123.049,48.993],[-123.086,48.993],[-123.118,49.056],[-123.08,49.131],[-123.182,49.13],[-123.196,49.148],[-123.191,49.22],[-123.229,49.261],[-123.067,49.292],[-122.948,49.293],[-122.913,49.323],[-122.879,49.399],[-122.964,49.329],[-123.016,49.322],[-123.174,49.348],[-123.277,49.344],[-123.291,49.359],[-123.264,49.39],[-123.223,49.59],[-123.191,49.644],[-123.187,49.68],[-123.325,49.578],[-123.336,49.459],[-123.399,49.442],[-123.437,49.451],[-123.531,49.397],[-123.892,49.495],[-124.029,49.603],[-124.054,49.662],[-123.993,49.736],[-123.923,49.718],[-123.817,49.587],[-123.739,49.594],[-123.582,49.681],[-123.763,49.659],[-123.874,49.737],[-123.904,49.795],[-123.904,49.981],[-123.885,50.017],[-123.824,50.044],[-123.785,50.088],[-123.825,50.144],[-123.88,50.174],[-123.946,50.184],[-123.863,50.103],[-123.866,50.072],[-123.957,49.993],[-123.985,49.876],[-124.059,49.854],[-124.142,49.793],[-124.281,49.772],[-124.413,49.778],[-124.483,49.808],[-124.782,50.02],[-124.784,50.073],[-124.934,50.258],[-124.933,50.298],[-124.986,50.356],[-125.044,50.364],[-125.057,50.419],[-124.937,50.537],[-124.863,50.637],[-124.858,50.717],[-124.875,50.826],[-124.86,50.872],[-124.934,50.811],[-124.949,50.765],[-124.931,50.718],[-124.943,50.666],[-124.985,50.592],[-125.059,50.514],[-125.21,50.476],[-125.476,50.497],[-125.507,50.507],[-125.526,50.534],[-125.539,50.649],[-125.586,50.574],[-125.61,50.486],[-125.641,50.466],[-125.698,50.465],[-125.772,50.508],[-125.965,50.487],[-126.094,50.498],[-126.237,50.523],[-126.404,50.53],[-126.45,50.55],[-126.447,50.588],[-126.416,50.607],[-125.898,50.684],[-125.904,50.705],[-125.981,50.711],[-126.37,50.667],[-126.514,50.679],[-126.517,50.724],[-126.375,50.837],[-126.418,50.85],[-126.488,50.842],[-126.522,50.866],[-126.485,50.961],[-126.517,51.057],[-126.563,50.965],[-126.632,50.915],[-126.96,50.894],[-127.014,50.867],[-127.058,50.868],[-127.357,50.946],[-127.708,51.151],[-127.714,51.269],[-127.689,51.343],[-127.633,51.427],[-127.42,51.608],[-127.281,51.654],[-126.968,51.67],[-126.691,51.703],[-127.034,51.717],[-127.339,51.707],[-127.443,51.679],[-127.576,51.563],[-127.645,51.478],[-127.669,51.478],[-127.729,51.506],[-127.748,51.544],[-127.819,51.604],[-127.851,51.673],[-127.863,51.821],[-127.728,51.993],[-127.859,51.99],[-127.843,52.086],[-127.795,52.191],[-127.438,52.356],[-127.242,52.395],[-127.176,52.315],[-127.008,52.291],[-126.826,52.125],[-126.714,52.061],[-126.753,52.112],[-126.895,52.225],[-126.901,52.265],[-126.938,52.309],[-127.127,52.371],[-127.161,52.395],[-127.194,52.458],[-127.208,52.498],[-127.187,52.538],[-126.995,52.658],[-126.951,52.721],[-126.966,52.785],[-127.008,52.843],[-127.019,52.842],[-127.013,52.72],[-127.066,52.653],[-127.519,52.359],[-127.713,52.319],[-127.792,52.289],[-127.834,52.251],[-127.902,52.151],[-127.995,51.951],[-128.102,51.788],[-128.194,51.998],[-128.358,52.159],[-128.037,52.318],[-128.029,52.342],[-128.06,52.428],[-128.052,52.453],[-127.94,52.545],[-128.038,52.531],[-128.184,52.408],[-128.272,52.363],[-128.275,52.436],[-128.132,52.806],[-128.109,52.858],[-128.053,52.911],[-128.106,52.907],[-128.365,52.826],[-128.452,52.877],[-128.525,53.141],[-128.652,53.244],[-128.869,53.328],[-129.081,53.367],[-129.172,53.534],[-129.114,53.641],[-129.021,53.692],[-128.936,53.715],[-128.855,53.705],[-128.85,53.665],[-128.906,53.559],[-128.833,53.549],[-128.542,53.421],[-128.479,53.41],[-128.358,53.46],[-128.291,53.458],[-128.133,53.418],[-127.928,53.275],[-127.95,53.33],[-128.115,53.446],[-128.207,53.483],[-128.369,53.49],[-128.512,53.477],[-128.6,53.506],[-128.676,53.555],[-128.751,53.661],[-128.764,53.747],[-128.715,53.81],[-128.532,53.858],[-128.651,53.919],[-128.705,53.919],[-128.89,53.83],[-128.928,53.823],[-128.959,53.841],[-129.056,53.778],[-129.208,53.642],[-129.258,53.418],[-129.284,53.393],[-129.462,53.347],[-129.564,53.251],[-129.822,53.413],[-129.912,53.551],[-130.074,53.576],[-130.263,53.654],[-130.335,53.724],[-130.233,53.867],[-130.086,53.976],[-130.064,54.106],[-130.043,54.134],[-129.791,54.166],[-129.626,54.23],[-129.898,54.226],[-130.084,54.181],[-130.29,54.27],[-130.397,54.352],[-130.43,54.421],[-130.393,54.48],[-130.37,54.62],[-130.35,54.655],[-130.307,54.7],[-130.219,54.73],[-129.89,55.165],[-129.781,55.28],[-129.561,55.463],[-129.701,55.439],[-129.765,55.498],[-129.795,55.56],[-129.812,55.533],[-129.816,55.418],[-129.838,55.319],[-129.877,55.251],[-129.985,55.111],[-130.048,55.057],[-130.092,55.108],[-130.058,55.195],[-129.996,55.264],[-129.985,55.359],[-130.044,55.472],[-130.093,55.632],[-130.085,55.752],[-130.02,55.881],[-130.014,55.951],[-130.023,56.015],[-130.056,56.065],[-130.098,56.109],[-130.215,56.083],[-130.413,56.123],[-130.477,56.231],[-130.649,56.264],[-130.742,56.341],[-131.083,56.405],[-131.575,56.599],[-131.824,56.59],[-131.833,56.685],[-131.886,56.742],[-131.866,56.793],[-132.104,56.857],[-132.032,57.027],[-132.338,57.079],[-132.232,57.199],[-133.12,58.078],[-133.423,58.337],[-133.401,58.411],[-133.821,58.705],[-134.219,58.85],[-134.297,58.898],[-134.441,59.085],[-134.622,59.155],[-134.677,59.199],[-134.802,59.25],[-134.944,59.288],[-135.071,59.441],[-135.037,59.551],[-135.051,59.579],[-135.476,59.793],[-135.935,59.663],[-136.322,59.605],[-136.247,59.533],[-136.278,59.48],[-136.348,59.456],[-136.466,59.459],[-136.467,59.28],[-136.579,59.152],[-136.813,59.15],[-137.278,58.988],[-137.439,58.903],[-137.521,58.915],[-137.484,58.991],[-137.593,59.226],[-138.632,59.778],[-138.705,59.901],[-139.057,60.002],[-120,60.001]]],[[[-130.214,55.026],[-130.219,55.06],[-130.172,55.137],[-130.037,55.298],[-130.059,55.412],[-130.14,55.585],[-130.147,55.654],[-130.112,55.78],[-130.025,55.888],[-130.092,55.786],[-130.123,55.691],[-130.11,55.581],[-130.022,55.372],[-130.018,55.285],[-130.214,55.026]]],[[[-130.214,55.026],[-130.204,54.947],[-130.349,54.815],[-130.535,54.749],[-130.575,54.77],[-130.214,55.026]]],[[[-130.927,54.479],[-130.95,54.478],[-130.953,54.542],[-130.907,54.632],[-130.758,54.614],[-130.763,54.577],[-130.927,54.479]]],[[[-132.656,54.127],[-132.564,54.069],[-132.344,54.106],[-132.303,54.099],[-132.262,54.076],[-132.166,53.955],[-132.155,53.875],[-132.175,53.847],[-132.215,53.815],[-132.565,53.688],[-132.567,53.664],[-132.535,53.652],[-132.187,53.685],[-132.152,53.807],[-132.114,53.86],[-132.134,54.034],[-131.941,54.042],[-131.82,54.077],[-131.696,54.143],[-131.668,54.141],[-131.703,53.986],[-131.821,53.842],[-131.889,53.714],[-131.922,53.588],[-131.928,53.379],[-131.957,53.309],[-132.011,53.265],[-132.347,53.189],[-132.52,53.194],[-132.748,53.31],[-132.693,53.368],[-132.425,53.337],[-132.67,53.459],[-132.845,53.508],[-132.898,53.563],[-132.913,53.629],[-133.052,53.778],[-133.098,53.92],[-133.098,54.006],[-133.064,54.144],[-133.048,54.159],[-132.656,54.127]]],[[[-130.236,53.959],[-130.338,53.866],[-130.384,53.844],[-130.47,53.862],[-130.537,53.918],[-130.625,53.941],[-130.642,53.921],[-130.644,53.845],[-130.664,53.848],[-130.703,53.892],[-130.707,53.921],[-130.696,53.951],[-130.647,53.991],[-130.448,54.089],[-130.397,54.086],[-130.316,54.047],[-130.236,53.959]]],[[[-129.849,53.168],[-129.934,53.177],[-130.151,53.346],[-130.306,53.407],[-130.411,53.491],[-130.518,53.544],[-130.452,53.631],[-130.395,53.62],[-130.195,53.55],[-129.945,53.436],[-129.755,53.245],[-129.769,53.217],[-129.849,53.168]]],[[[-129.168,53.118],[-129.277,53.111],[-129.324,53.142],[-129.331,53.174],[-129.314,53.212],[-129.253,53.285],[-129.238,53.33],[-129.177,53.259],[-129.168,53.118]]],[[[-128.552,52.94],[-128.507,52.621],[-128.51,52.519],[-128.577,52.452],[-128.624,52.34],[-128.679,52.29],[-128.731,52.357],[-128.736,52.468],[-128.766,52.598],[-128.746,52.763],[-128.831,52.679],[-128.9,52.674],[-129.023,52.756],[-129.085,52.822],[-129.095,52.892],[-129.176,52.965],[-129.184,52.991],[-129.084,53.14],[-129.06,53.241],[-129.033,53.28],[-128.97,53.274],[-128.858,53.229],[-128.633,53.113],[-128.552,52.94]]],[[[-131.754,53.196],[-131.652,53.103],[-131.622,53.02],[-131.635,52.922],[-131.795,52.885],[-131.88,52.915],[-131.972,52.88],[-131.904,52.867],[-131.727,52.756],[-131.611,52.745],[-131.455,52.702],[-131.573,52.623],[-131.591,52.578],[-131.444,52.453],[-131.43,52.422],[-131.26,52.416],[-131.26,52.39],[-131.327,52.318],[-131.32,52.303],[-131.143,52.291],[-131.116,52.219],[-131.222,52.154],[-131.422,52.238],[-131.511,52.322],[-131.562,52.4],[-131.81,52.542],[-132.092,52.753],[-132.165,52.783],[-132.239,52.867],[-132.258,52.934],[-132.145,52.957],[-132.144,52.999],[-132.469,53.072],[-132.505,53.087],[-132.547,53.137],[-132.345,53.136],[-132.154,53.16],[-132.036,53.179],[-131.893,53.231],[-131.754,53.196]]],[[[-129.314,52.992],[-129.37,52.998],[-129.41,53.024],[-129.5,53.129],[-129.515,53.179],[-129.451,53.175],[-129.343,53.053],[-129.314,52.992]]],[[[-128.937,52.51],[-128.969,52.464],[-129.151,52.605],[-129.251,52.722],[-129.264,52.801],[-129.246,52.811],[-129.186,52.791],[-128.994,52.662],[-128.94,52.601],[-128.937,52.51]]],[[[-128.369,52.401],[-128.445,52.387],[-128.413,52.473],[-128.436,52.56],[-128.44,52.696],[-128.365,52.782],[-128.247,52.784],[-128.324,52.459],[-128.369,52.401]]],[[[-131.029,51.962],[-131.081,51.98],[-131.103,52.014],[-131.117,52.101],[-131.098,52.151],[-131.011,52.095],[-131.029,51.962]]],[[[-127.925,51.474],[-127.941,51.457],[-127.981,51.457],[-128.045,51.474],[-128.092,51.511],[-128.149,51.627],[-128.142,51.647],[-128.032,51.708],[-127.999,51.704],[-127.916,51.585],[-127.925,51.474]]],[[[-127.197,50.64],[-126.701,50.516],[-126.204,50.454],[-125.839,50.381],[-125.615,50.359],[-125.482,50.317],[-125.233,50.012],[-124.935,49.732],[-124.905,49.685],[-124.932,49.67],[-124.931,49.643],[-124.831,49.53],[-124.643,49.429],[-124.186,49.301],[-123.996,49.224],[-123.82,49.084],[-123.752,48.951],[-123.627,48.824],[-123.497,48.582],[-123.473,48.602],[-123.458,48.674],[-123.415,48.698],[-123.284,48.455],[-123.311,48.411],[-123.335,48.406],[-123.446,48.427],[-123.573,48.323],[-124.115,48.436],[-124.689,48.597],[-125.017,48.711],[-125.121,48.761],[-125.136,48.822],[-124.85,49.028],[-124.8,49.142],[-124.813,49.213],[-124.868,49.079],[-124.927,49.014],[-125.168,48.991],[-125.363,48.998],[-125.46,48.941],[-125.489,48.934],[-125.543,48.953],[-125.66,49.029],[-125.829,49.092],[-125.702,49.139],[-125.644,49.186],[-125.728,49.2],[-125.835,49.277],[-125.952,49.248],[-125.984,49.288],[-125.935,49.401],[-126.02,49.368],[-126.1,49.421],[-126.169,49.415],[-126.244,49.443],[-126.27,49.432],[-126.28,49.392],[-126.304,49.382],[-126.419,49.449],[-126.445,49.451],[-126.5,49.4],[-126.549,49.419],[-126.564,49.543],[-126.542,49.59],[-126.443,49.619],[-126.158,49.65],[-126.134,49.672],[-126.348,49.661],[-126.403,49.678],[-126.463,49.72],[-126.525,49.72],[-126.593,49.764],[-126.683,49.876],[-126.903,49.944],[-126.977,49.883],[-127.114,49.88],[-127.196,49.949],[-127.207,49.992],[-127.18,50.073],[-127.216,50.121],[-127.25,50.138],[-127.268,50.129],[-127.29,50.071],[-127.349,50.052],[-127.467,50.163],[-127.675,50.163],[-127.77,50.121],[-127.864,50.128],[-127.873,50.15],[-127.828,50.211],[-127.839,50.293],[-127.851,50.314],[-127.947,50.326],[-127.963,50.346],[-127.906,50.445],[-127.832,50.471],[-127.641,50.479],[-127.578,50.465],[-127.487,50.405],[-127.529,50.537],[-127.466,50.583],[-127.751,50.607],[-127.731,50.536],[-127.865,50.499],[-128.058,50.498],[-128.136,50.521],[-128.267,50.609],[-128.35,50.697],[-128.346,50.744],[-128.301,50.794],[-128.242,50.828],[-128.101,50.858],[-127.918,50.861],[-127.713,50.821],[-127.197,50.64]]],[[[-125.184,50.097],[-125.195,50.044],[-125.26,50.13],[-125.358,50.312],[-125.301,50.414],[-125.261,50.418],[-125.196,50.39],[-125.139,50.34],[-125.074,50.221],[-125.184,50.097]]],[[[-124.978,50.03],[-125.002,50.021],[-125.026,50.134],[-124.996,50.175],[-124.991,50.217],[-124.938,50.166],[-124.907,50.084],[-124.978,50.03]]],[[[-126.641,49.606],[-126.743,49.613],[-126.939,49.718],[-126.951,49.736],[-126.897,49.783],[-126.926,49.838],[-126.826,49.872],[-126.738,49.844],[-126.65,49.746],[-126.628,49.675],[-126.626,49.627],[-126.641,49.606]]],[[[-124.154,49.531],[-124.14,49.51],[-124.362,49.588],[-124.65,49.758],[-124.623,49.775],[-124.547,49.765],[-124.421,49.728],[-124.309,49.667],[-124.154,49.531]]],[[[-126.092,49.354],[-126.064,49.264],[-126.23,49.296],[-126.231,49.339],[-126.209,49.38],[-126.092,49.354]]],[[[-123.372,48.886],[-123.385,48.875],[-123.541,48.946],[-123.689,49.095],[-123.482,48.955],[-123.378,48.908],[-123.372,48.886]]],[[[-123.435,48.754],[-123.477,48.729],[-123.518,48.75],[-123.582,48.926],[-123.468,48.867],[-123.488,48.846],[-123.423,48.793],[-123.407,48.756],[-123.435,48.754]]]]}},{"type":"Feature","properties":{},"geometry":{"type":"MultiPolygon","coordinates":[[[[-88.948,56.851],[-89.981,56.216],[-91.378,55.317],[-92.6,54.481],[-93.62,53.748],[-95.154,52.822],[-95.162,48.992],[-101.367,48.993],[-102.001,55.818],[-102.002,60.001],[-94.772,60.002],[-94.786,59.953],[-94.777,59.478],[-94.788,59.268],[-94.82,59.151],[-94.87,59.088],[-94.957,59.069],[-94.847,59.05],[-94.776,59.021],[-94.713,58.903],[-94.673,58.87],[-94.579,58.868],[-94.419,58.746],[-94.287,58.716],[-94.281,58.659],[-94.332,58.297],[-94.272,58.378],[-94.209,58.626],[-94.123,58.737],[-94.056,58.76],[-93.78,58.773],[-93.486,58.744],[-93.278,58.756],[-93.179,58.726],[-93.155,58.695],[-93.1,58.49],[-92.842,58.076],[-92.702,57.778],[-92.49,57.469],[-92.433,57.32],[-92.44,57.275],[-92.478,57.205],[-92.614,57.039],[-92.798,56.922],[-92.651,56.958],[-92.456,57.037],[-92.303,57.046],[-92.298,57.023],[-92.372,56.975],[-92.356,56.971],[-92.018,57.064],[-91.111,57.241],[-90.897,57.257],[-90.592,57.224],[-90.075,57.052],[-89.791,56.981],[-88.948,56.851]]]]}},{"type":"Feature","properties":{},"geometry":{"type":"MultiPolygon","coordinates":[[[[-64.031,46.013],[-64.051,45.978],[-64.16,45.965],[-64.273,45.85],[-64.482,45.806],[-64.633,45.947],[-64.642,45.913],[-64.594,45.814],[-64.779,45.638],[-64.898,45.626],[-65.057,45.544],[-65.282,45.473],[-65.545,45.337],[-65.884,45.223],[-65.956,45.222],[-66.11,45.317],[-66.027,45.418],[-66.183,45.335],[-66.107,45.257],[-66.144,45.228],[-66.44,45.096],[-66.511,45.143],[-66.707,45.083],[-66.872,45.067],[-66.908,45.098],[-66.919,45.146],[-66.977,45.157],[-67.084,45.144],[-67.125,45.169],[-67.25,45.201],[-67.315,45.154],[-67.367,45.174],[-67.473,45.276],[-67.428,45.378],[-67.494,45.474],[-67.488,45.501],[-67.424,45.53],[-67.414,45.566],[-67.433,45.603],[-67.596,45.621],[-67.755,45.686],[-67.802,45.728],[-67.775,45.818],[-67.782,45.874],[-67.767,45.927],[-67.785,45.953],[-67.807,47.083],[-68.097,47.275],[-68.235,47.346],[-68.358,47.345],[-68.377,47.316],[-68.829,47.203],[-68.937,47.211],[-69.003,47.236],[-69.054,47.295],[-68.628,47.421],[-68.496,47.48],[-68.43,47.528],[-68.379,47.589],[-68.378,47.929],[-68.114,47.929],[-68.114,47.999],[-67.613,47.999],[-67.609,47.969],[-67.579,47.94],[-67.365,47.855],[-67.307,47.887],[-67.058,47.919],[-66.952,47.899],[-66.925,47.964],[-66.843,47.998],[-66.704,48.022],[-66.632,48.011],[-66.429,48.067],[-66.36,48.061],[-66.21,47.989],[-65.849,47.911],[-65.756,47.86],[-65.666,47.696],[-65.607,47.67],[-65.484,47.687],[-65.344,47.768],[-65.228,47.811],[-65.002,47.847],[-65.046,47.793],[-64.874,47.797],[-64.703,47.725],[-64.852,47.57],[-64.912,47.369],[-65.086,47.234],[-65.319,47.101],[-65.192,47.05],[-65.042,47.089],[-64.942,47.086],[-64.831,47.061],[-64.906,46.888],[-64.817,46.699],[-64.726,46.671],[-64.69,46.512],[-64.641,46.426],[-64.648,46.356],[-64.557,46.311],[-64.542,46.24],[-64.212,46.22],[-64.145,46.193],[-63.916,46.166],[-63.832,46.107],[-64.056,46.021],[-64.031,46.013]]],[[[-64.476,47.959],[-64.591,47.907],[-64.52,48.005],[-64.481,48.007],[-64.476,47.959]]],[[[-64.509,47.887],[-64.534,47.814],[-64.621,47.752],[-64.685,47.754],[-64.66,47.794],[-64.663,47.863],[-64.565,47.866],[-64.509,47.887]]],[[[-66.762,44.682],[-66.897,44.629],[-66.845,44.764],[-66.802,44.805],[-66.745,44.791],[-66.762,44.682]]]]}},{"type":"Feature","properties":{},"geometry":{"type":"MultiPolygon","coordinates":[[[[-57.1,51.443],[-57.101,52.001],[-63.757,52.011],[-63.783,52.02],[-63.786,52.051],[-63.664,52.06],[-63.684,52.138],[-63.766,52.298],[-63.935,52.381],[-63.951,52.429],[-64.062,52.458],[-64.059,52.485],[-64.018,52.525],[-63.899,52.589],[-63.523,52.649],[-63.423,52.67],[-63.41,52.689],[-63.55,52.774],[-63.567,52.826],[-63.555,52.964],[-63.672,53.101],[-63.723,53.109],[-63.905,53.077],[-63.973,52.895],[-64.139,52.854],[-64.178,52.815],[-64.183,52.554],[-64.103,52.378],[-64.131,52.187],[-64.16,52.148],[-64.271,52.083],[-64.335,51.842],[-64.289,51.769],[-64.291,51.729],[-64.506,51.609],[-64.598,51.6],[-64.697,51.72],[-64.702,51.745],[-64.639,51.791],[-64.627,51.825],[-64.765,51.905],[-64.932,52.055],[-65.137,52.155],[-65.268,52.185],[-65.452,52.203],[-65.474,52.196],[-65.552,52.094],[-65.589,52.073],[-65.781,52.104],[-65.827,52.052],[-65.883,52.054],[-66.036,52.109],[-66.097,52.21],[-66.28,52.301],[-66.296,52.295],[-66.345,52.155],[-66.407,52.184],[-66.462,52.295],[-66.463,52.341],[-66.394,52.418],[-66.426,52.661],[-66.366,52.741],[-66.357,52.806],[-66.341,52.84],[-66.31,52.861],[-66.3,52.897],[-66.39,52.992],[-66.428,53.011],[-66.468,53.019],[-66.521,52.958],[-66.615,52.932],[-66.688,52.727],[-66.815,52.687],[-66.951,52.698],[-67.029,52.72],[-67.068,52.755],[-67.054,52.92],[-66.97,53.073],[-66.944,53.355],[-66.98,53.384],[-67.076,53.417],[-67.165,53.543],[-67.474,53.613],[-67.456,53.73],[-67.471,53.796],[-67.757,54.034],[-67.761,54.061],[-67.681,54.141],[-67.511,54.236],[-67.515,54.282],[-67.61,54.452],[-67.62,54.507],[-67.601,54.553],[-67.537,54.573],[-67.286,54.519],[-67.236,54.586],[-67.15,54.617],[-67.147,54.653],[-67.199,54.682],[-67.29,54.826],[-67.416,54.984],[-67.437,55.036],[-67.408,55.072],[-67.302,55.064],[-67.167,54.937],[-66.867,54.781],[-66.724,54.748],[-66.651,54.799],[-66.657,54.847],[-66.71,54.948],[-66.693,54.998],[-66.747,55.129],[-66.719,55.193],[-66.725,55.213],[-66.797,55.294],[-66.8,55.311],[-66.774,55.328],[-66.618,55.256],[-66.157,54.968],[-65.884,54.907],[-65.797,54.805],[-65.676,54.745],[-65.122,54.719],[-64.815,54.734],[-64.341,54.726],[-63.91,54.634],[-63.699,54.615],[-63.658,54.644],[-63.57,54.776],[-63.476,54.962],[-63.551,55.086],[-63.534,55.14],[-63.429,55.21],[-63.161,55.307],[-63.112,55.34],[-63.151,55.404],[-63.154,55.514],[-63.305,55.542],[-63.415,55.596],[-63.701,55.861],[-63.698,55.923],[-63.558,55.992],[-63.578,56.026],[-63.836,56.063],[-63.886,56.088],[-64.004,56.097],[-63.992,56.145],[-63.899,56.212],[-63.913,56.229],[-64.084,56.275],[-64.121,56.299],[-64.136,56.395],[-64.053,56.43],[-63.955,56.439],[-63.926,56.475],[-63.955,56.527],[-64.116,56.707],[-64.101,56.738],[-63.903,56.889],[-63.876,57.023],[-63.792,57.13],[-63.758,57.228],[-63.793,57.279],[-63.8,57.319],[-63.742,57.396],[-63.759,57.553],[-63.744,57.581],[-63.615,57.669],[-63.598,57.692],[-63.601,57.723],[-63.716,57.696],[-63.793,57.706],[-63.842,57.713],[-63.961,57.802],[-64.045,57.785],[-64.134,57.875],[-64.227,58.018],[-64.387,58.099],[-64.4,58.121],[-64.371,58.169],[-64.098,58.359],[-63.848,58.46],[-63.841,58.505],[-63.882,58.555],[-64.039,58.545],[-64.062,58.555],[-64.086,58.599],[-64.071,58.642],[-63.961,58.684],[-63.553,58.732],[-63.497,58.753],[-63.535,58.799],[-63.592,58.83],[-63.727,58.862],[-64.192,58.769],[-64.236,58.786],[-64.294,58.866],[-64.809,58.929],[-64.848,58.949],[-64.851,58.984],[-64.833,59.02],[-64.77,59.049],[-64.394,58.998],[-64.324,59.02],[-64.332,59.044],[-64.478,59.116],[-64.519,59.226],[-64.519,59.356],[-64.503,59.399],[-64.379,59.475],[-64.385,59.515],[-64.445,59.528],[-64.715,59.466],[-64.776,59.488],[-64.818,59.54],[-64.791,59.816],[-64.762,59.864],[-64.666,59.906],[-64.661,59.922],[-64.682,59.943],[-64.834,59.986],[-64.887,60.035],[-64.88,60.05],[-64.782,60.064],[-64.65,60.11],[-64.622,60.141],[-64.645,60.161],[-64.789,60.196],[-64.847,60.251],[-64.614,60.306],[-64.499,60.268],[-64.436,60.228],[-64.42,60.171],[-64.528,60.095],[-64.768,60.012],[-64.733,59.998],[-64.559,60.043],[-64.408,60.065],[-64.284,60.064],[-64.183,59.973],[-64.169,59.847],[-64.226,59.741],[-64.151,59.794],[-64.056,59.823],[-63.979,59.754],[-63.97,59.698],[-63.929,59.645],[-63.75,59.513],[-63.85,59.448],[-63.971,59.409],[-63.945,59.38],[-63.781,59.349],[-63.759,59.319],[-63.776,59.277],[-63.638,59.341],[-63.54,59.333],[-63.415,59.194],[-63.506,59.115],[-63.756,59.063],[-63.971,59.054],[-63.941,59.027],[-63.568,59.047],[-63.399,59.08],[-63.248,59.068],[-63.222,59.057],[-63.31,59.026],[-63.216,58.928],[-63.282,58.867],[-63.185,58.858],[-63.05,58.878],[-63.008,58.855],[-62.926,58.765],[-62.874,58.672],[-63.102,58.546],[-63.219,58.52],[-63.39,58.453],[-63.438,58.399],[-63.537,58.33],[-63.474,58.331],[-63.296,58.441],[-63.21,58.467],[-63.145,58.46],[-63.12,58.442],[-63.132,58.411],[-62.837,58.479],[-62.608,58.496],[-62.594,58.474],[-62.674,58.319],[-62.812,58.2],[-63.063,58.127],[-63.262,58.015],[-63.22,58.002],[-62.981,58.093],[-62.818,58.129],[-62.588,58.158],[-62.486,58.154],[-62.306,57.972],[-62.202,57.955],[-62.117,57.964],[-61.959,57.912],[-61.899,57.861],[-61.914,57.825],[-61.968,57.803],[-61.995,57.769],[-61.931,57.669],[-61.968,57.612],[-62.167,57.537],[-62.254,57.529],[-62.339,57.485],[-62.496,57.489],[-62.396,57.448],[-62.088,57.453],[-61.921,57.421],[-61.85,57.37],[-61.977,57.248],[-61.861,57.198],[-61.629,57.183],[-61.334,57.011],[-61.346,56.922],[-61.39,56.853],[-61.372,56.681],[-61.532,56.655],[-62.062,56.699],[-62.366,56.767],[-62.382,56.788],[-62.296,56.833],[-62.372,56.836],[-62.497,56.802],[-62.396,56.73],[-62.116,56.667],[-61.992,56.591],[-61.855,56.584],[-61.738,56.526],[-61.76,56.511],[-61.899,56.505],[-62.01,56.454],[-61.94,56.424],[-61.515,56.39],[-61.425,56.361],[-61.499,56.328],[-61.707,56.289],[-61.713,56.231],[-61.559,56.208],[-61.365,56.216],[-61.324,56.076],[-61.301,56.047],[-61.449,56.022],[-61.45,55.996],[-61.188,55.955],[-61.134,55.93],[-61.123,55.889],[-61.089,55.866],[-60.996,55.862],[-60.832,55.958],[-60.743,55.941],[-60.737,55.887],[-60.593,55.815],[-60.562,55.727],[-60.476,55.805],[-60.341,55.785],[-60.365,55.709],[-60.408,55.65],[-60.352,55.612],[-60.308,55.557],[-60.192,55.481],[-60.224,55.444],[-60.361,55.366],[-60.45,55.2],[-60.617,55.06],[-60.557,55.067],[-60.341,55.194],[-60.213,55.236],[-59.93,55.259],[-59.862,55.295],[-59.759,55.31],[-59.695,55.269],[-59.689,55.196],[-59.605,55.173],[-59.518,55.197],[-59.438,55.176],[-59.742,54.943],[-59.816,54.867],[-59.838,54.814],[-59.75,54.887],[-59.429,55.056],[-59.26,55.2],[-59.086,55.183],[-58.997,55.149],[-58.956,55.055],[-58.886,54.952],[-58.78,54.838],[-58.398,54.774],[-58.223,54.813],[-58.195,54.866],[-58.058,54.882],[-57.962,54.876],[-57.929,54.773],[-57.827,54.719],[-57.627,54.65],[-57.483,54.64],[-57.405,54.591],[-57.404,54.57],[-57.485,54.518],[-57.563,54.44],[-57.699,54.387],[-57.889,54.384],[-58.151,54.35],[-58.162,54.32],[-58.22,54.286],[-58.435,54.228],[-58.558,54.103],[-58.633,54.05],[-58.92,54.033],[-59.039,53.964],[-59.201,53.929],[-59.497,53.834],[-59.823,53.834],[-60.057,53.733],[-60.101,53.634],[-60.145,53.596],[-60.263,53.61],[-60.395,53.653],[-60.37,53.607],[-60.16,53.53],[-60.1,53.487],[-60.29,53.391],[-60.306,53.36],[-60.251,53.344],[-60.273,53.317],[-60.346,53.289],[-60.329,53.266],[-60.148,53.307],[-59.987,53.393],[-59.882,53.48],[-59.829,53.505],[-59.621,53.537],[-59.322,53.644],[-58.92,53.875],[-58.652,53.978],[-58.327,54.052],[-58.088,54.09],[-57.936,54.091],[-57.928,54.104],[-58.177,54.131],[-58.317,54.114],[-58.361,54.154],[-58.31,54.202],[-58.192,54.228],[-57.615,54.191],[-57.416,54.163],[-57.199,53.924],[-57.149,53.848],[-57.135,53.792],[-57.157,53.757],[-57.244,53.715],[-57.524,53.611],[-57.527,53.6],[-57.42,53.583],[-57.386,53.561],[-57.332,53.469],[-57.012,53.673],[-56.841,53.739],[-56.524,53.766],[-56.465,53.765],[-56.444,53.718],[-56.354,53.624],[-56.27,53.6],[-56.11,53.588],[-55.966,53.471],[-55.859,53.344],[-55.855,53.286],[-55.798,53.212],[-55.808,53.135],[-55.892,53.0],[-55.83,52.878],[-55.858,52.823],[-55.873,52.736],[-55.803,52.643],[-55.848,52.623],[-56.167,52.575],[-56.292,52.574],[-56.325,52.545],[-56.053,52.537],[-55.84,52.508],[-55.746,52.475],[-55.706,52.428],[-55.716,52.391],[-55.777,52.364],[-56.012,52.394],[-56.005,52.37],[-55.691,52.242],[-55.673,52.19],[-55.695,52.138],[-56.018,51.929],[-56.283,51.797],[-56.549,51.681],[-56.976,51.458],[-57.1,51.443]]],[[[-61.744,57.555],[-61.66,57.525],[-61.637,57.416],[-61.795,57.422],[-61.975,57.495],[-62.011,57.548],[-61.983,57.567],[-61.938,57.554],[-61.848,57.579],[-61.744,57.555]]],[[[-60.994,56.039],[-60.983,56.015],[-61.137,56.033],[-61.191,56.048],[-61.196,56.064],[-61.158,56.118],[-61.087,56.141],[-60.966,56.099],[-60.955,56.08],[-60.994,56.039]]],[[[-55.361,51.89],[-55.42,51.9],[-55.4,51.938],[-55.346,51.983],[-55.274,51.995],[-55.294,51.93],[-55.361,51.89]]],[[[-55.459,51.537],[-55.583,51.389],[-55.731,51.359],[-56.031,51.328],[-56.044,51.262],[-56.0,51.199],[-55.841,51.205],[-55.795,51.166],[-55.785,51.087],[-55.8,51.033],[-55.871,50.907],[-55.962,50.838],[-56.107,50.759],[-56.136,50.651],[-56.196,50.585],[-56.382,50.417],[-56.454,50.38],[-56.484,50.271],[-56.732,50.008],[-56.754,49.883],[-56.849,49.765],[-56.809,49.71],[-56.822,49.613],[-56.757,49.652],[-56.501,49.87],[-56.376,49.934],[-56.247,50.09],[-56.179,50.115],[-56.148,50.1],[-56.122,50.063],[-56.161,49.94],[-56.075,49.983],[-55.927,50.018],[-55.873,50.013],[-55.765,49.96],[-55.53,49.997],[-55.503,49.983],[-55.527,49.937],[-55.584,49.892],[-56.04,49.705],[-56.14,49.619],[-55.978,49.678],[-55.87,49.67],[-55.892,49.58],[-56.087,49.452],[-55.815,49.515],[-55.678,49.435],[-55.376,49.49],[-55.344,49.373],[-55.29,49.392],[-55.28,49.413],[-55.283,49.514],[-55.266,49.524],[-55.23,49.508],[-55.207,49.482],[-55.2,49.409],[-55.259,49.267],[-55.343,49.168],[-55.332,49.126],[-55.353,49.079],[-55.252,49.121],[-55.245,49.2],[-55.176,49.244],[-55.026,49.305],[-55.01,49.293],[-55.016,49.26],[-54.983,49.268],[-54.911,49.316],[-54.718,49.389],[-54.579,49.491],[-54.502,49.527],[-54.469,49.53],[-54.481,49.469],[-54.463,49.342],[-54.448,49.329],[-54.389,49.392],[-54.317,49.424],[-53.958,49.442],[-53.862,49.426],[-53.619,49.322],[-53.57,49.264],[-53.56,49.192],[-53.573,49.141],[-53.758,49.035],[-53.809,48.993],[-53.845,48.925],[-53.903,48.889],[-54.161,48.788],[-53.853,48.811],[-53.848,48.797],[-53.887,48.768],[-53.962,48.739],[-53.966,48.707],[-53.886,48.685],[-53.784,48.695],[-53.698,48.68],[-53.706,48.656],[-53.775,48.576],[-53.795,48.526],[-54.114,48.394],[-53.937,48.437],[-53.799,48.449],[-53.739,48.496],[-53.644,48.511],[-53.552,48.482],[-53.411,48.562],[-53.22,48.578],[-53.057,48.659],[-53.028,48.635],[-53.021,48.572],[-53.037,48.516],[-53.136,48.402],[-53.225,48.364],[-53.334,48.356],[-53.406,48.294],[-53.61,48.208],[-53.56,48.174],[-53.542,48.108],[-53.569,48.088],[-53.704,48.068],[-53.87,48.02],[-53.794,48.01],[-53.653,48.026],[-53.638,48.015],[-53.695,47.921],[-53.864,47.787],[-53.805,47.682],[-53.765,47.65],[-53.672,47.648],[-53.604,47.662],[-53.504,47.744],[-53.283,47.998],[-52.921,48.147],[-52.866,48.113],[-52.998,47.976],[-53.154,47.735],[-53.176,47.653],[-53.17,47.512],[-53.122,47.455],[-52.945,47.553],[-52.873,47.619],[-52.782,47.769],[-52.745,47.769],[-52.711,47.745],[-52.654,47.549],[-52.684,47.426],[-52.912,47.103],[-52.888,47.046],[-52.889,46.974],[-52.962,46.819],[-53.07,46.681],[-53.167,46.647],[-53.214,46.661],[-53.291,46.717],[-53.323,46.718],[-53.382,46.711],[-53.536,46.633],[-53.59,46.639],[-53.616,46.68],[-53.581,46.957],[-53.612,47.01],[-53.58,47.099],[-53.578,47.133],[-53.597,47.146],[-53.636,47.138],[-53.86,46.939],[-54.01,46.84],[-54.102,46.825],[-54.174,46.88],[-54.155,46.967],[-54.093,47.086],[-53.869,47.387],[-53.85,47.44],[-53.901,47.509],[-53.989,47.756],[-54.047,47.806],[-54.192,47.86],[-54.218,47.847],[-54.234,47.772],[-54.405,47.556],[-54.435,47.462],[-54.488,47.404],[-54.563,47.375],[-54.463,47.536],[-54.474,47.547],[-54.651,47.408],[-54.857,47.385],[-55.09,47.174],[-55.099,47.104],[-55.14,47.046],[-55.316,46.906],[-55.531,46.914],[-55.652,46.881],[-55.789,46.867],[-55.881,46.887],[-55.95,46.928],[-55.955,46.973],[-55.919,47.017],[-55.838,47.072],[-55.61,47.12],[-55.492,47.161],[-55.361,47.259],[-55.191,47.449],[-54.976,47.516],[-54.87,47.571],[-54.785,47.665],[-54.946,47.621],[-55.035,47.634],[-55.075,47.658],[-55.366,47.661],[-55.391,47.643],[-55.435,47.501],[-55.576,47.465],[-55.775,47.498],[-55.862,47.53],[-56.127,47.503],[-55.867,47.592],[-55.844,47.788],[-55.858,47.819],[-56.02,47.764],[-56.121,47.789],[-56.151,47.775],[-56.221,47.671],[-56.263,47.658],[-56.46,47.617],[-56.722,47.592],[-56.774,47.565],[-57.473,47.631],[-57.66,47.625],[-57.926,47.675],[-58.333,47.677],[-58.337,47.731],[-58.509,47.653],[-58.613,47.626],[-58.941,47.58],[-59.117,47.571],[-59.219,47.603],[-59.26,47.634],[-59.321,47.737],[-59.362,47.866],[-59.341,47.934],[-59.272,47.996],[-58.961,48.159],[-58.605,48.411],[-58.33,48.522],[-58.492,48.513],[-58.723,48.541],[-59.167,48.522],[-59.168,48.558],[-58.842,48.746],[-58.819,48.747],[-58.887,48.692],[-58.906,48.65],[-58.843,48.605],[-58.716,48.598],[-58.687,48.622],[-58.642,48.749],[-58.494,49.003],[-58.404,49.084],[-58.359,49.097],[-58.186,49.062],[-58.05,48.988],[-57.991,48.988],[-58.041,49.01],[-58.099,49.077],[-58.049,49.18],[-57.991,49.209],[-57.98,49.23],[-58.097,49.23],[-58.191,49.259],[-58.219,49.305],[-58.213,49.387],[-58.183,49.435],[-58.107,49.5],[-58.016,49.543],[-57.961,49.532],[-57.856,49.474],[-57.791,49.49],[-57.897,49.6],[-57.929,49.668],[-57.926,49.701],[-57.713,50.025],[-57.433,50.506],[-57.331,50.605],[-57.18,50.615],[-57.264,50.649],[-57.294,50.673],[-57.298,50.699],[-57.242,50.745],[-57.132,50.787],[-57.053,50.857],[-57.006,50.94],[-57.036,51.011],[-56.976,51.028],[-56.825,51.126],[-56.75,51.275],[-56.682,51.333],[-56.518,51.399],[-56.207,51.489],[-56.026,51.568],[-55.902,51.564],[-55.866,51.508],[-55.69,51.471],[-55.66,51.511],[-55.701,51.559],[-55.666,51.579],[-55.522,51.596],[-55.453,51.562],[-55.459,51.537]]],[[[-55.536,50.72],[-55.601,50.709],[-55.629,50.721],[-55.634,50.74],[-55.605,50.781],[-55.527,50.801],[-55.469,50.796],[-55.473,50.776],[-55.536,50.72]]],[[[-54.094,49.744],[-53.981,49.662],[-54.238,49.592],[-54.286,49.595],[-54.278,49.711],[-54.259,49.719],[-54.199,49.689],[-54.138,49.751],[-54.094,49.744]]],[[[-54.554,49.589],[-54.786,49.496],[-54.819,49.514],[-54.864,49.576],[-54.855,49.597],[-54.813,49.599],[-54.764,49.562],[-54.733,49.562],[-54.619,49.622],[-54.559,49.631],[-54.538,49.62],[-54.554,49.589]]],[[[-54.227,47.441],[-54.276,47.407],[-54.326,47.408],[-54.32,47.439],[-54.227,47.54],[-54.215,47.585],[-54.128,47.647],[-54.148,47.573],[-54.227,47.441]]]]}},{"type":"Feature","properties":{},"geometry":{"type":"MultiPolygon","coordinates":[[[[-64.315,45.836],[-64.273,45.85],[-64.16,45.965],[-64.051,45.978],[-64.031,46.013],[-63.875,45.959],[-63.703,45.858],[-63.509,45.875],[-63.358,45.811],[-63.293,45.752],[-63.108,45.782],[-62.911,45.776],[-62.701,45.741],[-62.718,45.686],[-62.75,45.648],[-62.586,45.661],[-62.483,45.622],[-62.422,45.665],[-62.218,45.731],[-61.956,45.868],[-61.924,45.851],[-61.877,45.714],[-61.777,45.656],[-61.657,45.642],[-61.492,45.687],[-61.428,45.648],[-61.351,45.574],[-61.277,45.476],[-61.282,45.441],[-61.461,45.367],[-61.107,45.349],[-61.032,45.292],[-61.101,45.233],[-61.165,45.256],[-61.284,45.235],[-61.387,45.185],[-61.647,45.131],[-61.719,45.094],[-61.794,45.084],[-62.027,44.994],[-62.265,44.936],[-62.514,44.844],[-63.032,44.715],[-63.156,44.711],[-63.306,44.643],[-63.381,44.652],[-63.457,44.64],[-63.544,44.655],[-63.604,44.683],[-63.558,44.611],[-63.545,44.544],[-63.61,44.48],[-63.761,44.486],[-63.821,44.511],[-63.891,44.546],[-63.924,44.604],[-64.0,44.645],[-64.045,44.588],[-64.045,44.545],[-64.101,44.487],[-64.167,44.587],[-64.286,44.55],[-64.339,44.445],[-64.276,44.334],[-64.335,44.292],[-64.378,44.304],[-64.469,44.185],[-64.578,44.142],[-64.692,44.021],[-64.826,43.929],[-64.862,43.868],[-65.087,43.727],[-65.235,43.727],[-65.33,43.668],[-65.344,43.55],[-65.429,43.561],[-65.45,43.524],[-65.482,43.518],[-65.564,43.553],[-65.662,43.534],[-65.738,43.561],[-65.835,43.734],[-65.887,43.795],[-65.978,43.815],[-66.038,43.742],[-66.126,43.814],[-66.193,44.08],[-66.193,44.144],[-66.1,44.367],[-65.868,44.569],[-65.942,44.576],[-66.146,44.436],[-66.022,44.562],[-65.917,44.615],[-65.682,44.651],[-65.616,44.68],[-65.52,44.733],[-65.502,44.76],[-65.728,44.697],[-65.657,44.76],[-64.903,45.121],[-64.751,45.18],[-64.449,45.256],[-64.407,45.306],[-64.448,45.337],[-64.331,45.309],[-64.359,45.238],[-64.354,45.138],[-64.235,45.114],[-64.136,45.023],[-64.183,45.147],[-64.093,45.217],[-63.748,45.311],[-63.46,45.321],[-63.368,45.365],[-63.614,45.394],[-63.906,45.378],[-64.087,45.411],[-64.336,45.39],[-64.6,45.41],[-64.681,45.383],[-64.747,45.324],[-64.913,45.375],[-64.827,45.476],[-64.56,45.625],[-64.351,45.783],[-64.315,45.836]]],[[[-61.105,45.945],[-61.071,45.937],[-60.937,45.986],[-60.865,45.983],[-60.868,45.949],[-61.038,45.882],[-60.971,45.856],[-60.972,45.838],[-61.052,45.795],[-61.092,45.748],[-61.059,45.703],[-60.93,45.748],[-60.806,45.738],[-60.738,45.751],[-60.472,45.947],[-60.461,45.969],[-60.705,45.933],[-60.733,45.957],[-60.573,46.061],[-60.586,46.117],[-60.505,46.204],[-60.377,46.285],[-60.298,46.311],[-60.244,46.27],[-60.226,46.196],[-60.092,46.206],[-59.961,46.191],[-59.865,46.16],[-59.849,46.113],[-59.881,46.062],[-59.934,46.019],[-59.828,45.965],[-59.842,45.942],[-60.016,45.88],[-60.205,45.743],[-60.386,45.655],[-60.673,45.591],[-60.872,45.611],[-61.284,45.574],[-61.45,45.716],[-61.495,45.941],[-61.481,46.06],[-61.409,46.17],[-61.241,46.303],[-60.87,46.797],[-60.617,46.976],[-60.571,46.999],[-60.489,47.01],[-60.408,47.004],[-60.431,46.963],[-60.425,46.923],[-60.332,46.768],[-60.384,46.613],[-60.482,46.414],[-60.508,46.303],[-60.495,46.27],[-60.577,46.172],[-60.745,46.093],[-60.912,46.045],[-61.105,45.945]]],[[[-60.962,45.49],[-61.003,45.482],[-61.076,45.537],[-61.082,45.558],[-61.026,45.577],[-60.912,45.567],[-60.962,45.49]]],[[[-66.274,44.292],[-66.324,44.257],[-66.25,44.379],[-66.21,44.392],[-66.274,44.292]]],[[[-59.788,43.94],[-59.922,43.904],[-60.038,43.907],[-60.114,43.939],[-60.117,43.953],[-59.866,43.947],[-59.727,44.003],[-59.788,43.94]]]]}},{"type":"Feature","properties":{},"geometry":{"type":"MultiPolygon","coordinates":[[[[-110.0,60.001],[-123.819,60.001],[-123.879,60.04],[-124.011,60.046],[-123.997,60.127],[-124.185,60.321],[-124.225,60.453],[-124.249,60.473],[-124.403,60.494],[-124.469,60.567],[-124.599,60.662],[-124.611,60.701],[-124.505,60.788],[-124.506,60.822],[-124.583,60.953],[-124.807,60.961],[-124.86,60.924],[-124.88,60.86],[-125.152,60.844],[-125.322,60.792],[-125.707,60.84],[-125.899,60.89],[-125.957,60.865],[-126.003,60.809],[-126.064,60.816],[-126.099,60.829],[-126.115,60.863],[-126.162,60.866],[-126.223,60.856],[-126.235,60.809],[-126.297,60.785],[-126.52,60.8],[-126.665,60.762],[-126.859,60.769],[-126.89,60.796],[-126.888,60.833],[-126.912,60.86],[-126.909,60.95],[-126.944,61.052],[-126.964,61.063],[-127.055,61.051],[-127.093,61.071],[-127.082,61.094],[-127.027,61.126],[-127.021,61.237],[-127.073,61.37],[-127.167,61.465],[-127.299,61.512],[-127.468,61.511],[-127.609,61.533],[-127.807,61.619],[-127.994,61.711],[-128.047,61.813],[-128.094,61.841],[-128.206,61.865],[-128.258,61.928],[-128.366,61.991],[-128.4,62.034],[-128.561,62.117],[-128.679,62.112],[-128.814,62.064],[-128.907,62.119],[-129.136,62.126],[-129.255,62.153],[-129.269,62.166],[-129.233,62.22],[-129.293,62.294],[-129.291,62.322],[-129.239,62.373],[-129.296,62.425],[-129.287,62.441],[-129.2,62.47],[-129.189,62.49],[-129.211,62.513],[-129.49,62.599],[-129.525,62.674],[-129.62,62.712],[-129.658,62.776],[-129.719,62.832],[-129.729,62.865],[-129.714,62.931],[-129.612,63.059],[-129.827,63.092],[-129.906,63.187],[-130.06,63.261],[-130.134,63.276],[-130.14,63.293],[-130.102,63.319],[-129.948,63.376],[-129.905,63.406],[-129.845,63.486],[-129.855,63.522],[-129.888,63.555],[-129.976,63.616],[-130.063,63.636],[-130.111,63.695],[-130.244,63.678],[-130.303,63.704],[-130.298,63.721],[-130.26,63.737],[-130.121,63.773],[-130.118,63.793],[-130.14,63.808],[-130.283,63.823],[-130.513,63.92],[-130.661,63.951],[-130.758,63.993],[-130.792,64.031],[-130.847,64.049],[-130.93,64.125],[-130.941,64.141],[-130.913,64.168],[-130.913,64.193],[-131.012,64.273],[-131.022,64.324],[-131.107,64.401],[-131.359,64.458],[-131.513,64.393],[-131.586,64.38],[-131.797,64.388],[-131.803,64.407],[-131.716,64.515],[-131.729,64.534],[-131.893,64.577],[-132.052,64.684],[-132.106,64.702],[-132.321,64.763],[-132.588,64.794],[-132.601,64.826],[-132.505,64.884],[-132.497,64.957],[-132.354,65.039],[-132.353,65.057],[-132.381,65.075],[-132.516,65.094],[-132.538,65.109],[-132.54,65.17],[-132.579,65.185],[-132.708,65.167],[-132.752,65.173],[-132.773,65.203],[-132.762,65.225],[-132.597,65.28],[-132.542,65.341],[-132.346,65.443],[-132.268,65.538],[-132.195,65.598],[-132.196,65.628],[-132.295,65.716],[-132.555,65.857],[-132.539,65.886],[-132.341,65.955],[-132.343,65.979],[-132.371,65.994],[-132.483,65.989],[-132.614,66.029],[-132.714,65.998],[-132.821,65.928],[-132.903,65.914],[-132.948,65.917],[-132.968,65.934],[-132.916,66.002],[-132.938,66.029],[-133.229,66.006],[-133.412,65.956],[-133.622,65.975],[-133.624,66.01],[-133.676,66.074],[-133.677,66.096],[-133.569,66.177],[-133.583,66.285],[-133.79,66.304],[-133.8,66.326],[-133.739,66.44],[-133.654,66.453],[-133.658,66.509],[-133.635,66.566],[-133.764,66.651],[-133.806,66.733],[-133.783,66.785],[-133.794,66.819],[-133.924,66.903],[-134.031,66.944],[-134.056,67.004],[-136.126,67.005],[-136.195,67.036],[-136.223,67.088],[-136.218,67.181],[-136.15,67.226],[-136.105,67.304],[-136.178,67.423],[-136.169,67.514],[-136.233,67.6],[-136.401,67.666],[-136.434,67.703],[-136.445,67.747],[-136.444,68.895],[-136.122,68.882],[-135.867,68.833],[-135.362,68.696],[-135.259,68.684],[-135.231,68.694],[-135.435,68.842],[-135.638,68.892],[-135.895,68.927],[-135.939,68.974],[-135.925,68.993],[-135.59,69.008],[-135.576,69.027],[-135.743,69.049],[-135.91,69.111],[-135.691,69.311],[-135.615,69.291],[-135.5,69.337],[-135.293,69.308],[-135.255,69.324],[-135.23,69.425],[-135.141,69.468],[-134.853,69.486],[-134.494,69.468],[-134.457,69.478],[-134.495,69.572],[-134.451,69.665],[-134.409,69.682],[-134.242,69.669],[-134.077,69.558],[-133.9,69.528],[-133.88,69.508],[-133.947,69.43],[-134.165,69.281],[-134.174,69.253],[-133.694,69.368],[-133.163,69.434],[-133.028,69.508],[-132.915,69.63],[-132.84,69.651],[-132.527,69.643],[-132.404,69.659],[-132.413,69.674],[-132.479,69.693],[-132.568,69.698],[-132.538,69.727],[-132.488,69.738],[-132.334,69.752],[-132.232,69.708],[-132.163,69.705],[-131.934,69.753],[-131.582,69.882],[-131.441,69.918],[-131.319,69.924],[-131.216,69.901],[-131.136,69.907],[-130.926,70.052],[-130.665,70.127],[-130.498,70.143],[-130.175,70.086],[-129.945,70.091],[-129.73,70.192],[-129.676,70.193],[-129.538,70.105],[-129.538,70.074],[-129.648,69.998],[-130.459,69.78],[-130.832,69.651],[-131.938,69.535],[-131.989,69.518],[-132.129,69.402],[-132.331,69.308],[-132.481,69.273],[-132.687,69.26],[-132.817,69.206],[-133.089,69.029],[-133.379,68.887],[-133.418,68.844],[-133.348,68.77],[-133.197,68.74],[-133.138,68.747],[-133.337,68.835],[-133.304,68.847],[-132.706,68.815],[-132.578,68.848],[-132.533,68.876],[-132.542,68.89],[-132.704,68.896],[-132.739,68.922],[-132.77,69.012],[-132.719,69.079],[-132.545,69.141],[-132.358,69.167],[-131.92,69.291],[-131.787,69.371],[-131.781,69.389],[-131.82,69.402],[-131.788,69.432],[-131.563,69.461],[-131.343,69.435],[-131.303,69.415],[-131.325,69.361],[-131.294,69.364],[-131.162,69.455],[-131.063,69.451],[-131.013,69.429],[-130.986,69.363],[-130.971,69.209],[-130.875,69.32],[-130.661,69.481],[-130.516,69.57],[-130.354,69.656],[-130.118,69.72],[-129.572,69.827],[-129.109,69.882],[-128.899,69.966],[-128.884,69.963],[-128.939,69.875],[-129.138,69.833],[-129.158,69.8],[-129.136,69.75],[-129.102,69.717],[-129.054,69.701],[-128.853,69.751],[-128.387,69.96],[-128.279,70.108],[-128.096,70.161],[-127.765,70.222],[-127.684,70.26],[-127.974,70.293],[-128.044,70.329],[-127.989,70.363],[-128.17,70.418],[-128.168,70.48],[-128.127,70.524],[-128.041,70.566],[-127.991,70.574],[-127.753,70.517],[-127.226,70.296],[-126.927,70.062],[-126.685,69.777],[-126.25,69.545],[-125.907,69.419],[-125.525,69.352],[-125.387,69.349],[-125.172,69.428],[-125.167,69.48],[-125.262,69.566],[-125.357,69.626],[-125.346,69.662],[-125.219,69.732],[-125.228,69.757],[-125.201,69.829],[-125.08,69.818],[-124.968,69.894],[-124.768,69.99],[-124.99,70.027],[-124.745,70.08],[-124.706,70.117],[-124.555,70.151],[-124.444,70.111],[-124.472,69.919],[-124.407,69.767],[-124.349,69.735],[-124.125,69.69],[-124.138,69.653],[-124.398,69.494],[-124.481,69.425],[-124.472,69.4],[-124.426,69.379],[-124.338,69.365],[-124.112,69.359],[-124.05,69.373],[-123.528,69.389],[-123.46,69.42],[-123.361,69.497],[-123.249,69.52],[-123.214,69.541],[-123.144,69.632],[-123.11,69.738],[-123.077,69.782],[-123.026,69.81],[-122.07,69.816],[-121.531,69.776],[-120.962,69.66],[-120.682,69.567],[-120.678,68.003],[-112.504,65.502],[-110.669,65.497],[-109.516,64.903],[-109.215,64.813],[-108.973,64.779],[-101.999,64.228],[-101.987,64.08],[-102.006,63.849],[-102.002,60.001],[-110.0,60.001]]],[[[-110.004,78.687],[-110.004,78.322],[-110.418,78.295],[-110.755,78.311],[-111.169,78.386],[-111.229,78.376],[-111.435,78.287],[-111.518,78.275],[-111.76,78.283],[-112.131,78.366],[-113.173,78.284],[-113.293,78.334],[-113.282,78.353],[-113.15,78.408],[-112.856,78.467],[-112.214,78.548],[-111.709,78.575],[-111.52,78.603],[-111.4,78.644],[-111.071,78.708],[-110.878,78.735],[-110.618,78.758],[-110.408,78.757],[-110.004,78.687]]],[[[-110.004,78.09],[-110.004,77.929],[-110.751,77.857],[-110.866,77.834],[-110.812,77.803],[-110.719,77.781],[-110.292,77.786],[-110.153,77.763],[-110.118,77.716],[-110.117,77.625],[-110.139,77.572],[-110.198,77.525],[-110.894,77.426],[-111.226,77.429],[-111.952,77.344],[-112.177,77.344],[-112.373,77.364],[-112.644,77.444],[-112.926,77.475],[-113.164,77.53],[-113.209,77.58],[-113.121,77.633],[-113.19,77.718],[-113.271,77.778],[-113.283,77.813],[-113.269,77.86],[-113.187,77.912],[-112.805,77.942],[-112.305,78.007],[-111.207,78.088],[-110.873,78.081],[-110.458,78.103],[-110.004,78.09]]],[[[-113.832,77.755],[-114.106,77.721],[-114.287,77.721],[-114.608,77.769],[-114.98,77.915],[-115.029,77.968],[-114.89,77.977],[-114.607,78.04],[-114.33,78.078],[-114.297,78.063],[-114.303,78.033],[-114.28,78.004],[-114.087,77.978],[-113.898,77.916],[-113.768,77.904],[-113.618,77.832],[-113.619,77.813],[-113.832,77.755]]],[[[-115.551,77.363],[-115.47,77.309],[-115.624,77.266],[-116.214,77.178],[-116.329,77.137],[-116.286,77.102],[-115.857,76.969],[-115.81,76.939],[-115.913,76.908],[-116.11,76.918],[-116.253,76.901],[-116.234,76.874],[-116.016,76.785],[-115.945,76.736],[-115.946,76.711],[-116.22,76.611],[-116.999,76.532],[-117.044,76.373],[-117.154,76.298],[-117.234,76.282],[-117.492,76.273],[-117.841,76.345],[-117.993,76.406],[-118.02,76.447],[-117.965,76.574],[-117.808,76.734],[-117.78,76.784],[-117.818,76.804],[-117.881,76.805],[-118.301,76.737],[-118.409,76.662],[-118.431,76.588],[-118.468,76.547],[-118.574,76.525],[-118.791,76.513],[-118.821,76.486],[-118.8,76.464],[-118.644,76.418],[-118.625,76.366],[-118.643,76.335],[-118.851,76.258],[-118.994,76.145],[-119.081,76.124],[-119.168,76.126],[-119.368,76.222],[-119.524,76.34],[-119.58,76.327],[-119.649,76.28],[-119.64,76.157],[-119.74,76.118],[-119.725,76.1],[-119.55,76.052],[-119.527,76.031],[-119.526,75.997],[-119.538,75.982],[-119.608,75.985],[-119.735,75.915],[-119.913,75.859],[-120.409,75.826],[-120.563,76.008],[-120.637,76.034],[-120.772,76.166],[-120.848,76.183],[-120.9,76.163],[-121.019,76.02],[-121.213,75.984],[-121.428,75.981],[-121.908,76.035],[-122.057,76.018],[-122.4,75.944],[-122.533,75.951],[-122.64,76.009],[-122.646,76.031],[-122.607,76.039],[-122.546,76.081],[-122.548,76.097],[-122.609,76.121],[-122.593,76.162],[-122.903,76.135],[-122.878,76.165],[-122.774,76.228],[-122.423,76.39],[-121.561,76.453],[-121.102,76.661],[-120.485,76.793],[-120.358,76.887],[-120.311,76.905],[-120.2,76.931],[-119.831,77.074],[-119.324,77.241],[-119.09,77.305],[-118.005,77.381],[-117.419,77.317],[-117.279,77.313],[-117.149,77.361],[-116.844,77.34],[-116.704,77.38],[-117.03,77.432],[-117.046,77.449],[-117.04,77.465],[-116.835,77.529],[-116.511,77.548],[-116.363,77.543],[-116.209,77.516],[-115.551,77.363]]],[[[-113.561,76.743],[-113.712,76.711],[-114.751,76.759],[-114.835,76.795],[-114.647,76.851],[-114.42,76.875],[-113.892,76.895],[-113.708,76.873],[-113.517,76.825],[-113.488,76.783],[-113.561,76.743]]],[[[-110.002,75.539],[-110.003,74.851],[-110.387,74.814],[-110.543,74.78],[-110.749,74.688],[-110.941,74.639],[-111.729,74.502],[-112.519,74.417],[-113.017,74.402],[-113.514,74.43],[-113.837,74.489],[-114.175,74.574],[-114.268,74.604],[-114.377,74.671],[-114.313,74.715],[-114.132,74.766],[-113.324,74.875],[-112.836,74.976],[-112.663,74.994],[-112.193,75.01],[-111.956,75.0],[-111.671,75.019],[-111.258,75.128],[-111.079,75.195],[-111.033,75.227],[-111.093,75.256],[-111.181,75.26],[-111.621,75.168],[-112.214,75.133],[-112.478,75.2],[-112.597,75.212],[-112.703,75.187],[-112.855,75.121],[-112.951,75.108],[-113.712,75.069],[-113.795,75.084],[-113.845,75.112],[-113.861,75.188],[-113.886,75.211],[-113.853,75.259],[-113.759,75.322],[-113.467,75.416],[-113.879,75.375],[-114.017,75.434],[-114.075,75.392],[-114.125,75.291],[-114.168,75.239],[-114.429,75.281],[-114.514,75.276],[-114.358,75.171],[-114.356,75.141],[-114.452,75.088],[-115.02,74.976],[-115.128,75.009],[-115.28,75.102],[-115.413,75.115],[-115.537,75.081],[-115.609,75.01],[-115.729,74.968],[-116.143,75.042],[-116.476,75.172],[-117.005,75.156],[-117.502,75.204],[-117.565,75.233],[-117.6,75.272],[-117.576,75.314],[-117.513,75.357],[-117.388,75.421],[-117.258,75.46],[-116.891,75.481],[-116.077,75.493],[-115.335,75.618],[-115.142,75.679],[-115.117,75.695],[-115.122,75.706],[-116.034,75.607],[-116.426,75.585],[-117.025,75.602],[-117.138,75.617],[-117.164,75.645],[-116.973,75.746],[-116.802,75.772],[-115.838,75.841],[-115.477,75.841],[-114.992,75.896],[-116.338,75.881],[-116.654,75.929],[-116.665,75.958],[-116.55,76.017],[-116.61,76.074],[-116.591,76.096],[-116.454,76.143],[-116.21,76.194],[-114.779,76.173],[-115.025,76.211],[-115.797,76.253],[-115.832,76.296],[-115.826,76.33],[-115.779,76.365],[-115.581,76.438],[-114.998,76.497],[-114.767,76.506],[-114.535,76.502],[-114.194,76.451],[-114.116,76.396],[-114.113,76.349],[-114.059,76.301],[-113.923,76.229],[-113.823,76.207],[-113.171,76.258],[-112.698,76.202],[-112.334,76.072],[-111.865,75.939],[-111.868,75.911],[-112.081,75.847],[-112.057,75.834],[-111.549,75.822],[-111.513,75.811],[-111.373,75.676],[-111.276,75.612],[-111.163,75.57],[-111.053,75.549],[-110.726,75.56],[-110.002,75.539]]],[[[-110.003,76.48],[-110.003,76.244],[-110.247,76.306],[-110.314,76.369],[-110.309,76.397],[-110.27,76.417],[-110.003,76.48]]],[[[-118.328,75.58],[-118.614,75.515],[-118.817,75.522],[-119.087,75.569],[-119.306,75.585],[-119.383,75.601],[-119.395,75.617],[-119.227,75.699],[-118.626,75.906],[-118.137,75.994],[-117.752,76.112],[-117.513,76.099],[-117.499,76.077],[-117.626,75.966],[-118.227,75.611],[-118.328,75.58]]],[[[-121.076,75.745],[-121.241,75.752],[-121.221,75.777],[-121.026,75.848],[-121.018,75.884],[-121.042,75.903],[-120.993,75.927],[-120.888,75.928],[-120.879,75.907],[-120.897,75.845],[-120.921,75.814],[-121.076,75.745]]],[[[-119.736,74.113],[-119.471,74.201],[-119.206,74.198],[-119.15,74.168],[-119.132,74.028],[-119.118,74.016],[-119.026,74.045],[-118.744,74.192],[-118.544,74.245],[-117.966,74.266],[-117.515,74.232],[-117.199,74.171],[-116.95,74.101],[-115.958,73.748],[-115.634,73.666],[-115.456,73.585],[-115.408,73.542],[-115.393,73.502],[-115.447,73.439],[-115.524,73.417],[-115.992,73.323],[-116.483,73.253],[-117.065,73.107],[-117.464,73.038],[-117.983,72.902],[-118.962,72.684],[-119.132,72.609],[-119.408,72.36],[-119.513,72.303],[-119.767,72.244],[-120.18,72.213],[-120.194,72.127],[-120.31,71.984],[-120.366,71.888],[-120.443,71.631],[-120.52,71.557],[-120.619,71.506],[-120.93,71.446],[-121.472,71.389],[-121.547,71.407],[-121.622,71.448],[-121.749,71.445],[-122.157,71.266],[-122.55,71.194],[-122.84,71.097],[-123.096,71.094],[-123.315,71.169],[-123.393,71.219],[-123.682,71.493],[-124.008,71.677],[-124.76,71.835],[-125.297,71.973],[-125.767,71.961],[-125.845,71.979],[-125.768,72.054],[-125.763,72.138],[-125.584,72.183],[-125.634,72.21],[-125.647,72.237],[-125.627,72.255],[-125.575,72.265],[-125.512,72.308],[-125.383,72.424],[-124.987,72.588],[-124.985,72.604],[-125.019,72.617],[-125.03,72.645],[-125.015,72.776],[-124.97,72.843],[-124.931,72.863],[-124.583,72.926],[-124.565,72.944],[-124.561,72.965],[-124.588,73.005],[-124.736,73.023],[-124.817,73.059],[-124.836,73.076],[-124.804,73.126],[-124.594,73.243],[-124.424,73.419],[-124.114,73.527],[-124.03,73.644],[-123.797,73.768],[-123.798,73.785],[-123.873,73.828],[-124.088,73.857],[-124.192,73.902],[-124.575,74.248],[-124.629,74.27],[-124.645,74.304],[-124.709,74.327],[-124.696,74.348],[-123.468,74.436],[-122.623,74.464],[-121.748,74.541],[-121.504,74.545],[-121.315,74.53],[-120.554,74.353],[-119.944,74.254],[-119.563,74.233],[-119.715,74.154],[-119.736,74.113]]],[[[-110.002,72.982],[-110.0,70.001],[-112.5,70.001],[-112.5,69.912],[-112.65,69.834],[-112.875,69.833],[-112.881,70.001],[-117.055,70.002],[-117.075,69.889],[-116.694,69.695],[-116.65,69.65],[-116.856,69.65],[-116.993,69.719],[-117.122,69.826],[-117.195,70.054],[-117.163,70.092],[-116.554,70.175],[-115.529,70.257],[-114.592,70.312],[-114.167,70.307],[-113.917,70.282],[-113.211,70.264],[-112.638,70.225],[-112.266,70.255],[-112.19,70.276],[-111.784,70.273],[-111.633,70.309],[-111.726,70.352],[-112.114,70.447],[-113.146,70.616],[-113.757,70.691],[-113.966,70.696],[-114.331,70.675],[-114.841,70.621],[-115.991,70.586],[-116.327,70.624],[-116.993,70.604],[-117.587,70.63],[-118.264,70.888],[-118.377,70.968],[-118.353,71.0],[-118.269,71.035],[-117.814,71.158],[-117.314,71.212],[-116.422,71.338],[-115.892,71.382],[-115.922,71.401],[-116.045,71.423],[-116.044,71.454],[-115.98,71.469],[-115.734,71.485],[-115.472,71.466],[-115.341,71.472],[-115.303,71.494],[-115.338,71.511],[-115.587,71.546],[-116.78,71.444],[-117.337,71.435],[-117.723,71.391],[-117.936,71.392],[-118.188,71.436],[-118.222,71.449],[-118.226,71.467],[-118.148,71.526],[-117.878,71.561],[-117.742,71.659],[-118.372,71.64],[-118.583,71.649],[-118.868,71.687],[-118.988,71.764],[-118.994,71.803],[-118.984,71.913],[-118.945,71.986],[-118.59,72.167],[-118.369,72.205],[-118.214,72.263],[-118.207,72.287],[-118.246,72.311],[-118.39,72.37],[-118.481,72.428],[-118.457,72.473],[-118.375,72.534],[-118.133,72.633],[-117.552,72.831],[-117.256,72.914],[-116.972,72.959],[-116.573,73.055],[-114.638,73.373],[-114.302,73.331],[-114.206,73.298],[-114.127,73.231],[-114.052,73.071],[-114.054,72.958],[-114.109,72.861],[-114.28,72.739],[-114.498,72.626],[-114.522,72.593],[-114.458,72.58],[-114.342,72.591],[-113.958,72.651],[-113.692,72.673],[-113.622,72.647],[-113.578,72.652],[-113.5,72.694],[-113.486,72.722],[-113.491,72.822],[-113.45,72.863],[-113.208,72.981],[-113.074,72.995],[-112.754,72.986],[-112.048,72.888],[-111.455,72.766],[-111.27,72.714],[-111.25,72.669],[-111.355,72.572],[-111.611,72.436],[-111.895,72.356],[-111.762,72.335],[-111.675,72.3],[-111.311,72.455],[-111.253,72.449],[-111.287,72.401],[-111.268,72.364],[-111.14,72.365],[-110.959,72.432],[-110.782,72.534],[-110.513,72.6],[-110.439,72.633],[-110.205,72.661],[-110.197,72.759],[-110.554,72.861],[-110.689,72.945],[-110.661,73.008],[-110.002,72.982]]]]}},{"type":"Feature","properties":{},"geometry":{"type":"MultiPolygon","coordinates":[[[[-94.772,60.002],[-102.002,60.001],[-102.006,63.849],[-101.987,64.08],[-101.999,64.228],[-108.973,64.779],[-109.215,64.813],[-109.516,64.903],[-110.669,65.497],[-112.504,65.502],[-120.678,68.003],[-120.682,69.567],[-120.293,69.421],[-120.14,69.381],[-119.853,69.342],[-118.869,69.257],[-118.745,69.234],[-118.486,69.145],[-118.095,69.043],[-117.227,68.913],[-117.026,68.916],[-116.425,68.881],[-116.059,68.837],[-116.065,68.855],[-116.252,68.958],[-116.243,68.974],[-115.936,68.958],[-115.883,68.987],[-115.806,68.987],[-115.442,68.941],[-114.994,68.85],[-114.62,68.746],[-114.414,68.66],[-114.218,68.552],[-114.111,68.477],[-114.092,68.435],[-113.964,68.399],[-114.021,68.306],[-114.096,68.267],[-114.275,68.248],[-114.765,68.27],[-114.852,68.195],[-115.127,68.132],[-115.187,68.084],[-115.167,68.019],[-115.427,67.924],[-115.435,67.902],[-115.133,67.819],[-115.011,67.806],[-114.857,67.814],[-114.267,67.731],[-113.893,67.707],[-112.503,67.682],[-112.237,67.731],[-111.576,67.757],[-111.192,67.823],[-111.155,67.798],[-110.99,67.791],[-110.372,67.954],[-110.216,67.954],[-110.074,67.993],[-109.937,67.888],[-109.831,67.866],[-109.686,67.752],[-109.63,67.733],[-109.224,67.73],[-109.081,67.711],[-109.038,67.691],[-108.994,67.637],[-108.95,67.494],[-108.891,67.438],[-108.852,67.422],[-108.815,67.437],[-108.715,67.583],[-108.68,67.606],[-108.613,67.598],[-108.492,67.483],[-108.347,67.403],[-107.989,67.256],[-107.909,67.163],[-107.929,67.127],[-107.991,67.095],[-108.221,67.051],[-108.344,67.058],[-108.496,67.092],[-108.218,66.941],[-108.101,66.86],[-107.761,66.684],[-107.48,66.492],[-107.374,66.435],[-107.259,66.399],[-107.71,66.74],[-107.74,66.814],[-107.746,66.961],[-107.725,66.984],[-107.626,67.003],[-107.499,66.936],[-107.451,66.927],[-107.402,66.948],[-107.2,66.883],[-107.157,66.882],[-107.348,67.055],[-107.283,67.103],[-107.482,67.199],[-107.567,67.273],[-107.644,67.385],[-107.65,67.511],[-107.954,67.7],[-107.972,67.732],[-107.958,67.819],[-107.763,67.907],[-107.729,67.959],[-107.798,68.037],[-107.509,68.059],[-107.446,68.05],[-107.125,68.108],[-106.923,68.114],[-106.791,68.145],[-106.711,68.207],[-106.668,68.216],[-106.424,68.201],[-106.43,68.288],[-106.404,68.319],[-106.271,68.383],[-106.132,68.39],[-105.933,68.443],[-105.781,68.527],[-105.75,68.592],[-105.774,68.611],[-105.932,68.637],[-106.458,68.516],[-106.543,68.461],[-106.567,68.389],[-106.608,68.357],[-106.854,68.387],[-107.043,68.347],[-107.146,68.304],[-107.298,68.296],[-107.619,68.331],[-107.742,68.286],[-107.734,68.252],[-107.678,68.203],[-107.734,68.174],[-108.323,68.154],[-108.718,68.297],[-108.641,68.379],[-108.313,68.611],[-107.766,68.649],[-107.436,68.689],[-106.831,68.809],[-106.164,68.92],[-105.798,68.865],[-105.686,68.828],[-105.606,68.782],[-105.54,68.719],[-105.457,68.578],[-105.429,68.458],[-105.377,68.414],[-105.101,68.298],[-105.044,68.288],[-104.96,68.311],[-104.937,68.303],[-104.912,68.251],[-104.77,68.252],[-104.653,68.23],[-104.636,68.214],[-104.661,68.149],[-104.487,68.063],[-104.194,68.031],[-103.902,68.041],[-103.657,68.069],[-103.474,68.115],[-103.022,67.94],[-102.842,67.853],[-102.692,67.812],[-102.389,67.762],[-102.32,67.736],[-102.21,67.733],[-102.057,67.753],[-101.884,67.745],[-101.555,67.693],[-100.856,67.799],[-100.616,67.808],[-100.456,67.839],[-100.213,67.839],[-99.773,67.815],[-99.472,67.784],[-99.147,67.724],[-99.032,67.719],[-98.812,67.744],[-98.697,67.78],[-98.412,67.807],[-98.417,67.826],[-98.468,67.856],[-98.704,67.966],[-98.722,68.0],[-98.72,68.042],[-98.69,68.066],[-98.632,68.073],[-98.415,67.988],[-98.063,67.77],[-97.931,67.711],[-97.607,67.631],[-97.455,67.617],[-97.194,67.697],[-97.155,67.726],[-97.14,67.796],[-97.207,67.855],[-97.547,67.961],[-97.739,67.978],[-97.913,67.954],[-98.111,67.903],[-98.193,67.923],[-98.438,68.065],[-98.5,68.118],[-98.5,68.132],[-98.386,68.115],[-98.381,68.132],[-98.449,68.201],[-98.633,68.331],[-98.65,68.364],[-98.469,68.382],[-98.219,68.317],[-97.794,68.388],[-97.911,68.45],[-97.939,68.51],[-97.925,68.524],[-97.829,68.533],[-97.64,68.482],[-97.548,68.475],[-97.41,68.497],[-97.336,68.479],[-97.136,68.378],[-96.977,68.255],[-96.628,68.25],[-96.431,68.311],[-96.48,68.243],[-96.725,68.061],[-96.722,68.039],[-96.531,68.063],[-96.494,68.085],[-96.439,68.151],[-95.97,68.249],[-96.036,68.158],[-96.171,67.832],[-96.199,67.718],[-96.371,67.554],[-96.369,67.51],[-96.185,67.376],[-96.169,67.289],[-96.141,67.272],[-96.013,67.271],[-95.72,67.317],[-95.695,67.299],[-95.778,67.185],[-95.557,67.215],[-95.416,67.156],[-95.405,67.116],[-95.419,67.013],[-95.502,66.98],[-95.769,66.967],[-96.02,67.019],[-96.095,66.994],[-96.216,66.998],[-96.35,67.07],[-96.423,67.052],[-96.36,66.989],[-95.885,66.741],[-95.813,66.69],[-95.788,66.617],[-95.743,66.69],[-95.772,66.726],[-96.016,66.87],[-96.045,66.923],[-96.037,66.937],[-95.972,66.952],[-95.625,66.916],[-95.49,66.924],[-95.4,66.949],[-95.354,66.981],[-95.321,67.152],[-95.259,67.263],[-95.296,67.361],[-95.463,67.61],[-95.634,67.704],[-95.65,67.737],[-95.461,68.021],[-95.384,68.056],[-95.235,68.06],[-95.126,68.083],[-94.861,68.042],[-94.744,68.071],[-94.384,68.227],[-94.098,68.399],[-93.928,68.474],[-93.652,68.543],[-93.449,68.619],[-93.644,68.633],[-93.676,68.686],[-93.66,68.784],[-93.681,68.887],[-93.766,68.97],[-93.852,69.0],[-93.896,68.982],[-93.938,68.889],[-93.992,68.821],[-94.065,68.785],[-94.478,68.743],[-94.587,68.776],[-94.6,68.803],[-94.563,68.912],[-94.084,69.123],[-94.081,69.136],[-94.222,69.136],[-94.255,69.151],[-94.285,69.242],[-94.255,69.314],[-94.156,69.342],[-93.619,69.417],[-93.613,69.403],[-93.801,69.281],[-93.82,69.253],[-93.749,69.226],[-93.567,69.297],[-93.431,69.375],[-93.537,69.382],[-93.543,69.406],[-93.522,69.451],[-93.532,69.481],[-93.65,69.519],[-94.015,69.447],[-94.271,69.455],[-94.419,69.517],[-94.634,69.65],[-94.713,69.649],[-94.789,69.585],[-94.823,69.578],[-95.292,69.667],[-95.588,69.756],[-95.965,69.803],[-96.119,69.872],[-96.269,69.992],[-96.492,70.125],[-96.551,70.21],[-96.546,70.327],[-96.298,70.511],[-96.123,70.561],[-95.879,70.549],[-95.98,70.593],[-95.988,70.617],[-95.886,70.694],[-96.186,70.638],[-96.258,70.642],[-96.359,70.679],[-96.549,70.809],[-96.551,70.89],[-96.47,71.07],[-96.525,71.127],[-96.421,71.176],[-96.447,71.24],[-96.271,71.339],[-96.062,71.414],[-95.924,71.393],[-95.725,71.328],[-95.633,71.319],[-95.564,71.337],[-95.406,71.492],[-95.445,71.505],[-95.773,71.514],[-95.83,71.526],[-95.872,71.573],[-95.616,71.685],[-95.512,71.777],[-95.201,71.904],[-94.735,71.983],[-94.557,71.979],[-94.491,71.916],[-94.479,71.849],[-94.308,71.765],[-93.81,71.766],[-93.746,71.743],[-93.782,71.674],[-93.763,71.638],[-93.256,71.461],[-93.031,71.336],[-92.949,71.262],[-92.89,71.122],[-92.883,71.069],[-92.904,70.916],[-92.922,70.887],[-92.981,70.852],[-92.783,70.798],[-92.642,70.719],[-92.356,70.634],[-92.214,70.493],[-92.049,70.39],[-92.037,70.367],[-92.073,70.319],[-92.047,70.303],[-91.984,70.286],[-91.82,70.342],[-91.761,70.326],[-91.654,70.233],[-91.564,70.178],[-91.572,70.162],[-91.616,70.148],[-91.859,70.133],[-92.121,70.17],[-92.29,70.24],[-92.321,70.235],[-92.512,70.104],[-92.446,70.083],[-92.127,70.085],[-91.977,70.039],[-92.285,69.892],[-92.888,69.668],[-92.803,69.651],[-92.493,69.683],[-92.312,69.673],[-92.231,69.653],[-92.258,69.634],[-92.209,69.603],[-91.912,69.531],[-91.724,69.546],[-91.532,69.615],[-91.384,69.649],[-91.202,69.645],[-91.151,69.637],[-91.44,69.526],[-91.288,69.543],[-90.95,69.516],[-90.667,69.516],[-90.555,69.504],[-90.416,69.457],[-90.684,69.428],[-90.749,69.392],[-90.795,69.347],[-90.822,69.29],[-90.892,69.267],[-91.005,69.277],[-91.049,69.293],[-91.025,69.315],[-91.058,69.318],[-91.218,69.302],[-91.237,69.286],[-90.745,69.106],[-90.587,68.947],[-90.479,68.881],[-90.468,68.864],[-90.539,68.82],[-90.543,68.786],[-90.51,68.689],[-90.574,68.475],[-90.528,68.432],[-90.423,68.395],[-90.317,68.33],[-90.248,68.267],[-90.205,68.257],[-90.174,68.27],[-90.116,68.339],[-90.005,68.398],[-89.898,68.491],[-89.879,68.522],[-89.897,68.594],[-89.884,68.626],[-89.783,68.736],[-89.72,68.932],[-89.667,69.015],[-89.352,69.227],[-89.28,69.255],[-89.198,69.269],[-89.057,69.266],[-88.815,69.136],[-88.638,69.059],[-88.316,68.954],[-88.041,68.812],[-87.964,68.709],[-87.866,68.478],[-87.828,68.448],[-87.81,68.404],[-87.828,68.3],[-87.893,68.248],[-87.991,68.242],[-88.111,68.251],[-88.146,68.266],[-88.209,68.335],[-88.235,68.339],[-88.347,68.288],[-88.361,68.26],[-88.32,68.166],[-88.325,67.989],[-88.314,67.95],[-88.196,67.766],[-87.997,67.626],[-87.499,67.355],[-87.418,67.214],[-87.359,67.177],[-87.266,67.184],[-86.924,67.356],[-86.813,67.402],[-86.682,67.422],[-86.561,67.482],[-86.536,67.516],[-86.476,67.713],[-86.398,67.8],[-85.953,68.072],[-85.789,68.328],[-85.731,68.445],[-85.723,68.515],[-85.745,68.578],[-85.734,68.63],[-85.69,68.671],[-85.491,68.774],[-85.425,68.774],[-85.275,68.741],[-84.868,68.773],[-84.867,68.79],[-85.107,68.844],[-85.083,68.908],[-85.008,68.949],[-84.916,68.962],[-84.862,69.074],[-85.114,69.166],[-85.275,69.172],[-85.387,69.232],[-85.432,69.354],[-85.402,69.427],[-85.437,69.488],[-85.439,69.52],[-85.416,69.548],[-85.43,69.581],[-85.502,69.652],[-85.448,69.748],[-85.446,69.778],[-85.535,69.835],[-85.507,69.845],[-85.415,69.85],[-85.177,69.805],[-85.02,69.805],[-84.645,69.85],[-84.319,69.844],[-83.665,69.7],[-82.618,69.691],[-82.374,69.642],[-82.39,69.601],[-82.496,69.532],[-82.755,69.494],[-82.642,69.458],[-82.31,69.41],[-82.208,69.297],[-82.247,69.265],[-82.228,69.249],[-81.952,69.276],[-81.732,69.258],[-81.412,69.198],[-81.322,69.139],[-81.329,69.12],[-81.611,69.003],[-81.952,68.909],[-81.958,68.884],[-81.687,68.879],[-81.381,68.85],[-81.264,68.781],[-81.259,68.692],[-81.282,68.657],[-81.527,68.556],[-81.915,68.459],[-82.006,68.463],[-82.106,68.499],[-82.21,68.506],[-82.397,68.478],[-82.499,68.479],[-82.549,68.469],[-82.553,68.446],[-82.413,68.357],[-82.393,68.338],[-82.431,68.307],[-82.423,68.297],[-82.222,68.145],[-82.151,68.14],[-82.078,68.18],[-82.013,68.194],[-82.102,68.019],[-82.1,67.99],[-82.063,67.928],[-81.869,67.802],[-81.412,67.595],[-81.294,67.497],[-81.27,67.46],[-81.301,67.357],[-81.387,67.189],[-81.468,67.07],[-81.63,67.002],[-81.926,66.975],[-82.198,66.765],[-82.375,66.709],[-82.642,66.588],[-82.949,66.551],[-83.298,66.392],[-83.523,66.369],[-83.59,66.388],[-83.651,66.485],[-83.998,66.729],[-84.208,66.736],[-84.366,66.811],[-84.273,66.839],[-84.538,66.973],[-84.693,67.017],[-84.846,67.029],[-85.04,66.956],[-85.114,66.907],[-85.111,66.891],[-85.018,66.872],[-84.857,66.941],[-84.738,66.934],[-84.639,66.902],[-84.59,66.857],[-84.319,66.712],[-84.223,66.682],[-84.094,66.526],[-83.826,66.29],[-83.798,66.238],[-83.905,66.212],[-84.324,66.291],[-84.398,66.259],[-84.478,66.179],[-85.096,66.325],[-85.307,66.44],[-85.442,66.537],[-85.604,66.568],[-85.792,66.533],[-86.063,66.52],[-86.708,66.523],[-86.737,66.511],[-86.689,66.457],[-86.747,66.417],[-86.685,66.36],[-86.585,66.322],[-86.113,66.225],[-86.001,66.187],[-85.964,66.154],[-85.959,66.119],[-86.043,66.023],[-86.702,65.671],[-87.081,65.441],[-87.194,65.383],[-87.291,65.355],[-87.453,65.339],[-87.97,65.349],[-88.121,65.395],[-88.395,65.516],[-88.672,65.612],[-88.744,65.679],[-88.946,65.703],[-89.088,65.739],[-89.42,65.861],[-89.749,65.936],[-89.944,65.934],[-89.848,65.872],[-89.89,65.869],[-90.117,65.882],[-90.316,65.926],[-90.513,65.921],[-91.01,65.966],[-91.412,65.959],[-91.427,65.948],[-91.285,65.894],[-91.041,65.83],[-91.074,65.886],[-91.065,65.9],[-90.983,65.919],[-90.597,65.885],[-89.924,65.78],[-89.788,65.737],[-89.6,65.648],[-89.242,65.446],[-88.974,65.348],[-88.198,65.28],[-87.392,65.261],[-87.108,65.225],[-87.028,65.198],[-87.003,65.109],[-87.029,65.064],[-87.281,64.826],[-87.885,64.4],[-87.998,64.244],[-88.106,64.183],[-88.653,64.009],[-88.818,63.992],[-89.06,64.034],[-89.201,64.114],[-89.209,64.105],[-89.108,63.981],[-89.132,63.969],[-89.404,64.04],[-89.501,64.014],[-89.616,64.031],[-89.764,64.099],[-89.792,64.168],[-89.811,64.181],[-90.042,64.141],[-90.08,64.128],[-89.954,64.081],[-89.856,63.957],[-89.922,63.944],[-90.168,63.979],[-90.06,63.877],[-90.013,63.804],[-90.155,63.69],[-90.245,63.642],[-90.369,63.624],[-90.533,63.665],[-90.596,63.661],[-90.635,63.624],[-90.707,63.597],[-90.812,63.581],[-90.946,63.588],[-91.539,63.726],[-91.926,63.757],[-91.956,63.772],[-91.954,63.787],[-91.919,63.801],[-91.929,63.812],[-91.982,63.822],[-92.095,63.784],[-92.338,63.788],[-92.97,63.938],[-93.43,64.029],[-93.696,64.147],[-93.597,64.041],[-93.605,64.004],[-93.656,63.973],[-93.664,63.941],[-93.56,63.865],[-93.416,63.838],[-93.27,63.841],[-93.266,63.853],[-93.38,63.9],[-93.406,63.941],[-93.379,63.948],[-92.157,63.692],[-92.205,63.657],[-92.461,63.569],[-92.465,63.555],[-92.29,63.563],[-92.077,63.64],[-91.842,63.698],[-91.686,63.66],[-91.489,63.562],[-91.33,63.507],[-90.97,63.443],[-90.747,63.352],[-90.711,63.304],[-90.691,63.111],[-90.699,63.064],[-90.778,62.972],[-90.871,62.946],[-91.115,62.922],[-91.349,62.819],[-91.449,62.804],[-91.87,62.835],[-92.034,62.863],[-92.11,62.862],[-92.196,62.829],[-92.361,62.819],[-92.388,62.801],[-92.378,62.772],[-92.305,62.712],[-92.149,62.665],[-91.956,62.645],[-91.936,62.592],[-92.008,62.541],[-92.27,62.587],[-92.324,62.565],[-92.497,62.565],[-92.551,62.547],[-92.562,62.503],[-92.595,62.47],[-92.768,62.38],[-92.766,62.35],[-92.701,62.328],[-92.627,62.279],[-92.544,62.202],[-92.528,62.168],[-92.579,62.177],[-92.735,62.26],[-92.866,62.306],[-93.154,62.367],[-93.205,62.365],[-92.988,62.286],[-92.914,62.245],[-92.906,62.215],[-93.066,62.15],[-93.07,62.128],[-93.016,62.093],[-93.073,62.061],[-93.167,62.034],[-93.35,62.03],[-93.366,62.015],[-93.273,61.961],[-93.333,61.933],[-93.582,61.942],[-93.494,61.847],[-93.43,61.812],[-93.314,61.78],[-93.312,61.767],[-93.421,61.706],[-93.71,61.603],[-93.913,61.481],[-93.941,61.444],[-93.889,61.344],[-93.942,61.308],[-94.061,61.318],[-94.083,61.304],[-94.055,61.266],[-94.05,61.211],[-94.068,61.139],[-94.154,61.025],[-94.427,60.731],[-94.509,60.605],[-94.569,60.542],[-94.679,60.538],[-94.762,60.498],[-94.671,60.453],[-94.647,60.416],[-94.67,60.301],[-94.772,60.002]]],[[[-110.004,78.322],[-110.004,78.687],[-109.816,78.65],[-109.641,78.592],[-109.504,78.582],[-109.362,78.493],[-109.342,78.456],[-109.336,78.408],[-109.352,78.369],[-109.391,78.337],[-109.484,78.316],[-109.709,78.304],[-110.004,78.322]]],[[[-110.004,77.929],[-110.004,78.09],[-109.622,78.075],[-109.619,78.057],[-109.679,77.999],[-109.772,77.957],[-110.004,77.929]]],[[[-110.003,74.851],[-110.002,75.539],[-109.086,75.506],[-109.005,75.515],[-108.947,75.542],[-108.913,75.587],[-108.899,75.624],[-108.918,75.675],[-108.945,75.699],[-109.796,75.863],[-109.87,75.929],[-109.455,76.021],[-109.425,76.043],[-109.417,76.072],[-109.43,76.109],[-109.487,76.145],[-109.71,76.212],[-109.908,76.223],[-110.003,76.244],[-110.003,76.48],[-109.865,76.522],[-109.339,76.76],[-109.22,76.792],[-109.098,76.812],[-108.832,76.821],[-108.492,76.754],[-108.467,76.738],[-108.512,76.68],[-108.635,76.609],[-108.628,76.587],[-108.56,76.536],[-108.512,76.439],[-108.194,76.33],[-108.123,76.233],[-108.382,76.116],[-108.406,76.085],[-108.387,76.067],[-108.292,76.057],[-107.852,76.058],[-107.777,76.035],[-107.723,75.995],[-107.732,75.956],[-107.755,75.94],[-108.021,75.805],[-107.918,75.802],[-107.703,75.878],[-107.541,75.901],[-107.216,75.892],[-107.05,75.845],[-106.971,75.773],[-106.914,75.68],[-106.892,75.782],[-106.688,75.819],[-106.82,75.872],[-106.862,75.93],[-106.846,75.952],[-106.677,76.024],[-106.397,76.06],[-105.905,76.009],[-105.633,75.945],[-105.563,75.881],[-105.481,75.746],[-105.481,75.702],[-105.519,75.632],[-105.678,75.501],[-105.703,75.412],[-105.863,75.192],[-105.972,75.131],[-106.093,75.089],[-106.588,75.015],[-106.961,74.94],[-107.153,74.927],[-107.82,75.0],[-108.024,74.986],[-108.227,74.952],[-108.475,74.947],[-108.751,74.992],[-108.633,75.023],[-108.831,75.065],[-109.503,74.883],[-110.003,74.851]]],[[[-116.856,69.65],[-116.65,69.65],[-116.694,69.695],[-117.075,69.889],[-117.055,70.002],[-112.881,70.001],[-112.875,69.833],[-112.65,69.834],[-112.5,69.912],[-112.5,70.001],[-110.0,70.001],[-110.002,72.982],[-109.61,72.876],[-109.469,72.808],[-109.357,72.775],[-109.122,72.726],[-108.968,72.654],[-108.994,72.596],[-108.755,72.551],[-108.628,72.412],[-108.47,72.139],[-108.276,71.9],[-108.188,71.724],[-107.925,71.639],[-107.785,71.63],[-107.687,71.716],[-107.347,71.819],[-107.329,71.835],[-107.369,71.859],[-107.377,71.886],[-107.306,71.895],[-107.543,72.025],[-107.696,72.149],[-107.794,72.303],[-107.824,72.443],[-107.91,72.491],[-107.933,72.52],[-107.934,72.588],[-107.997,72.653],[-108.238,73.106],[-108.237,73.15],[-108.204,73.183],[-107.936,73.217],[-108.077,73.281],[-108.089,73.304],[-108.029,73.349],[-107.72,73.329],[-107.113,73.192],[-107.074,73.197],[-107.033,73.245],[-106.951,73.276],[-106.828,73.266],[-106.482,73.196],[-106.082,73.072],[-105.813,73.011],[-105.624,72.928],[-105.415,72.788],[-105.412,72.765],[-105.43,72.74],[-105.323,72.635],[-105.234,72.415],[-104.81,71.903],[-104.518,71.699],[-104.386,71.577],[-104.373,71.495],[-104.355,71.472],[-104.356,71.382],[-104.385,71.338],[-104.487,71.248],[-104.563,71.132],[-104.57,71.104],[-104.515,71.064],[-104.167,70.927],[-103.953,70.763],[-103.585,70.631],[-103.295,70.572],[-103.077,70.509],[-103.021,70.516],[-103.001,70.541],[-103.083,70.619],[-103.089,70.65],[-103.05,70.655],[-102.75,70.522],[-101.99,70.285],[-101.676,70.278],[-101.627,70.248],[-101.618,70.172],[-101.562,70.135],[-101.239,70.151],[-101.091,70.136],[-101.043,70.111],[-100.973,70.029],[-100.909,69.869],[-100.906,69.812],[-100.935,69.715],[-100.982,69.68],[-101.044,69.669],[-101.216,69.68],[-101.337,69.71],[-101.4,69.749],[-101.457,69.834],[-101.484,69.85],[-101.565,69.756],[-101.648,69.699],[-101.734,69.704],[-101.86,69.738],[-102.182,69.846],[-102.234,69.842],[-102.524,69.758],[-102.596,69.718],[-102.565,69.692],[-102.535,69.621],[-102.563,69.574],[-102.621,69.552],[-102.92,69.565],[-103.303,69.674],[-103.359,69.685],[-103.435,69.668],[-103.465,69.644],[-103.418,69.611],[-103.049,69.472],[-103.032,69.433],[-103.04,69.368],[-103.12,69.205],[-102.884,69.341],[-102.546,69.434],[-102.447,69.476],[-102.151,69.488],[-102.046,69.465],[-101.978,69.425],[-101.976,69.407],[-102.053,69.36],[-102.067,69.337],[-102.071,69.308],[-102.046,69.258],[-101.993,69.236],[-101.873,69.24],[-101.823,69.217],[-101.789,69.182],[-101.788,69.132],[-101.857,69.024],[-102.488,68.889],[-102.738,68.865],[-102.895,68.824],[-103.162,68.829],[-103.468,68.809],[-104.067,68.866],[-104.353,68.928],[-104.46,68.912],[-104.571,68.872],[-105.106,68.92],[-105.169,68.955],[-105.022,69.053],[-105.02,69.081],[-105.805,69.153],[-106.008,69.148],[-106.141,69.162],[-106.341,69.224],[-106.356,69.281],[-106.344,69.34],[-106.361,69.381],[-106.42,69.414],[-106.54,69.443],[-106.659,69.44],[-106.76,69.407],[-106.856,69.347],[-107.033,69.181],[-107.44,69.002],[-107.863,68.954],[-108.365,68.935],[-108.553,68.897],[-108.946,68.76],[-109.472,68.677],[-109.959,68.63],[-110.848,68.578],[-110.957,68.594],[-111.128,68.588],[-111.311,68.542],[-112.305,68.516],[-112.864,68.477],[-113.128,68.494],[-113.231,68.535],[-113.338,68.599],[-113.555,68.768],[-113.617,68.838],[-113.593,68.96],[-113.609,69.03],[-113.694,69.195],[-114.073,69.251],[-114.323,69.269],[-115.159,69.265],[-115.618,69.283],[-116.102,69.337],[-116.537,69.434],[-116.609,69.512],[-116.856,69.65]]],[[[-86.596,67.736],[-86.706,67.75],[-86.861,67.81],[-86.893,67.837],[-86.908,67.902],[-86.847,68.01],[-86.938,68.068],[-86.96,68.1],[-86.885,68.191],[-86.702,68.306],[-86.57,68.288],[-86.452,68.225],[-86.421,68.183],[-86.43,68.139],[-86.382,67.927],[-86.396,67.889],[-86.49,67.784],[-86.596,67.736]]],[[[-109.323,67.991],[-109.361,67.988],[-109.498,68.047],[-109.469,68.098],[-109.342,68.046],[-109.323,67.991]]],[[[-73.622,67.784],[-74.109,67.783],[-74.481,67.805],[-74.573,67.829],[-74.679,67.906],[-74.746,67.985],[-74.749,68.018],[-74.707,68.067],[-74.379,68.093],[-73.881,68.022],[-73.584,68.015],[-73.494,68.001],[-73.435,67.97],[-73.402,67.879],[-73.407,67.793],[-73.622,67.784]]],[[[-109.166,67.982],[-108.971,67.98],[-108.91,67.939],[-108.886,67.899],[-108.92,67.879],[-109.096,67.924],[-109.162,67.952],[-109.184,67.975],[-109.166,67.982]]],[[[-107.9,67.402],[-107.95,67.318],[-108.004,67.366],[-108.152,67.429],[-108.151,67.525],[-108.121,67.568],[-108.128,67.629],[-108.049,67.665],[-107.991,67.622],[-107.975,67.549],[-107.989,67.514],[-107.905,67.467],[-107.891,67.437],[-107.9,67.402]]],[[[-62.682,67.056],[-62.805,67.029],[-62.872,67.063],[-62.825,67.072],[-62.625,67.177],[-62.47,67.19],[-62.396,67.178],[-62.682,67.056]]],[[[-108.093,67.005],[-107.806,66.999],[-107.833,66.921],[-107.895,66.872],[-107.944,66.858],[-108.06,66.947],[-108.093,67.005]]],[[[-83.124,66.283],[-82.948,66.272],[-82.931,66.257],[-83.011,66.208],[-83.06,66.199],[-83.214,66.277],[-83.238,66.332],[-83.222,66.336],[-83.124,66.283]]],[[[-83.726,65.797],[-83.469,65.735],[-83.263,65.723],[-83.234,65.715],[-83.234,65.697],[-83.332,65.631],[-83.381,65.63],[-83.607,65.701],[-83.636,65.691],[-83.644,65.679],[-83.631,65.662],[-83.65,65.658],[-83.788,65.669],[-83.809,65.678],[-83.798,65.71],[-83.702,65.756],[-83.814,65.788],[-84.009,65.751],[-84.118,65.772],[-84.143,65.916],[-84.271,65.991],[-84.37,66.012],[-84.467,66.088],[-84.407,66.131],[-84.122,66.078],[-83.787,65.966],[-83.701,65.92],[-83.694,65.89],[-83.715,65.861],[-83.765,65.831],[-83.726,65.797]]],[[[-84.675,65.575],[-84.783,65.57],[-84.931,65.689],[-85.096,65.756],[-85.136,65.821],[-85.144,65.885],[-85.174,65.944],[-85.176,65.972],[-85.15,66.015],[-85.031,66.025],[-84.939,66.009],[-84.757,65.859],[-84.692,65.793],[-84.603,65.657],[-84.602,65.631],[-84.675,65.575]]],[[[-84.92,65.261],[-84.842,65.256],[-84.612,65.447],[-84.501,65.458],[-84.266,65.367],[-84.18,65.316],[-84.133,65.245],[-84.085,65.218],[-83.491,65.132],[-83.407,65.104],[-83.201,64.96],[-82.991,64.904],[-82.668,64.78],[-82.272,64.721],[-82.05,64.644],[-81.929,64.559],[-81.787,64.426],[-81.676,64.213],[-81.667,64.17],[-81.681,64.146],[-81.903,64.031],[-81.887,64.016],[-81.716,64.022],[-81.336,64.076],[-81.024,64.031],[-80.921,64.1],[-80.829,64.09],[-80.694,64.025],[-80.569,63.932],[-80.579,63.909],[-80.668,63.901],[-80.451,63.863],[-80.261,63.802],[-80.302,63.762],[-80.504,63.674],[-80.712,63.596],[-80.954,63.48],[-81.046,63.462],[-81.963,63.664],[-82.378,63.707],[-82.412,63.736],[-82.467,63.927],[-82.571,63.961],[-83.034,64.023],[-83.039,64.061],[-83.016,64.127],[-83.065,64.159],[-83.304,64.144],[-83.494,64.099],[-83.584,64.058],[-83.617,64.013],[-83.662,63.873],[-83.728,63.813],[-84.022,63.66],[-84.142,63.614],[-84.308,63.586],[-84.388,63.529],[-84.506,63.39],[-84.633,63.309],[-84.962,63.197],[-85.393,63.12],[-85.496,63.139],[-85.566,63.271],[-85.714,63.658],[-85.769,63.7],[-86.302,63.657],[-86.576,63.662],[-86.847,63.575],[-86.915,63.569],[-87.053,63.572],[-87.177,63.595],[-87.194,63.633],[-87.189,63.672],[-87.032,63.83],[-86.932,63.902],[-86.422,64.052],[-86.309,64.094],[-86.252,64.137],[-86.274,64.238],[-86.354,64.377],[-86.374,64.566],[-86.188,65.01],[-86.114,65.417],[-86.075,65.534],[-86.017,65.64],[-85.962,65.704],[-85.814,65.832],[-85.699,65.883],[-85.555,65.919],[-85.496,65.9],[-85.442,65.846],[-85.241,65.796],[-85.13,65.693],[-85.105,65.623],[-85.13,65.592],[-85.226,65.546],[-85.24,65.51],[-85.056,65.437],[-84.92,65.261]]],[[[-77.642,63.992],[-77.714,63.946],[-77.929,63.962],[-77.966,63.993],[-77.931,64.015],[-77.711,64.036],[-77.617,64.037],[-77.564,64.022],[-77.642,63.992]]],[[[-76.678,63.394],[-76.783,63.384],[-76.922,63.406],[-77.057,63.45],[-77.365,63.588],[-77.134,63.682],[-76.764,63.574],[-76.652,63.504],[-76.678,63.394]]],[[[-77.877,63.471],[-77.792,63.428],[-77.704,63.431],[-77.538,63.287],[-77.533,63.234],[-77.658,63.165],[-77.791,63.13],[-77.942,63.114],[-78.256,63.24],[-78.469,63.358],[-78.537,63.424],[-78.507,63.451],[-78.235,63.49],[-77.877,63.471]]],[[[-82.0,62.954],[-81.961,62.926],[-81.949,62.884],[-81.964,62.828],[-82.026,62.73],[-82.114,62.652],[-82.388,62.519],[-82.568,62.403],[-83.016,62.21],[-83.13,62.204],[-83.252,62.233],[-83.377,62.238],[-83.699,62.16],[-83.714,62.174],[-83.729,62.257],[-83.761,62.304],[-83.903,62.402],[-83.912,62.426],[-83.899,62.476],[-83.739,62.569],[-83.376,62.905],[-83.289,62.922],[-83.111,62.884],[-82.966,62.874],[-82.706,62.945],[-82.46,62.936],[-82.235,62.977],[-82.048,62.971],[-82.0,62.954]]],[[[-70.337,62.549],[-70.541,62.552],[-70.766,62.597],[-70.838,62.648],[-70.851,62.704],[-70.986,62.788],[-71.137,62.816],[-71.22,62.874],[-71.135,62.878],[-70.835,62.84],[-70.674,62.807],[-70.443,62.734],[-70.291,62.616],[-70.269,62.578],[-70.337,62.549]]],[[[-74.0,62.618],[-74.254,62.622],[-74.5,62.669],[-74.626,62.713],[-74.62,62.726],[-74.564,62.733],[-74.395,62.696],[-74.109,62.68],[-74.017,62.663],[-73.988,62.636],[-74.0,62.618]]],[[[-64.824,62.559],[-64.515,62.552],[-64.465,62.536],[-64.418,62.487],[-64.478,62.418],[-64.546,62.391],[-64.657,62.384],[-64.901,62.421],[-64.956,62.458],[-64.931,62.485],[-64.827,62.505],[-64.85,62.525],[-64.849,62.543],[-64.824,62.559]]],[[[-79.545,62.412],[-79.466,62.385],[-79.336,62.294],[-79.286,62.248],[-79.272,62.186],[-79.324,62.026],[-79.542,61.808],[-79.669,61.644],[-79.763,61.596],[-79.816,61.595],[-80.092,61.747],[-80.205,61.777],[-80.265,61.818],[-80.28,61.99],[-80.26,62.109],[-80.179,62.213],[-80.022,62.343],[-79.927,62.393],[-79.868,62.404],[-79.713,62.395],[-79.545,62.412]]],[[[-65.031,61.879],[-64.961,61.872],[-64.924,61.824],[-64.845,61.78],[-64.847,61.762],[-64.928,61.733],[-65.166,61.798],[-65.23,61.864],[-65.235,61.898],[-65.211,61.928],[-65.126,61.942],[-65.068,61.926],[-65.031,61.879]]],[[[-93.044,61.844],[-93.085,61.842],[-93.197,61.919],[-93.076,61.935],[-92.993,61.89],[-93.0,61.867],[-93.044,61.844]]],[[[-64.833,61.366],[-64.88,61.357],[-64.954,61.41],[-65.054,61.432],[-65.394,61.563],[-65.427,61.611],[-65.432,61.65],[-65.13,61.686],[-64.954,61.685],[-64.79,61.662],[-64.67,61.593],[-64.696,61.471],[-64.833,61.366]]],[[[-78.532,60.729],[-78.669,60.717],[-78.669,60.731],[-78.612,60.772],[-78.242,60.819],[-78.279,60.784],[-78.532,60.729]]],[[[-68.234,60.241],[-68.324,60.233],[-68.365,60.254],[-68.368,60.315],[-68.142,60.562],[-68.088,60.588],[-67.978,60.57],[-67.914,60.54],[-67.819,60.449],[-67.844,60.392],[-67.922,60.34],[-68.234,60.241]]],[[[-64.407,60.367],[-64.442,60.298],[-64.738,60.376],[-64.809,60.41],[-64.834,60.448],[-64.836,60.501],[-64.646,60.515],[-64.407,60.367]]],[[[-80.064,59.771],[-80.167,59.764],[-80.122,59.823],[-80.041,59.87],[-79.956,59.877],[-79.899,59.853],[-79.95,59.81],[-80.064,59.771]]],[[[-80.285,59.624],[-80.317,59.621],[-80.325,59.633],[-80.299,59.674],[-80.257,59.679],[-80.21,59.725],[-80.167,59.709],[-80.183,59.683],[-80.285,59.624]]],[[[-69.16,59.04],[-69.221,58.968],[-69.302,58.977],[-69.353,58.961],[-69.316,59.029],[-69.312,59.075],[-69.33,59.121],[-69.303,59.145],[-69.195,59.146],[-69.194,59.093],[-69.155,59.064],[-69.16,59.04]]],[[[-79.716,57.516],[-79.775,57.514],[-79.792,57.449],[-79.808,57.442],[-79.838,57.483],[-79.811,57.559],[-79.743,57.608],[-79.727,57.605],[-79.716,57.516]]],[[[-79.867,56.775],[-79.894,56.757],[-79.944,56.777],[-79.946,56.827],[-79.898,56.865],[-79.827,56.843],[-79.867,56.775]]],[[[-79.518,56.657],[-79.577,56.645],[-79.551,56.733],[-79.582,56.765],[-79.57,56.796],[-79.511,56.771],[-79.491,56.743],[-79.485,56.687],[-79.518,56.657]]],[[[-78.936,56.266],[-79.084,56.068],[-79.175,55.885],[-79.228,55.879],[-79.274,55.922],[-79.142,56.136],[-79.142,56.181],[-79.182,56.212],[-79.407,55.935],[-79.495,55.875],[-79.606,55.876],[-79.765,55.807],[-79.497,56.093],[-79.495,56.115],[-79.545,56.128],[-79.781,55.941],[-79.905,55.871],[-79.988,55.892],[-80.008,55.911],[-80.001,55.932],[-79.79,56.114],[-79.596,56.244],[-79.515,56.327],[-79.482,56.404],[-79.459,56.54],[-79.435,56.513],[-79.432,56.447],[-79.476,56.313],[-79.554,56.192],[-79.536,56.18],[-79.458,56.211],[-79.393,56.276],[-79.305,56.463],[-79.272,56.6],[-79.21,56.549],[-79.124,56.52],[-79.078,56.454],[-78.963,56.422],[-78.942,56.345],[-78.907,56.32],[-78.936,56.266]]],[[[-79.978,56.207],[-80.029,56.199],[-80.089,56.214],[-80.057,56.287],[-79.852,56.367],[-79.749,56.377],[-79.58,56.466],[-79.688,56.327],[-79.978,56.207]]],[[[-78.827,56.145],[-78.914,56.133],[-78.907,56.166],[-78.828,56.29],[-78.799,56.383],[-78.724,56.439],[-78.669,56.439],[-78.657,56.317],[-78.673,56.26],[-78.761,56.175],[-78.827,56.145]]],[[[-79.938,53.304],[-79.939,53.274],[-80.004,53.28],[-80.039,53.297],[-80.074,53.344],[-80.05,53.364],[-79.975,53.352],[-79.938,53.304]]],[[[-80.732,52.747],[-80.802,52.734],[-81.097,52.78],[-81.352,52.852],[-81.839,52.958],[-82.005,53.011],[-82.039,53.05],[-81.951,53.132],[-81.847,53.186],[-81.335,53.224],[-81.136,53.206],[-80.765,52.923],[-80.71,52.832],[-80.71,52.787],[-80.732,52.747]]],[[[-79.384,51.952],[-79.521,51.953],[-79.644,52.01],[-79.335,52.098],[-79.271,52.087],[-79.329,51.992],[-79.384,51.952]]],[[[-69.489,83.017],[-68.409,83.005],[-68.107,82.961],[-66.592,82.944],[-66.423,82.927],[-66.425,82.906],[-66.836,82.818],[-68.358,82.677],[-68.469,82.653],[-68.173,82.646],[-67.397,82.668],[-65.727,82.842],[-65.299,82.8],[-65.113,82.889],[-64.905,82.901],[-64.777,82.876],[-64.504,82.778],[-63.984,82.829],[-63.499,82.793],[-63.473,82.771],[-63.643,82.713],[-63.085,82.565],[-63.087,82.533],[-63.251,82.467],[-63.247,82.45],[-62.475,82.52],[-61.697,82.489],[-61.477,82.467],[-61.303,82.4],[-61.207,82.341],[-61.274,82.28],[-61.615,82.184],[-61.969,82.11],[-62.177,82.043],[-64.436,81.743],[-65.226,81.743],[-65.399,81.715],[-65.495,81.668],[-65.701,81.646],[-66.626,81.616],[-66.914,81.485],[-68.689,81.293],[-68.721,81.261],[-68.543,81.248],[-65.736,81.494],[-65.24,81.51],[-64.78,81.493],[-64.833,81.439],[-65.484,81.285],[-66.313,81.146],[-66.727,81.041],[-67.774,80.859],[-68.63,80.679],[-68.959,80.587],[-69.4,80.423],[-69.551,80.383],[-69.734,80.367],[-70.143,80.398],[-70.713,80.54],[-70.213,80.278],[-70.265,80.234],[-71.1,80.187],[-71.47,80.146],[-71.928,80.139],[-72.056,80.123],[-72.063,80.106],[-71.949,80.086],[-71.616,80.071],[-70.877,80.122],[-70.759,80.119],[-70.568,80.094],[-70.559,80.071],[-70.758,79.998],[-71.356,79.911],[-71.106,79.876],[-71.11,79.848],[-71.388,79.762],[-71.965,79.701],[-72.216,79.687],[-72.437,79.694],[-73.448,79.827],[-74.144,79.88],[-74.394,79.874],[-74.66,79.835],[-74.051,79.778],[-73.472,79.756],[-73.229,79.644],[-73.201,79.597],[-73.294,79.522],[-73.466,79.495],[-73.866,79.501],[-74.189,79.465],[-74.798,79.459],[-75.503,79.414],[-75.774,79.431],[-76.067,79.473],[-76.899,79.512],[-76.855,79.488],[-76.671,79.478],[-76.296,79.414],[-76.116,79.326],[-75.948,79.311],[-75.603,79.24],[-75.094,79.204],[-74.727,79.235],[-74.481,79.229],[-74.532,79.053],[-74.641,79.036],[-75.233,79.036],[-75.912,79.118],[-77.398,79.057],[-78.258,79.082],[-78.582,79.075],[-78.559,79.055],[-78.422,79.048],[-77.883,78.942],[-76.825,79.018],[-76.524,79.024],[-76.256,79.007],[-75.953,78.959],[-75.795,78.89],[-75.099,78.858],[-74.618,78.758],[-74.486,78.75],[-74.433,78.724],[-74.535,78.659],[-74.547,78.62],[-74.879,78.545],[-75.397,78.523],[-75.966,78.53],[-76.416,78.512],[-76.137,78.492],[-75.488,78.404],[-75.237,78.356],[-75.193,78.328],[-75.551,78.221],[-75.866,78.01],[-75.97,77.993],[-76.356,77.991],[-76.708,77.938],[-76.974,77.927],[-77.456,77.947],[-78.013,77.946],[-78.056,77.912],[-78.084,77.846],[-78.081,77.747],[-78.047,77.615],[-78.076,77.519],[-78.168,77.458],[-78.284,77.413],[-78.493,77.369],[-78.87,77.333],[-79.906,77.3],[-80.573,77.315],[-80.875,77.359],[-81.377,77.482],[-81.659,77.525],[-81.654,77.499],[-81.504,77.43],[-81.278,77.365],[-81.301,77.344],[-81.523,77.311],[-82.057,77.297],[-82.066,77.284],[-81.968,77.248],[-81.756,77.204],[-81.534,77.214],[-81.117,77.27],[-80.673,77.244],[-80.219,77.147],[-79.924,77.194],[-79.497,77.196],[-79.341,77.158],[-79.281,77.085],[-79.274,77.026],[-79.319,76.98],[-79.221,76.936],[-78.979,76.893],[-78.792,76.884],[-78.456,76.967],[-78.289,76.978],[-77.999,76.852],[-77.983,76.755],[-78.119,76.644],[-78.284,76.571],[-78.934,76.451],[-79.286,76.355],[-79.511,76.31],[-79.954,76.251],[-80.187,76.24],[-80.8,76.174],[-80.963,76.184],[-80.997,76.215],[-80.955,76.27],[-80.835,76.369],[-80.832,76.409],[-80.975,76.47],[-81.171,76.513],[-81.474,76.488],[-81.717,76.495],[-81.823,76.521],[-82.034,76.629],[-82.311,76.655],[-82.53,76.723],[-82.262,76.575],[-82.208,76.514],[-82.233,76.466],[-83.389,76.439],[-83.886,76.453],[-83.986,76.495],[-84.224,76.675],[-84.275,76.357],[-85.141,76.305],[-85.344,76.313],[-85.681,76.349],[-86.116,76.435],[-86.296,76.492],[-86.367,76.549],[-86.454,76.585],[-86.562,76.517],[-86.68,76.377],[-87.354,76.448],[-87.49,76.586],[-87.498,76.386],[-88.104,76.413],[-88.396,76.405],[-88.482,76.58],[-88.496,76.773],[-88.614,76.651],[-88.563,76.547],[-88.546,76.421],[-88.804,76.457],[-89.57,76.492],[-89.5,76.827],[-88.771,76.993],[-88.556,77.072],[-88.398,77.104],[-88.148,77.124],[-87.362,77.136],[-86.812,77.185],[-87.182,77.332],[-87.43,77.348],[-87.681,77.436],[-88.095,77.719],[-88.017,77.785],[-87.497,77.872],[-87.236,77.892],[-87.018,77.892],[-86.755,77.864],[-86.385,77.809],[-86.173,77.746],[-85.731,77.509],[-85.588,77.461],[-84.951,77.375],[-84.739,77.361],[-84.487,77.368],[-83.974,77.391],[-83.721,77.414],[-83.608,77.442],[-83.477,77.514],[-83.25,77.585],[-82.903,77.733],[-82.71,77.85],[-82.626,77.936],[-82.595,77.992],[-82.704,77.962],[-83.428,77.621],[-83.779,77.533],[-83.928,77.518],[-84.168,77.523],[-84.486,77.562],[-84.861,77.5],[-85.088,77.515],[-85.289,77.559],[-85.292,77.764],[-85.548,77.928],[-85.031,78.062],[-84.615,78.196],[-84.223,78.176],[-84.55,78.251],[-84.91,78.24],[-84.783,78.528],[-85.024,78.312],[-85.419,78.142],[-85.586,78.11],[-86.218,78.081],[-86.063,78.187],[-85.92,78.343],[-86.071,78.285],[-86.427,78.197],[-86.913,78.127],[-87.339,78.133],[-87.552,78.177],[-87.491,78.284],[-87.491,78.417],[-86.953,78.664],[-86.808,78.774],[-86.242,78.824],[-85.691,78.844],[-85.23,78.902],[-85.004,78.912],[-84.787,78.885],[-83.908,78.839],[-83.271,78.77],[-82.99,78.844],[-82.442,78.84],[-82.151,78.864],[-81.781,78.95],[-81.75,78.976],[-82.028,78.962],[-82.439,78.904],[-83.059,78.94],[-84.146,78.96],[-84.412,78.997],[-84.568,79.071],[-84.53,79.101],[-84.257,79.122],[-83.825,79.059],[-83.576,79.054],[-83.662,79.09],[-84.197,79.225],[-85.09,79.612],[-85.268,79.664],[-85.457,79.69],[-86.031,79.722],[-86.147,79.743],[-86.421,79.845],[-86.494,80.018],[-86.615,80.124],[-86.499,80.258],[-86.307,80.319],[-85.16,80.272],[-84.675,80.279],[-84.057,80.262],[-83.724,80.229],[-83.004,80.055],[-82.677,79.993],[-82.377,79.908],[-81.856,79.723],[-81.688,79.686],[-81.038,79.614],[-80.476,79.606],[-80.124,79.67],[-80.714,79.675],[-81.01,79.693],[-81.359,79.788],[-81.86,79.957],[-82.332,80.066],[-82.681,80.175],[-82.961,80.278],[-82.987,80.323],[-82.536,80.376],[-80.98,80.445],[-80.051,80.529],[-79.629,80.648],[-78.386,80.784],[-76.863,80.865],[-76.85,80.878],[-77.119,80.896],[-78.551,80.921],[-78.716,80.952],[-78.629,81.043],[-78.464,81.114],[-78.287,81.168],[-77.536,81.321],[-77.031,81.386],[-76.885,81.43],[-77.972,81.331],[-78.352,81.259],[-78.734,81.151],[-78.932,81.119],[-79.198,81.118],[-79.309,81.089],[-79.402,81.037],[-79.545,80.909],[-79.761,80.842],[-80.134,80.764],[-81.007,80.655],[-82.368,80.561],[-82.613,80.559],[-82.884,80.578],[-82.768,80.631],[-82.337,80.729],[-82.222,80.772],[-83.401,80.714],[-83.647,80.674],[-84.076,80.556],[-84.22,80.538],[-85.146,80.521],[-85.307,80.526],[-85.726,80.581],[-86.25,80.566],[-86.532,80.605],[-86.615,80.63],[-86.603,80.664],[-86.252,80.79],[-85.639,80.925],[-85.246,80.988],[-84.68,81.042],[-83.349,81.103],[-83.289,81.148],[-84.635,81.098],[-85.781,81.035],[-85.967,81.012],[-86.233,80.95],[-87.33,80.67],[-87.712,80.656],[-88.004,80.675],[-88.921,80.806],[-89.145,80.854],[-89.263,80.914],[-89.167,80.941],[-88.413,81.0],[-87.389,80.988],[-86.929,81.0],[-86.477,81.036],[-85.81,81.124],[-85.083,81.247],[-84.941,81.286],[-85.402,81.285],[-85.875,81.241],[-86.623,81.123],[-87.275,81.081],[-88.887,81.059],[-89.398,81.025],[-89.623,81.032],[-89.792,81.065],[-89.981,81.125],[-89.947,81.173],[-89.563,81.226],[-89.209,81.25],[-89.636,81.302],[-89.674,81.329],[-89.427,81.387],[-88.892,81.474],[-88.622,81.501],[-88.126,81.519],[-87.617,81.509],[-87.597,81.526],[-88.101,81.559],[-88.479,81.565],[-88.978,81.541],[-90.304,81.401],[-90.609,81.43],[-90.554,81.464],[-89.845,81.612],[-89.822,81.635],[-90.331,81.632],[-90.626,81.656],[-90.834,81.64],[-91.292,81.571],[-91.403,81.578],[-91.684,81.636],[-91.648,81.684],[-91.424,81.744],[-90.942,81.827],[-90.49,81.877],[-90.163,81.894],[-89.633,81.895],[-89.381,81.917],[-88.875,82.018],[-88.567,82.061],[-88.063,82.096],[-87.639,82.085],[-87.404,82.054],[-87.018,81.959],[-86.999,81.992],[-86.834,82.033],[-86.627,82.051],[-86.158,82.026],[-85.646,81.953],[-85.538,81.955],[-85.403,81.982],[-85.045,81.983],[-85.169,82.023],[-85.311,82.044],[-86.581,82.187],[-86.616,82.219],[-85.794,82.292],[-85.276,82.405],[-84.897,82.449],[-84.368,82.374],[-83.591,82.326],[-83.01,82.142],[-82.634,82.077],[-82.356,82.066],[-82.327,82.092],[-82.657,82.158],[-82.747,82.196],[-82.709,82.229],[-82.638,82.246],[-82.537,82.247],[-81.585,82.121],[-80.55,82.005],[-80.153,81.978],[-79.686,81.886],[-79.425,81.854],[-79.629,81.932],[-80.13,82.028],[-81.468,82.192],[-81.998,82.278],[-82.448,82.395],[-82.451,82.427],[-82.269,82.465],[-81.681,82.519],[-82.123,82.602],[-82.117,82.629],[-81.785,82.649],[-81.58,82.643],[-81.189,82.594],[-80.863,82.572],[-80.81,82.586],[-81.147,82.716],[-81.178,82.745],[-81.01,82.779],[-80.657,82.769],[-80.076,82.706],[-79.035,82.675],[-78.749,82.679],[-79.834,82.816],[-80.141,82.894],[-80.155,82.911],[-79.886,82.939],[-79.181,82.933],[-78.525,82.891],[-77.969,82.906],[-77.48,82.883],[-76.421,82.671],[-76.244,82.604],[-76.146,82.55],[-76.009,82.535],[-75.566,82.609],[-75.643,82.643],[-76.087,82.724],[-76.41,82.816],[-76.908,82.919],[-77.125,83.009],[-75.745,83.047],[-74.414,83.013],[-74.198,82.989],[-73.703,82.852],[-73.272,82.772],[-72.659,82.722],[-73.235,82.844],[-73.442,82.905],[-73.441,82.946],[-73.404,82.977],[-73.331,82.999],[-72.812,83.081],[-72.069,83.106],[-71.983,83.101],[-71.132,82.923],[-70.94,82.902],[-70.933,82.911],[-71.198,82.97],[-71.402,83.001],[-71.424,83.021],[-71.085,83.083],[-70.871,83.098],[-69.97,83.116],[-69.782,83.093],[-69.569,83.025],[-69.489,83.017]]],[[[-91.886,81.133],[-91.755,81.049],[-91.272,80.85],[-91.054,80.778],[-90.683,80.688],[-90.637,80.655],[-90.643,80.594],[-89.862,80.498],[-89.525,80.539],[-89.329,80.532],[-89.236,80.511],[-89.167,80.48],[-89.134,80.44],[-89.204,80.407],[-89.147,80.36],[-89.218,80.289],[-89.198,80.263],[-89.019,80.198],[-88.857,80.166],[-88.538,80.131],[-88.329,80.134],[-88.2,80.111],[-88.197,80.125],[-88.255,80.167],[-88.381,80.225],[-88.613,80.255],[-88.646,80.29],[-88.663,80.348],[-88.644,80.387],[-88.525,80.418],[-88.125,80.429],[-87.675,80.372],[-87.646,80.348],[-87.63,80.302],[-87.625,80.187],[-87.869,80.134],[-87.922,80.098],[-87.202,80.043],[-86.977,79.894],[-87.144,79.663],[-87.295,79.58],[-87.243,79.571],[-86.925,79.591],[-86.649,79.646],[-86.337,79.635],[-86.18,79.605],[-86.086,79.551],[-86.007,79.479],[-85.949,79.486],[-85.751,79.595],[-85.648,79.611],[-85.064,79.328],[-85.042,79.285],[-85.29,79.208],[-86.092,79.1],[-86.721,78.975],[-86.957,78.975],[-87.016,78.899],[-87.08,78.866],[-87.617,78.676],[-87.861,78.707],[-87.922,78.751],[-87.956,78.852],[-87.953,78.915],[-87.817,79.036],[-87.878,79.038],[-88.04,78.995],[-88.164,78.933],[-88.19,78.867],[-88.167,78.746],[-88.19,78.696],[-88.254,78.672],[-88.228,78.653],[-88.003,78.616],[-87.974,78.565],[-87.983,78.537],[-88.04,78.494],[-88.148,78.477],[-88.285,78.497],[-88.581,78.602],[-88.742,78.584],[-88.623,78.462],[-88.606,78.392],[-88.733,78.242],[-88.791,78.192],[-88.822,78.186],[-88.97,78.184],[-89.096,78.209],[-89.655,78.439],[-89.926,78.573],[-90.037,78.607],[-90.076,78.549],[-89.612,78.279],[-89.507,78.203],[-89.49,78.172],[-89.526,78.16],[-89.579,78.167],[-90.136,78.313],[-90.459,78.331],[-90.622,78.322],[-90.652,78.308],[-90.405,78.247],[-90.327,78.185],[-90.387,78.163],[-90.614,78.15],[-91.41,78.188],[-91.899,78.237],[-92.351,78.313],[-92.678,78.389],[-92.808,78.43],[-92.848,78.46],[-92.726,78.487],[-91.867,78.543],[-91.935,78.562],[-92.716,78.605],[-93.267,78.608],[-93.389,78.643],[-93.634,78.751],[-93.623,78.768],[-93.561,78.777],[-93.16,78.776],[-93.902,78.872],[-94.115,78.929],[-94.17,78.973],[-94.163,78.994],[-93.95,79.037],[-93.294,79.14],[-92.842,79.156],[-92.684,79.186],[-92.547,79.283],[-91.868,79.317],[-91.3,79.373],[-92.248,79.373],[-92.485,79.439],[-92.822,79.45],[-93.933,79.291],[-94.04,79.295],[-94.109,79.315],[-94.04,79.357],[-93.94,79.386],[-94.11,79.402],[-94.405,79.391],[-95.103,79.29],[-95.317,79.355],[-95.657,79.39],[-95.733,79.418],[-95.663,79.527],[-95.563,79.55],[-95.302,79.568],[-94.52,79.667],[-94.402,79.736],[-95.297,79.653],[-95.858,79.674],[-96.463,79.848],[-96.589,79.917],[-96.639,80.024],[-96.773,80.136],[-95.782,80.066],[-94.646,80.049],[-94.611,80.056],[-94.6,80.074],[-94.607,80.126],[-94.583,80.141],[-94.263,80.195],[-94.59,80.202],[-95.192,80.134],[-95.405,80.135],[-95.646,80.231],[-95.904,80.214],[-96.026,80.222],[-96.308,80.267],[-96.394,80.315],[-96.385,80.333],[-96.334,80.353],[-96.112,80.38],[-95.549,80.367],[-96.152,80.553],[-96.133,80.691],[-95.927,80.721],[-95.714,80.725],[-95.505,80.691],[-95.226,80.686],[-95.026,80.646],[-94.893,80.571],[-93.928,80.559],[-94.202,80.61],[-94.596,80.641],[-94.788,80.751],[-95.515,80.838],[-95.509,80.863],[-95.27,81.001],[-94.981,81.05],[-94.519,81.031],[-93.826,81.106],[-93.345,81.085],[-93.236,81.129],[-93.235,81.155],[-93.286,81.179],[-93.407,81.209],[-93.894,81.213],[-94.194,81.241],[-94.219,81.265],[-94.233,81.315],[-94.179,81.339],[-93.333,81.364],[-93.035,81.346],[-92.212,81.244],[-91.998,81.186],[-91.886,81.133]]],[[[-98.792,79.981],[-98.769,79.851],[-98.79,79.785],[-98.841,79.737],[-98.945,79.724],[-99.302,79.784],[-99.333,79.84],[-99.516,79.887],[-100.0,79.884],[-100.092,79.919],[-100.126,80.001],[-100.12,80.03],[-100.053,80.093],[-99.731,80.144],[-99.017,80.111],[-98.895,80.082],[-98.823,80.037],[-98.792,79.981]]],[[[-103.426,79.316],[-103.192,79.295],[-102.914,79.231],[-102.652,79.095],[-102.638,79.055],[-102.648,79.027],[-102.731,78.969],[-102.596,78.943],[-102.581,78.93],[-102.593,78.901],[-102.576,78.879],[-102.425,78.933],[-102.393,79.01],[-101.974,79.079],[-101.704,79.079],[-101.299,78.982],[-101.145,78.973],[-101.037,78.939],[-101.034,78.915],[-101.147,78.824],[-101.128,78.802],[-100.917,78.783],[-100.435,78.82],[-100.015,78.729],[-99.782,78.62],[-99.609,78.583],[-99.582,78.563],[-99.631,78.545],[-99.68,78.494],[-99.848,78.438],[-99.774,78.393],[-99.778,78.325],[-99.751,78.303],[-99.562,78.279],[-99.132,78.118],[-99.053,78.072],[-99.0,77.997],[-99.061,77.966],[-99.128,77.877],[-99.166,77.857],[-99.956,77.794],[-100.275,77.833],[-100.586,77.892],[-100.758,77.978],[-100.826,78.088],[-100.958,78.13],[-101.074,78.194],[-101.298,78.199],[-102.057,78.28],[-102.607,78.249],[-102.668,78.256],[-102.772,78.307],[-102.784,78.33],[-102.731,78.371],[-103.677,78.32],[-103.947,78.26],[-104.324,78.269],[-104.513,78.295],[-104.764,78.352],[-104.879,78.401],[-104.985,78.468],[-104.996,78.519],[-104.91,78.553],[-104.727,78.579],[-103.764,78.52],[-103.571,78.54],[-103.483,78.594],[-103.588,78.623],[-104.021,78.635],[-103.929,78.663],[-103.563,78.693],[-103.372,78.736],[-103.518,78.769],[-104.009,78.764],[-104.185,78.781],[-104.195,78.796],[-104.155,78.814],[-103.876,78.903],[-103.887,78.919],[-104.152,78.99],[-104.395,78.956],[-104.736,78.826],[-104.896,78.808],[-104.97,78.829],[-104.97,78.856],[-104.735,78.991],[-104.747,79.027],[-104.901,79.051],[-105.536,79.033],[-105.571,79.061],[-105.58,79.114],[-105.571,79.164],[-105.515,79.242],[-105.388,79.324],[-104.847,79.311],[-103.706,79.352],[-103.426,79.316]]],[[[-96.205,78.531],[-95.968,78.505],[-95.561,78.517],[-95.031,78.43],[-94.915,78.391],[-94.887,78.345],[-95.268,78.263],[-95.329,78.225],[-95.103,78.178],[-94.988,78.136],[-94.936,78.106],[-94.934,78.076],[-95.087,77.993],[-95.199,77.968],[-95.452,77.963],[-96.012,77.887],[-96.477,77.872],[-96.834,77.812],[-96.99,77.806],[-97.04,77.827],[-97.064,77.859],[-97.019,77.908],[-97.093,77.933],[-97.427,77.982],[-97.621,78.05],[-97.658,78.091],[-97.041,78.117],[-96.945,78.152],[-97.323,78.203],[-97.819,78.231],[-97.843,78.262],[-98.049,78.326],[-98.069,78.386],[-98.255,78.429],[-98.317,78.477],[-98.316,78.517],[-98.06,78.558],[-98.29,78.692],[-98.341,78.751],[-98.333,78.774],[-98.212,78.805],[-97.382,78.783],[-96.475,78.665],[-96.265,78.595],[-96.243,78.573],[-96.256,78.551],[-96.205,78.531]]],[[[-103.003,78.146],[-103.118,78.126],[-103.252,78.138],[-103.274,78.166],[-103.11,78.246],[-102.973,78.267],[-102.892,78.271],[-102.826,78.25],[-102.788,78.218],[-103.003,78.146]]],[[[-101.694,77.697],[-102.08,77.692],[-102.378,77.728],[-102.458,77.77],[-102.472,77.873],[-101.918,77.9],[-101.639,77.892],[-101.193,77.83],[-101.046,77.778],[-101.002,77.735],[-101.398,77.729],[-101.694,77.697]]],[[[-95.484,77.792],[-95.233,77.754],[-94.96,77.774],[-94.015,77.76],[-93.583,77.771],[-93.301,77.74],[-93.211,77.71],[-93.129,77.66],[-93.339,77.63],[-93.544,77.467],[-93.836,77.452],[-94.409,77.474],[-95.987,77.484],[-96.264,77.595],[-96.277,77.631],[-96.195,77.701],[-96.143,77.714],[-95.684,77.782],[-95.484,77.792]]],[[[-104.558,77.142],[-104.711,77.124],[-105.215,77.182],[-105.556,77.353],[-105.695,77.461],[-105.747,77.525],[-105.848,77.563],[-105.883,77.627],[-106.066,77.725],[-106.036,77.74],[-105.863,77.754],[-105.588,77.736],[-105.29,77.642],[-105.007,77.507],[-104.994,77.45],[-104.955,77.419],[-104.77,77.413],[-104.542,77.338],[-104.454,77.249],[-104.493,77.162],[-104.558,77.142]]],[[[-89.833,77.268],[-90.095,77.21],[-90.228,77.212],[-90.993,77.329],[-91.147,77.387],[-91.177,77.426],[-91.183,77.557],[-91.149,77.608],[-91.109,77.626],[-90.843,77.655],[-90.423,77.628],[-90.172,77.595],[-89.719,77.442],[-89.694,77.378],[-89.712,77.31],[-89.833,77.268]]],[[[-94.295,76.912],[-93.811,76.914],[-93.608,76.874],[-93.212,76.755],[-93.189,76.708],[-93.201,76.669],[-93.317,76.574],[-93.426,76.527],[-93.535,76.448],[-92.995,76.62],[-92.716,76.603],[-92.297,76.616],[-91.789,76.676],[-91.305,76.681],[-91.124,76.662],[-90.738,76.581],[-90.605,76.543],[-90.543,76.496],[-90.622,76.465],[-91.398,76.51],[-91.443,76.499],[-91.415,76.456],[-90.855,76.437],[-89.285,76.302],[-89.219,76.258],[-89.237,76.239],[-89.407,76.189],[-90.312,76.158],[-90.827,76.186],[-91.26,76.23],[-91.407,76.22],[-91.279,76.16],[-91.02,76.142],[-90.802,76.106],[-90.712,76.076],[-90.251,76.053],[-90.033,75.971],[-89.913,75.966],[-89.793,75.925],[-89.695,75.854],[-89.65,75.844],[-89.511,75.857],[-89.278,75.795],[-89.205,75.762],[-89.205,75.737],[-89.361,75.646],[-89.625,75.584],[-89.646,75.565],[-89.28,75.564],[-88.917,75.454],[-88.839,75.463],[-88.804,75.502],[-88.864,75.589],[-88.852,75.625],[-88.784,75.647],[-88.645,75.658],[-88.569,75.645],[-88.201,75.512],[-87.73,75.576],[-87.644,75.547],[-87.539,75.485],[-87.365,75.591],[-87.257,75.618],[-86.814,75.491],[-86.545,75.463],[-86.236,75.406],[-85.951,75.395],[-85.905,75.442],[-86.069,75.502],[-85.973,75.529],[-85.581,75.58],[-85.372,75.573],[-84.987,75.645],[-84.605,75.653],[-84.014,75.78],[-83.932,75.819],[-83.745,75.813],[-83.237,75.751],[-82.354,75.833],[-82.154,75.831],[-81.269,75.756],[-81.151,75.736],[-81.193,75.684],[-81.174,75.669],[-81.001,75.643],[-80.322,75.629],[-80.119,75.562],[-80.126,75.542],[-80.287,75.49],[-80.26,75.479],[-79.66,75.45],[-79.508,75.295],[-79.509,75.26],[-79.634,75.199],[-79.977,75.119],[-80.358,75.052],[-80.382,75.034],[-80.135,74.988],[-79.664,75.021],[-79.525,74.99],[-79.401,74.918],[-79.508,74.88],[-79.944,74.834],[-80.202,74.895],[-80.348,74.903],[-80.149,74.796],[-80.192,74.78],[-80.213,74.749],[-80.221,74.657],[-80.263,74.584],[-80.278,74.582],[-81.226,74.567],[-81.607,74.502],[-81.94,74.473],[-82.415,74.535],[-82.736,74.53],[-82.931,74.566],[-83.058,74.63],[-83.117,74.693],[-83.087,74.788],[-83.103,74.817],[-83.22,74.828],[-83.407,74.885],[-83.522,74.901],[-83.544,74.892],[-83.51,74.848],[-83.364,74.802],[-83.341,74.765],[-83.394,74.67],[-83.532,74.586],[-83.622,74.566],[-83.868,74.564],[-84.245,74.515],[-84.426,74.508],[-84.818,74.542],[-85.012,74.604],[-85.061,74.607],[-85.087,74.528],[-85.133,74.517],[-85.339,74.543],[-85.442,74.601],[-85.474,74.6],[-85.512,74.545],[-85.544,74.535],[-85.808,74.499],[-85.956,74.499],[-86.11,74.54],[-86.341,74.513],[-86.731,74.557],[-86.666,74.489],[-86.995,74.48],[-87.364,74.502],[-87.593,74.47],[-88.423,74.494],[-88.501,74.51],[-88.556,74.541],[-88.558,74.57],[-88.538,74.609],[-88.34,74.785],[-88.535,74.832],[-88.682,74.802],[-88.778,74.715],[-88.851,74.69],[-88.883,74.711],[-88.908,74.764],[-88.94,74.789],[-89.02,74.774],[-89.058,74.747],[-89.192,74.745],[-89.219,74.732],[-89.197,74.698],[-89.196,74.638],[-89.262,74.609],[-89.559,74.555],[-89.844,74.549],[-90.362,74.61],[-90.553,74.613],[-90.784,74.696],[-90.967,74.715],[-90.958,74.745],[-90.878,74.801],[-90.88,74.818],[-91.13,74.736],[-91.164,74.71],[-91.135,74.65],[-91.339,74.667],[-91.508,74.651],[-91.871,74.743],[-91.962,74.793],[-92.103,74.948],[-92.174,75.051],[-92.165,75.072],[-92.061,75.101],[-92.076,75.124],[-92.347,75.23],[-92.389,75.263],[-92.427,75.346],[-92.428,75.383],[-92.411,75.406],[-92.331,75.479],[-92.11,75.611],[-92.069,75.658],[-92.142,75.797],[-92.185,75.847],[-92.709,76.114],[-93.092,76.354],[-93.309,76.36],[-93.56,76.311],[-93.665,76.273],[-94.585,76.297],[-94.737,76.293],[-94.997,76.258],[-95.274,76.264],[-95.447,76.363],[-95.842,76.416],[-95.959,76.446],[-96.04,76.487],[-96.013,76.513],[-95.789,76.537],[-95.651,76.585],[-95.971,76.57],[-96.64,76.703],[-96.846,76.726],[-96.898,76.754],[-96.878,76.803],[-96.59,76.763],[-96.451,76.774],[-96.402,76.797],[-96.661,76.855],[-96.814,76.913],[-96.758,76.972],[-95.85,77.066],[-95.638,77.064],[-95.126,77.017],[-94.295,76.912]]],[[[-89.726,76.507],[-89.974,76.488],[-90.165,76.524],[-90.441,76.663],[-90.556,76.735],[-90.562,76.754],[-90.525,76.788],[-90.41,76.81],[-90.136,76.837],[-89.949,76.836],[-89.775,76.782],[-89.695,76.741],[-89.709,76.701],[-89.822,76.631],[-89.805,76.561],[-89.726,76.521],[-89.726,76.507]]],[[[-101.226,76.579],[-101.485,76.575],[-101.605,76.587],[-101.613,76.605],[-101.165,76.665],[-100.962,76.734],[-100.886,76.743],[-100.622,76.753],[-100.269,76.734],[-101.226,76.579]]],[[[-97.701,76.466],[-97.69,76.422],[-97.702,76.387],[-97.737,76.363],[-97.739,76.335],[-97.531,76.182],[-97.531,76.109],[-97.613,76.053],[-97.65,75.979],[-97.652,75.94],[-97.603,75.879],[-97.602,75.851],[-97.694,75.803],[-97.891,75.76],[-97.863,75.738],[-97.408,75.673],[-97.41,75.552],[-97.336,75.42],[-97.653,75.508],[-97.878,75.416],[-97.853,75.26],[-97.705,75.191],[-97.66,75.151],[-97.674,75.127],[-97.799,75.117],[-97.971,75.153],[-98.045,75.201],[-98.069,75.199],[-98.092,75.176],[-98.077,75.153],[-97.99,75.111],[-97.953,75.06],[-97.992,75.046],[-98.704,75.006],[-99.156,75.016],[-99.326,75.049],[-99.421,75.044],[-99.627,74.984],[-100.234,75.008],[-100.357,75.067],[-100.483,75.188],[-100.459,75.219],[-100.146,75.246],[-100.731,75.347],[-100.704,75.394],[-100.712,75.406],[-100.28,75.461],[-99.965,75.569],[-99.77,75.612],[-99.756,75.633],[-99.591,75.655],[-99.209,75.669],[-99.195,75.698],[-99.915,75.681],[-101.207,75.59],[-101.461,75.608],[-102.541,75.514],[-102.7,75.544],[-102.797,75.6],[-102.728,75.639],[-102.411,75.713],[-102.252,75.778],[-102.271,75.813],[-102.145,75.875],[-101.943,75.884],[-101.6,75.833],[-101.421,75.782],[-101.261,75.758],[-101.119,75.763],[-100.973,75.798],[-101.288,75.789],[-101.415,75.846],[-101.506,75.918],[-101.508,75.944],[-101.431,75.992],[-101.717,76.008],[-101.823,76.041],[-101.872,76.083],[-101.771,76.15],[-101.529,76.217],[-101.557,76.236],[-101.91,76.234],[-102.138,76.285],[-102.105,76.331],[-101.964,76.399],[-101.788,76.451],[-101.34,76.41],[-101.139,76.345],[-101.088,76.308],[-101.094,76.272],[-101.056,76.246],[-100.106,75.96],[-99.865,75.924],[-99.701,75.941],[-99.689,75.96],[-99.978,76.029],[-100.113,76.117],[-100.086,76.134],[-100.002,76.139],[-99.541,76.146],[-99.998,76.196],[-100.183,76.197],[-100.414,76.243],[-100.414,76.257],[-100.358,76.271],[-100.043,76.291],[-99.983,76.3],[-99.978,76.312],[-100.175,76.359],[-100.651,76.396],[-100.82,76.437],[-100.891,76.475],[-100.83,76.524],[-100.574,76.585],[-100.388,76.614],[-100.069,76.635],[-99.669,76.624],[-99.33,76.521],[-99.17,76.454],[-98.89,76.466],[-98.971,76.537],[-99.024,76.615],[-98.711,76.694],[-98.528,76.667],[-98.236,76.575],[-97.808,76.519],[-97.726,76.496],[-97.701,76.466]]],[[[-104.023,76.583],[-103.723,76.601],[-103.613,76.563],[-103.585,76.539],[-103.19,76.477],[-103.051,76.45],[-103.034,76.432],[-103.2,76.371],[-103.472,76.329],[-104.271,76.326],[-104.358,76.335],[-104.408,76.365],[-104.603,76.583],[-104.586,76.606],[-104.5,76.63],[-104.205,76.666],[-104.074,76.666],[-103.992,76.657],[-103.959,76.639],[-103.969,76.614],[-104.023,76.583]]],[[[-102.227,76.015],[-102.018,75.954],[-102.008,75.939],[-102.423,75.869],[-102.58,75.78],[-103.315,75.764],[-103.245,75.823],[-103.042,75.919],[-103.202,75.959],[-103.77,75.892],[-103.985,75.933],[-103.801,76.037],[-104.242,76.047],[-104.406,76.108],[-104.351,76.182],[-104.012,76.223],[-103.098,76.311],[-102.728,76.307],[-102.584,76.282],[-102.49,76.095],[-102.426,76.086],[-102.227,76.015]]],[[[-79.063,75.926],[-79.052,75.867],[-79.124,75.87],[-79.356,75.831],[-79.545,75.826],[-79.639,75.843],[-79.699,75.883],[-79.551,75.958],[-79.009,76.146],[-78.845,76.106],[-78.946,76.025],[-79.057,75.985],[-79.063,75.926]]],[[[-94.527,75.749],[-94.751,75.77],[-94.787,75.791],[-94.901,75.931],[-94.84,75.954],[-94.499,75.992],[-94.414,75.885],[-94.296,75.788],[-94.33,75.766],[-94.527,75.749]]],[[[-96.079,75.51],[-96.156,75.477],[-96.237,75.475],[-96.345,75.506],[-96.462,75.494],[-96.679,75.394],[-96.857,75.369],[-96.915,75.38],[-96.97,75.413],[-97.021,75.468],[-96.983,75.51],[-96.428,75.606],[-96.417,75.631],[-96.368,75.655],[-96.145,75.614],[-95.96,75.554],[-96.079,75.51]]],[[[-93.543,75.028],[-93.478,74.952],[-93.463,74.857],[-93.491,74.772],[-93.536,74.749],[-93.547,74.691],[-93.573,74.669],[-93.985,74.644],[-94.535,74.637],[-94.804,74.66],[-95.286,74.794],[-95.865,74.83],[-96.094,74.933],[-96.182,74.951],[-96.27,74.92],[-96.386,74.999],[-96.56,74.99],[-96.591,75.002],[-96.6,75.032],[-96.566,75.099],[-96.383,75.211],[-96.18,75.24],[-96.118,75.301],[-96.125,75.358],[-95.955,75.444],[-95.671,75.529],[-95.05,75.622],[-94.878,75.63],[-94.649,75.623],[-94.427,75.593],[-93.909,75.423],[-93.751,75.349],[-93.667,75.274],[-93.591,75.23],[-93.498,75.137],[-93.532,75.1],[-93.552,75.051],[-93.543,75.028]]],[[[-104.12,75.036],[-104.309,75.031],[-104.634,75.061],[-104.887,75.148],[-104.649,75.35],[-104.474,75.413],[-104.346,75.43],[-104.075,75.424],[-103.851,75.371],[-103.804,75.346],[-103.746,75.252],[-103.643,75.187],[-103.642,75.163],[-103.664,75.139],[-103.814,75.08],[-104.12,75.036]]],[[[-95.307,74.505],[-95.442,74.506],[-95.777,74.551],[-95.851,74.582],[-95.66,74.637],[-95.51,74.637],[-95.353,74.586],[-95.278,74.54],[-95.274,74.519],[-95.307,74.505]]],[[[-97.355,74.526],[-97.656,74.466],[-97.75,74.511],[-97.516,74.602],[-97.417,74.627],[-97.318,74.598],[-97.291,74.576],[-97.355,74.526]]],[[[-93.171,74.161],[-92.587,74.083],[-92.223,73.972],[-91.63,74.028],[-91.088,74.009],[-90.627,73.952],[-90.355,73.869],[-90.381,73.825],[-90.566,73.686],[-90.765,73.581],[-90.934,73.528],[-91.068,73.416],[-91.249,73.304],[-91.554,73.236],[-91.426,73.195],[-91.46,73.145],[-91.788,72.915],[-92.118,72.754],[-92.235,72.727],[-92.392,72.718],[-93.341,72.802],[-93.579,72.801],[-94.211,72.757],[-93.771,72.668],[-93.572,72.559],[-93.534,72.499],[-93.542,72.437],[-93.871,72.253],[-94.038,72.029],[-94.144,72.001],[-94.497,72.044],[-95.008,72.013],[-95.193,72.027],[-95.167,72.18],[-95.193,72.345],[-95.251,72.502],[-95.548,72.782],[-95.602,72.884],[-95.612,72.999],[-95.589,73.174],[-95.644,73.557],[-95.648,73.639],[-95.633,73.695],[-95.569,73.728],[-95.386,73.755],[-94.996,73.686],[-94.698,73.664],[-94.691,73.671],[-94.897,73.716],[-95.059,73.805],[-95.134,73.881],[-95.153,73.933],[-95.121,73.985],[-94.974,74.041],[-94.483,74.113],[-93.939,74.132],[-93.785,74.118],[-93.549,74.167],[-93.41,74.179],[-93.171,74.161]]],[[[-98.27,73.869],[-98.558,73.847],[-98.691,73.856],[-98.817,73.817],[-98.974,73.812],[-99.298,73.862],[-99.417,73.895],[-99.346,73.926],[-99.005,73.965],[-98.904,74.007],[-98.818,74.021],[-98.585,74.034],[-98.061,74.105],[-97.698,74.109],[-97.659,74.072],[-97.755,74.006],[-97.861,73.968],[-98.27,73.869]]],[[[-100.002,73.946],[-99.158,73.732],[-98.152,73.818],[-97.928,73.866],[-97.67,73.888],[-97.327,73.862],[-97.225,73.844],[-97.112,73.79],[-97.011,73.706],[-97.002,73.666],[-97.156,73.592],[-97.395,73.564],[-97.49,73.527],[-97.597,73.537],[-97.626,73.502],[-97.586,73.471],[-97.47,73.488],[-97.35,73.481],[-97.23,73.421],[-97.273,73.387],[-97.796,73.285],[-98.176,73.116],[-98.376,73.045],[-98.437,73.0],[-98.431,72.958],[-98.422,72.941],[-98.367,72.934],[-98.181,72.993],[-97.939,73.036],[-97.636,73.028],[-97.476,72.992],[-97.329,72.938],[-97.296,72.918],[-97.378,72.865],[-97.238,72.837],[-97.083,72.763],[-97.073,72.718],[-97.14,72.673],[-97.159,72.643],[-97.128,72.628],[-96.869,72.687],[-96.671,72.713],[-96.542,72.699],[-96.446,72.552],[-96.44,72.487],[-96.473,72.434],[-96.52,72.393],[-96.638,72.342],[-96.801,72.322],[-96.669,72.271],[-96.593,72.204],[-96.618,72.146],[-96.766,72.046],[-96.624,71.968],[-96.613,71.834],[-96.947,71.792],[-97.222,71.674],[-97.461,71.634],[-97.582,71.63],[-98.181,71.662],[-98.242,71.682],[-98.284,71.716],[-98.307,71.765],[-98.306,71.848],[-98.323,71.852],[-98.459,71.773],[-98.421,71.717],[-98.231,71.559],[-98.195,71.491],[-98.199,71.441],[-98.412,71.349],[-98.663,71.302],[-98.784,71.314],[-98.986,71.369],[-99.167,71.367],[-99.276,71.424],[-99.404,71.557],[-99.581,71.652],[-99.735,71.757],[-100.326,72.004],[-100.594,72.152],[-100.707,72.186],[-100.984,72.21],[-101.093,72.279],[-101.209,72.317],[-101.319,72.313],[-101.498,72.278],[-101.724,72.315],[-101.775,72.341],[-101.833,72.409],[-101.909,72.431],[-101.974,72.486],[-102.402,72.595],[-102.657,72.719],[-102.709,72.764],[-102.687,72.843],[-102.551,72.978],[-102.336,73.064],[-102.204,73.077],[-101.922,73.057],[-101.835,73.018],[-101.755,72.943],[-101.544,72.883],[-101.435,72.821],[-101.351,72.746],[-101.273,72.722],[-101.088,72.713],[-100.485,72.773],[-100.443,72.807],[-100.396,72.977],[-100.368,72.978],[-100.228,72.899],[-100.188,72.89],[-100.128,72.907],[-100.092,72.945],[-100.097,72.963],[-100.236,73.095],[-100.334,73.128],[-100.446,73.121],[-100.531,73.138],[-100.55,73.164],[-100.536,73.198],[-100.439,73.255],[-100.341,73.265],[-100.226,73.255],[-100.067,73.211],[-99.966,73.201],[-99.825,73.214],[-100.006,73.24],[-100.258,73.34],[-100.366,73.359],[-100.587,73.3],[-100.889,73.275],[-101.451,73.431],[-101.523,73.486],[-101.518,73.505],[-101.463,73.534],[-101.323,73.572],[-100.976,73.6],[-100.854,73.571],[-100.677,73.494],[-100.522,73.449],[-100.509,73.465],[-100.536,73.51],[-100.607,73.575],[-100.783,73.613],[-100.898,73.658],[-100.953,73.691],[-100.982,73.727],[-100.985,73.765],[-100.963,73.791],[-100.915,73.805],[-100.484,73.843],[-100.182,73.801],[-99.991,73.795],[-99.912,73.847],[-99.94,73.857],[-100.154,73.844],[-100.225,73.872],[-100.227,73.889],[-100.138,73.929],[-100.002,73.946]]],[[[-86.589,71.011],[-86.55,70.989],[-86.321,71.017],[-85.644,71.152],[-85.095,71.152],[-85.002,71.137],[-85.066,71.079],[-84.989,71.032],[-84.87,71.002],[-84.824,71.029],[-84.79,71.093],[-84.658,71.515],[-84.66,71.586],[-84.699,71.631],[-84.84,71.659],[-85.131,71.661],[-85.339,71.697],[-85.596,71.866],[-85.912,71.987],[-85.862,72.022],[-85.546,72.102],[-85.406,72.215],[-85.322,72.233],[-85.019,72.218],[-84.284,72.044],[-84.282,72.058],[-84.347,72.094],[-84.643,72.19],[-84.842,72.308],[-84.811,72.33],[-84.645,72.351],[-84.623,72.377],[-84.849,72.406],[-85.156,72.383],[-85.341,72.422],[-85.498,72.511],[-85.554,72.569],[-85.616,72.605],[-85.638,72.633],[-85.65,72.722],[-85.645,72.774],[-85.619,72.819],[-85.575,72.856],[-85.455,72.925],[-85.262,72.954],[-84.257,72.797],[-84.274,72.836],[-85.094,73.003],[-85.384,73.045],[-85.455,73.105],[-85.018,73.336],[-84.616,73.39],[-84.416,73.456],[-84.089,73.459],[-83.782,73.417],[-83.777,73.428],[-83.915,73.508],[-83.904,73.528],[-83.73,73.576],[-83.41,73.632],[-82.66,73.73],[-81.946,73.73],[-81.605,73.696],[-81.406,73.635],[-81.344,73.598],[-81.238,73.48],[-81.152,73.314],[-81.025,73.245],[-80.822,73.207],[-80.681,73.166],[-80.603,73.121],[-80.583,73.065],[-80.619,72.997],[-80.592,72.928],[-80.431,72.816],[-80.277,72.77],[-80.275,72.746],[-80.323,72.717],[-80.999,72.426],[-81.229,72.312],[-81.241,72.278],[-80.761,72.457],[-80.611,72.451],[-80.605,72.426],[-80.702,72.338],[-80.821,72.26],[-80.941,72.21],[-80.691,72.103],[-80.733,72.089],[-80.843,72.096],[-80.921,72.072],[-80.941,72.048],[-80.927,71.938],[-80.948,71.917],[-80.925,71.908],[-80.802,71.929],[-80.386,72.149],[-80.182,72.209],[-80.116,72.214],[-79.884,72.177],[-80.091,72.301],[-80.109,72.332],[-80.042,72.394],[-79.831,72.446],[-79.778,72.439],[-79.654,72.332],[-79.584,72.315],[-79.427,72.337],[-79.323,72.391],[-79.194,72.356],[-79.0,72.272],[-79.018,72.188],[-79.008,72.043],[-78.776,71.93],[-78.585,71.881],[-78.623,71.935],[-78.711,71.972],[-78.863,72.101],[-78.82,72.265],[-78.699,72.351],[-78.429,72.28],[-78.116,72.28],[-77.726,72.18],[-77.517,72.178],[-77.536,72.219],[-78.287,72.36],[-78.453,72.435],[-78.484,72.471],[-78.479,72.509],[-78.422,72.572],[-78.001,72.688],[-77.753,72.725],[-77.255,72.736],[-76.893,72.721],[-76.698,72.695],[-76.189,72.572],[-76.087,72.561],[-75.704,72.572],[-75.294,72.481],[-75.186,72.434],[-75.071,72.323],[-75.04,72.27],[-75.053,72.226],[-75.394,72.04],[-75.543,72.008],[-75.787,71.803],[-75.923,71.717],[-75.897,71.714],[-75.822,71.746],[-75.6,71.918],[-75.428,71.984],[-75.148,72.063],[-74.903,72.101],[-74.695,72.097],[-74.377,72.067],[-74.266,72.038],[-74.209,71.979],[-74.213,71.939],[-74.316,71.843],[-74.893,71.726],[-75.205,71.709],[-75.191,71.692],[-74.959,71.667],[-74.701,71.676],[-74.707,71.647],[-74.829,71.571],[-74.868,71.505],[-74.835,71.451],[-74.841,71.407],[-75.035,71.231],[-74.996,71.218],[-74.759,71.338],[-74.695,71.469],[-74.6,71.585],[-74.488,71.648],[-74.404,71.673],[-74.139,71.682],[-73.992,71.75],[-73.867,71.771],[-73.707,71.746],[-73.714,71.72],[-73.869,71.599],[-74.197,71.404],[-74.063,71.426],[-73.713,71.588],[-73.622,71.526],[-73.482,71.479],[-73.398,71.373],[-73.181,71.283],[-73.192,71.35],[-73.31,71.484],[-73.278,71.538],[-72.902,71.678],[-72.581,71.607],[-72.365,71.611],[-72.116,71.593],[-71.641,71.516],[-71.46,71.464],[-71.333,71.403],[-71.256,71.362],[-71.187,71.279],[-71.219,71.239],[-71.495,71.105],[-71.593,71.086],[-71.856,71.105],[-71.938,71.094],[-72.298,70.939],[-72.633,70.831],[-72.313,70.832],[-72.224,70.87],[-72.15,70.941],[-72.009,71.013],[-71.743,71.047],[-71.371,70.975],[-71.186,70.978],[-71.045,71.05],[-70.826,71.109],[-70.673,71.052],[-70.636,71.007],[-70.639,70.902],[-70.655,70.871],[-70.762,70.792],[-71.022,70.674],[-71.192,70.63],[-71.586,70.566],[-71.729,70.488],[-71.89,70.432],[-71.772,70.394],[-71.727,70.395],[-71.565,70.506],[-71.427,70.552],[-71.325,70.531],[-71.276,70.5],[-71.28,70.425],[-71.429,70.128],[-71.405,70.129],[-71.313,70.209],[-70.98,70.581],[-70.851,70.644],[-70.561,70.738],[-70.085,70.83],[-69.95,70.845],[-69.796,70.835],[-69.695,70.786],[-69.289,70.783],[-68.496,70.61],[-68.401,70.565],[-68.358,70.523],[-68.364,70.481],[-68.417,70.44],[-68.483,70.415],[-68.643,70.383],[-68.843,70.314],[-69.436,70.253],[-69.699,70.189],[-70.061,70.071],[-70.058,70.043],[-69.913,70.029],[-69.796,70.047],[-69.635,70.129],[-69.483,70.16],[-68.919,70.207],[-68.778,70.204],[-68.735,70.18],[-68.723,70.146],[-68.777,70.101],[-68.839,70.08],[-69.008,69.979],[-68.897,69.953],[-68.744,69.941],[-68.657,69.968],[-68.578,70.03],[-68.489,70.065],[-68.391,70.072],[-68.231,70.112],[-68.21,70.128],[-68.319,70.161],[-68.327,70.18],[-68.204,70.281],[-68.121,70.315],[-68.059,70.317],[-67.855,70.282],[-67.364,70.034],[-67.196,69.861],[-67.173,69.799],[-67.193,69.757],[-67.259,69.721],[-67.337,69.721],[-67.806,69.777],[-68.02,69.77],[-68.189,69.731],[-68.29,69.665],[-68.372,69.644],[-68.67,69.644],[-68.837,69.624],[-69.228,69.547],[-69.251,69.512],[-69.075,69.518],[-68.785,69.564],[-68.513,69.577],[-68.058,69.476],[-67.908,69.46],[-67.725,69.479],[-67.361,69.472],[-67.053,69.421],[-66.771,69.337],[-66.717,69.312],[-66.676,69.258],[-66.679,69.191],[-66.707,69.168],[-66.803,69.153],[-67.332,69.185],[-67.484,69.167],[-67.607,69.173],[-67.938,69.248],[-68.198,69.203],[-68.406,69.232],[-68.619,69.206],[-69.041,69.098],[-68.993,69.079],[-68.416,69.172],[-68.121,69.133],[-67.752,69.039],[-67.751,68.934],[-67.795,68.863],[-67.883,68.784],[-68.45,68.851],[-68.725,68.81],[-69.219,68.873],[-69.343,68.869],[-69.319,68.857],[-68.871,68.76],[-68.333,68.733],[-68.21,68.703],[-68.152,68.681],[-68.148,68.616],[-68.038,68.551],[-67.938,68.524],[-67.656,68.551],[-67.456,68.498],[-67.203,68.466],[-66.854,68.472],[-66.714,68.446],[-66.997,68.374],[-67.033,68.326],[-66.831,68.216],[-66.834,68.18],[-66.923,68.066],[-66.729,68.129],[-66.702,68.121],[-66.685,68.029],[-66.663,68.034],[-66.605,68.11],[-66.631,68.211],[-66.531,68.25],[-66.212,68.28],[-66.266,68.123],[-66.275,68.041],[-66.414,67.904],[-66.526,67.851],[-66.392,67.832],[-66.343,67.853],[-66.225,67.959],[-65.986,68.069],[-65.942,68.071],[-65.975,67.957],[-65.864,67.923],[-65.702,67.987],[-65.509,67.968],[-65.491,67.936],[-65.552,67.799],[-65.541,67.766],[-65.401,67.675],[-65.387,67.68],[-65.442,67.832],[-65.415,67.879],[-65.3,67.94],[-65.064,68.026],[-64.977,68.043],[-64.835,67.99],[-64.863,67.965],[-64.956,67.939],[-65.026,67.892],[-65.071,67.824],[-65.021,67.788],[-64.83,67.784],[-64.638,67.84],[-64.528,67.813],[-64.156,67.623],[-64.019,67.655],[-63.85,67.566],[-64.078,67.496],[-64.008,67.347],[-64.7,67.351],[-64.589,67.316],[-64.376,67.301],[-64.356,67.256],[-63.836,67.264],[-63.824,67.316],[-63.592,67.378],[-63.316,67.336],[-63.04,67.235],[-63.162,67.174],[-63.258,67.025],[-63.702,66.822],[-63.636,66.821],[-62.962,66.949],[-62.768,66.932],[-62.71,66.954],[-62.38,66.905],[-62.124,67.047],[-61.969,67.019],[-61.3,66.649],[-61.307,66.609],[-61.528,66.558],[-61.724,66.638],[-61.904,66.678],[-62.014,66.674],[-62.123,66.643],[-61.653,66.503],[-61.576,66.412],[-61.571,66.373],[-61.863,66.313],[-61.956,66.309],[-62.158,66.338],[-62.277,66.392],[-62.375,66.411],[-62.553,66.407],[-62.406,66.316],[-62.42,66.289],[-62.496,66.271],[-62.534,66.227],[-62.242,66.148],[-62.024,66.068],[-61.992,66.035],[-62.244,66.006],[-62.59,66.034],[-62.624,66.016],[-62.448,65.945],[-62.41,65.906],[-62.382,65.833],[-62.486,65.805],[-62.61,65.724],[-62.659,65.64],[-62.772,65.632],[-62.817,65.648],[-62.969,65.622],[-63.169,65.657],[-63.459,65.853],[-63.464,65.835],[-63.41,65.756],[-63.421,65.709],[-63.652,65.674],[-63.651,65.661],[-63.337,65.617],[-63.364,65.543],[-63.363,65.23],[-63.402,65.118],[-63.486,65.021],[-63.607,64.928],[-63.737,64.989],[-63.789,65.051],[-63.896,65.109],[-64.061,65.122],[-64.152,65.066],[-64.346,65.172],[-64.31,65.325],[-64.27,65.401],[-64.34,65.364],[-64.47,65.253],[-64.555,65.117],[-64.665,65.169],[-65.108,65.464],[-65.176,65.568],[-65.282,65.677],[-65.402,65.764],[-65.378,65.822],[-65.185,65.94],[-65.032,65.989],[-64.854,66.016],[-64.773,66.079],[-64.673,66.193],[-64.564,66.272],[-64.445,66.317],[-64.504,66.326],[-64.655,66.287],[-65.005,66.078],[-65.416,65.995],[-65.826,65.997],[-65.891,66.02],[-65.857,66.086],[-65.656,66.205],[-65.688,66.213],[-65.759,66.171],[-65.856,66.142],[-65.94,66.127],[-66.064,66.133],[-66.209,66.206],[-66.477,66.28],[-66.712,66.46],[-66.787,66.556],[-66.863,66.595],[-66.986,66.628],[-67.015,66.622],[-66.97,66.582],[-66.969,66.547],[-67.077,66.526],[-67.19,66.533],[-67.307,66.57],[-67.318,66.52],[-67.192,66.433],[-67.19,66.322],[-67.225,66.31],[-67.311,66.304],[-67.369,66.318],[-67.56,66.4],[-67.741,66.458],[-67.868,66.49],[-67.883,66.467],[-67.704,66.269],[-67.183,66.034],[-67.273,65.956],[-67.35,65.93],[-67.551,65.922],[-67.828,65.965],[-67.958,66.014],[-68.147,66.13],[-68.46,66.249],[-68.528,66.249],[-68.749,66.2],[-68.467,66.173],[-68.217,66.079],[-68.198,66.039],[-68.261,65.995],[-68.257,65.939],[-68.187,65.871],[-68.115,65.828],[-67.894,65.793],[-67.866,65.774],[-67.954,65.623],[-67.962,65.582],[-67.937,65.565],[-67.717,65.625],[-67.57,65.644],[-67.4,65.588],[-67.346,65.549],[-67.303,65.483],[-67.118,65.44],[-67.135,65.421],[-67.337,65.347],[-67.178,65.304],[-67.066,65.244],[-66.999,65.173],[-66.97,65.085],[-66.888,65.094],[-66.831,65.074],[-66.733,64.86],[-66.697,64.815],[-66.677,64.814],[-66.667,64.974],[-66.636,65.0],[-66.518,64.972],[-66.224,64.854],[-66.21,64.828],[-66.302,64.778],[-66.215,64.722],[-66.152,64.735],[-66.108,64.791],[-66.03,64.847],[-65.939,64.886],[-65.768,64.854],[-65.627,64.771],[-65.605,64.742],[-65.513,64.706],[-65.432,64.726],[-65.275,64.632],[-65.513,64.526],[-65.529,64.505],[-65.179,64.51],[-65.095,64.485],[-65.075,64.437],[-65.213,64.303],[-65.507,64.318],[-65.594,64.311],[-65.58,64.294],[-65.348,64.232],[-65.15,64.087],[-65.151,64.068],[-65.187,64.038],[-65.17,64.028],[-65.011,64.009],[-64.912,64.026],[-64.678,64.028],[-64.67,64.01],[-64.686,63.961],[-64.798,63.916],[-64.768,63.905],[-64.637,63.918],[-64.576,63.897],[-64.498,63.79],[-64.411,63.706],[-64.562,63.68],[-64.55,63.573],[-64.499,63.463],[-64.514,63.264],[-64.587,63.243],[-64.665,63.245],[-64.696,63.269],[-64.933,63.599],[-65.192,63.764],[-65.089,63.606],[-65.005,63.333],[-65.017,63.293],[-65.058,63.283],[-65.069,63.263],[-64.82,63.06],[-64.718,62.946],[-64.672,62.922],[-64.684,62.902],[-64.752,62.887],[-64.869,62.88],[-65.133,62.952],[-65.163,62.933],[-65.047,62.701],[-65.05,62.646],[-65.108,62.626],[-65.18,62.649],[-65.266,62.715],[-65.572,62.869],[-65.74,62.932],[-65.834,62.909],[-65.979,63.001],[-66.224,63.107],[-66.249,63.108],[-66.201,63.006],[-66.229,62.991],[-66.414,63.027],[-66.655,63.265],[-66.636,63.08],[-66.697,63.07],[-66.749,63.111],[-66.773,63.162],[-66.831,63.201],[-66.975,63.256],[-67.018,63.316],[-67.18,63.305],[-67.261,63.341],[-67.495,63.481],[-67.709,63.634],[-67.893,63.734],[-67.821,63.635],[-67.723,63.423],[-67.759,63.42],[-67.838,63.449],[-68.244,63.637],[-68.494,63.725],[-68.859,63.752],[-68.911,63.703],[-68.789,63.595],[-68.671,63.514],[-68.374,63.352],[-68.141,63.172],[-67.915,63.114],[-67.676,63.094],[-67.665,63.073],[-67.737,63.01],[-67.367,62.914],[-67.269,62.858],[-67.213,62.844],[-66.98,62.701],[-66.645,62.602],[-66.459,62.463],[-66.357,62.352],[-66.281,62.303],[-65.98,62.209],[-66.027,62.137],[-66.133,62.102],[-66.056,61.967],[-66.059,61.914],[-66.257,61.868],[-66.324,61.87],[-66.551,61.926],[-66.803,62.013],[-67.181,62.073],[-67.322,62.105],[-67.44,62.151],[-68.379,62.235],[-68.634,62.281],[-68.724,62.319],[-69.126,62.424],[-69.366,62.572],[-69.545,62.745],[-69.605,62.768],[-69.8,62.79],[-70.071,62.757],[-70.236,62.763],[-70.571,62.869],[-70.801,62.91],[-71.106,63.002],[-70.946,63.121],[-70.993,63.119],[-71.254,63.043],[-71.347,63.066],[-71.617,63.187],[-71.855,63.355],[-71.992,63.416],[-71.973,63.43],[-71.697,63.43],[-71.614,63.444],[-71.456,63.512],[-71.387,63.555],[-71.381,63.58],[-71.513,63.587],[-71.627,63.663],[-71.725,63.706],[-71.838,63.725],[-72.223,63.709],[-72.29,63.728],[-72.289,63.757],[-72.172,63.872],[-72.159,63.89],[-72.174,63.893],[-72.226,63.891],[-72.45,63.818],[-72.498,63.823],[-72.586,63.901],[-72.639,63.989],[-72.678,64.02],[-72.913,64.117],[-73.27,64.333],[-73.455,64.399],[-73.444,64.424],[-73.278,64.56],[-73.271,64.583],[-73.413,64.574],[-73.627,64.603],[-73.728,64.568],[-73.91,64.578],[-73.95,64.466],[-73.981,64.438],[-74.065,64.425],[-74.099,64.444],[-74.13,64.608],[-74.205,64.628],[-74.461,64.645],[-74.512,64.67],[-74.634,64.824],[-74.681,64.831],[-74.813,64.796],[-74.916,64.792],[-74.919,64.766],[-74.823,64.717],[-74.64,64.557],[-74.695,64.497],[-75.067,64.457],[-75.328,64.49],[-75.488,64.541],[-75.715,64.524],[-75.767,64.392],[-76.118,64.376],[-76.407,64.303],[-76.562,64.302],[-76.724,64.242],[-76.856,64.238],[-77.024,64.271],[-77.283,64.28],[-77.403,64.3],[-77.628,64.363],[-77.791,64.367],[-78.045,64.499],[-78.175,64.618],[-78.198,64.665],[-78.19,64.752],[-78.145,64.808],[-78.096,64.939],[-78.055,64.983],[-77.876,65.073],[-77.447,65.162],[-77.361,65.197],[-77.364,65.22],[-77.461,65.328],[-77.46,65.356],[-77.327,65.453],[-77.251,65.463],[-77.094,65.431],[-76.779,65.414],[-76.482,65.37],[-75.828,65.227],[-75.648,65.141],[-75.52,65.056],[-75.502,65.013],[-75.591,64.928],[-75.589,64.905],[-75.452,64.842],[-75.427,64.856],[-75.435,64.901],[-75.414,64.939],[-75.363,64.969],[-75.357,65.009],[-75.446,65.1],[-75.773,65.257],[-75.799,65.298],[-75.709,65.316],[-75.317,65.275],[-75.166,65.284],[-75.109,65.331],[-74.982,65.381],[-74.85,65.389],[-74.665,65.367],[-74.495,65.372],[-74.391,65.398],[-74.237,65.484],[-73.99,65.517],[-73.551,65.485],[-73.561,65.543],[-73.746,65.767],[-74.033,65.877],[-74.276,66.013],[-74.401,66.097],[-74.434,66.139],[-74.416,66.167],[-74.375,66.208],[-73.934,66.358],[-73.584,66.507],[-73.281,66.675],[-73.033,66.728],[-72.985,66.765],[-72.947,66.883],[-72.789,67.031],[-72.668,67.07],[-72.485,67.098],[-72.365,67.133],[-72.22,67.254],[-72.234,67.284],[-72.353,67.342],[-72.576,67.659],[-72.725,67.812],[-72.904,67.945],[-73.063,68.107],[-73.328,68.267],[-73.331,68.309],[-73.284,68.357],[-73.307,68.368],[-73.58,68.298],[-73.644,68.295],[-73.82,68.363],[-73.879,68.429],[-73.873,68.464],[-73.782,68.578],[-73.781,68.619],[-73.798,68.659],[-73.852,68.701],[-74.073,68.715],[-74.118,68.701],[-73.966,68.579],[-73.989,68.549],[-74.27,68.541],[-74.422,68.58],[-74.648,68.708],[-74.696,68.756],[-74.681,68.79],[-74.7,68.808],[-74.808,68.796],[-74.91,68.823],[-74.752,68.892],[-74.743,68.913],[-74.816,68.936],[-74.925,68.941],[-74.954,68.961],[-74.717,69.046],[-74.855,69.066],[-75.104,68.941],[-75.213,68.909],[-75.363,68.948],[-75.457,68.961],[-75.523,68.953],[-75.623,68.888],[-76.235,68.728],[-76.403,68.692],[-76.585,68.699],[-76.619,68.721],[-76.616,68.76],[-76.575,68.847],[-76.588,68.974],[-76.557,69.009],[-76.381,69.052],[-76.089,69.026],[-75.954,69.031],[-75.763,69.103],[-75.668,69.159],[-75.648,69.213],[-75.787,69.319],[-76.046,69.386],[-76.408,69.441],[-76.52,69.517],[-76.516,69.591],[-76.463,69.62],[-76.234,69.662],[-76.513,69.684],[-76.742,69.573],[-77.09,69.635],[-77.129,69.653],[-76.869,69.745],[-76.859,69.775],[-77.016,69.836],[-77.232,69.855],[-77.494,69.836],[-77.592,69.846],[-77.663,69.966],[-77.722,70.171],[-77.774,70.239],[-77.843,70.247],[-78.157,70.219],[-78.283,70.229],[-78.621,70.353],[-78.773,70.445],[-78.831,70.463],[-78.98,70.581],[-79.066,70.604],[-79.253,70.535],[-79.347,70.482],[-79.397,70.437],[-79.405,70.401],[-79.347,70.372],[-79.018,70.325],[-78.934,70.294],[-78.863,70.242],[-78.81,70.179],[-78.775,70.104],[-78.778,70.048],[-78.819,70.01],[-78.89,69.978],[-79.093,69.925],[-79.303,69.895],[-79.515,69.888],[-80.162,69.996],[-80.387,70.01],[-80.67,70.052],[-81.098,70.091],[-81.56,70.111],[-81.652,70.095],[-81.529,70.048],[-81.422,70.025],[-81.329,70.024],[-81.197,69.983],[-81.024,69.9],[-80.843,69.792],[-80.84,69.771],[-80.922,69.731],[-81.565,69.943],[-82.139,69.841],[-82.294,69.837],[-83.15,70.009],[-83.531,69.965],[-83.859,69.963],[-84.522,70.005],[-84.765,70.034],[-84.909,70.078],[-85.432,70.111],[-85.78,70.037],[-86.198,70.105],[-86.322,70.145],[-86.483,70.289],[-86.5,70.35],[-86.465,70.406],[-86.397,70.465],[-86.704,70.391],[-87.122,70.412],[-87.172,70.4],[-87.156,70.377],[-87.074,70.345],[-87.063,70.325],[-87.238,70.31],[-87.618,70.319],[-87.838,70.247],[-87.901,70.252],[-88.178,70.369],[-88.402,70.442],[-88.663,70.471],[-88.848,70.523],[-89.208,70.76],[-89.258,70.811],[-89.372,70.996],[-89.456,71.062],[-88.696,71.046],[-88.517,71.031],[-88.309,70.984],[-88.039,70.951],[-87.845,70.944],[-87.182,70.988],[-87.14,71.012],[-87.572,71.108],[-87.872,71.209],[-88.061,71.227],[-88.589,71.24],[-89.079,71.288],[-89.418,71.352],[-89.693,71.423],[-89.805,71.462],[-89.846,71.492],[-89.977,71.848],[-90.02,71.902],[-90.025,71.949],[-89.932,72.049],[-89.664,72.158],[-89.657,72.175],[-89.823,72.208],[-89.859,72.248],[-89.874,72.367],[-89.862,72.412],[-89.817,72.468],[-89.536,72.69],[-89.358,72.804],[-89.327,72.842],[-89.288,73.017],[-89.225,73.108],[-88.977,73.252],[-88.761,73.312],[-88.727,73.388],[-88.705,73.403],[-88.17,73.595],[-87.72,73.723],[-86.769,73.834],[-86.406,73.855],[-85.951,73.85],[-85.11,73.808],[-85.009,73.779],[-84.947,73.722],[-84.974,73.695],[-85.204,73.604],[-85.682,73.461],[-86.086,73.26],[-86.481,72.96],[-86.629,72.871],[-86.668,72.763],[-86.656,72.724],[-86.595,72.661],[-86.38,72.525],[-86.323,72.461],[-86.348,72.262],[-86.341,72.123],[-86.218,71.899],[-86.036,71.771],[-85.537,71.555],[-85.079,71.398],[-85.023,71.353],[-85.138,71.303],[-85.405,71.227],[-85.945,71.163],[-86.179,71.096],[-86.589,71.011]]],[[[-79.537,73.654],[-79.367,73.641],[-78.287,73.666],[-78.063,73.648],[-77.207,73.5],[-77.12,73.45],[-77.005,73.356],[-76.759,73.31],[-76.657,73.254],[-76.57,73.159],[-76.29,73.081],[-76.31,72.998],[-76.09,72.881],[-76.183,72.843],[-76.401,72.821],[-77.836,72.897],[-78.314,72.882],[-79.134,72.772],[-79.501,72.756],[-79.937,72.864],[-80.052,72.977],[-80.183,73.225],[-80.618,73.271],[-80.776,73.334],[-80.824,73.381],[-80.823,73.429],[-80.798,73.472],[-80.736,73.483],[-80.827,73.535],[-80.859,73.591],[-80.861,73.671],[-80.849,73.721],[-80.823,73.743],[-80.763,73.758],[-80.412,73.765],[-80.12,73.707],[-79.889,73.701],[-79.537,73.654]]],[[[-105.289,72.92],[-105.339,72.915],[-105.434,72.938],[-106.071,73.196],[-106.113,73.258],[-106.18,73.304],[-106.526,73.413],[-106.922,73.48],[-106.95,73.51],[-106.831,73.599],[-106.614,73.696],[-105.512,73.766],[-105.318,73.767],[-105.114,73.744],[-104.835,73.647],[-104.649,73.614],[-104.588,73.578],[-104.555,73.541],[-104.552,73.466],[-104.583,73.354],[-104.622,73.311],[-104.791,73.168],[-104.969,73.089],[-105.003,73.038],[-105.075,72.997],[-105.289,72.92]]],[[[-96.782,72.937],[-96.944,72.927],[-97.093,72.997],[-97.098,73.062],[-97.069,73.13],[-97.015,73.157],[-96.862,73.189],[-96.793,73.165],[-96.744,73.126],[-96.646,73.102],[-96.598,73.074],[-96.604,73.042],[-96.671,72.961],[-96.782,72.937]]],[[[-100.308,70.496],[-100.321,70.488],[-100.621,70.547],[-100.648,70.563],[-100.678,70.646],[-100.635,70.67],[-100.538,70.669],[-100.276,70.595],[-100.321,70.578],[-100.308,70.496]]],[[[-86.913,70.113],[-86.613,70.106],[-86.563,70.077],[-86.515,70.017],[-86.558,69.995],[-86.734,69.976],[-86.984,70.011],[-87.044,70.0],[-87.191,70.019],[-87.323,70.08],[-87.323,70.102],[-87.107,70.147],[-86.913,70.113]]],[[[-97.439,69.643],[-97.409,69.631],[-97.351,69.641],[-97.306,69.673],[-97.236,69.673],[-96.875,69.51],[-96.695,69.471],[-96.3,69.344],[-96.184,69.259],[-95.951,69.024],[-95.751,68.898],[-95.585,68.835],[-95.374,68.892],[-95.32,68.873],[-95.268,68.826],[-95.359,68.778],[-95.466,68.747],[-95.686,68.736],[-95.895,68.627],[-96.024,68.607],[-96.268,68.508],[-96.402,68.471],[-96.599,68.461],[-97.008,68.539],[-97.264,68.528],[-97.472,68.544],[-97.885,68.672],[-98.235,68.739],[-98.258,68.749],[-98.28,68.807],[-98.321,68.843],[-98.54,68.798],[-98.775,68.817],[-98.859,68.864],[-98.864,68.894],[-98.904,68.932],[-99.057,68.918],[-99.094,68.899],[-99.073,68.877],[-99.091,68.863],[-99.254,68.863],[-99.441,68.918],[-99.564,69.034],[-99.513,69.1],[-99.456,69.131],[-98.912,69.168],[-98.724,69.219],[-98.504,69.308],[-98.456,69.335],[-98.45,69.354],[-98.559,69.461],[-98.537,69.478],[-98.448,69.48],[-98.534,69.527],[-98.546,69.573],[-98.389,69.565],[-98.222,69.485],[-98.041,69.457],[-98.163,69.512],[-98.289,69.629],[-98.305,69.669],[-98.268,69.754],[-98.239,69.78],[-98.081,69.833],[-97.791,69.862],[-97.691,69.841],[-97.411,69.738],[-97.386,69.7],[-97.46,69.683],[-97.469,69.667],[-97.439,69.643]]],[[[-79.431,69.788],[-79.365,69.712],[-79.402,69.685],[-79.553,69.631],[-79.882,69.609],[-80.048,69.634],[-79.971,69.556],[-79.954,69.523],[-79.978,69.51],[-80.161,69.536],[-80.227,69.562],[-80.244,69.593],[-80.33,69.587],[-80.448,69.65],[-80.778,69.677],[-80.795,69.689],[-80.727,69.74],[-80.653,69.751],[-80.466,69.737],[-80.424,69.798],[-80.214,69.802],[-80.169,69.782],[-80.125,69.737],[-79.971,69.739],[-79.594,69.811],[-79.431,69.788]]],[[[-78.029,69.715],[-77.969,69.639],[-78.04,69.608],[-78.47,69.503],[-78.552,69.492],[-78.662,69.503],[-78.848,69.483],[-78.579,69.639],[-78.402,69.651],[-78.344,69.675],[-78.296,69.667],[-78.267,69.687],[-78.262,69.717],[-78.201,69.74],[-78.029,69.715]]],[[[-67.915,69.541],[-68.202,69.58],[-68.221,69.617],[-67.989,69.679],[-67.909,69.682],[-67.829,69.675],[-67.755,69.631],[-67.915,69.541]]],[[[-95.514,69.574],[-95.381,69.507],[-95.399,69.42],[-95.437,69.378],[-95.496,69.35],[-95.579,69.336],[-95.73,69.348],[-95.67,69.402],[-95.666,69.439],[-95.704,69.538],[-95.764,69.56],[-95.806,69.561],[-95.818,69.541],[-95.798,69.5],[-95.812,69.447],[-95.893,69.352],[-95.956,69.367],[-95.986,69.392],[-95.978,69.433],[-95.995,69.47],[-95.979,69.509],[-95.936,69.567],[-95.876,69.606],[-95.798,69.626],[-95.707,69.624],[-95.514,69.574]]],[[[-101.172,69.397],[-101.269,69.391],[-101.262,69.418],[-101.29,69.441],[-101.218,69.463],[-101.207,69.48],[-101.328,69.517],[-101.356,69.54],[-101.351,69.559],[-101.313,69.576],[-101.245,69.574],[-101.098,69.541],[-101.001,69.462],[-101.087,69.443],[-101.172,69.397]]],[[[-76.995,69.144],[-77.215,69.138],[-77.322,69.194],[-77.379,69.274],[-77.341,69.404],[-77.188,69.44],[-77.109,69.437],[-76.994,69.412],[-76.746,69.404],[-76.669,69.366],[-76.687,69.328],[-76.81,69.267],[-76.911,69.175],[-76.995,69.144]]],[[[-90.2,69.419],[-90.177,69.357],[-90.295,69.258],[-90.364,69.263],[-90.465,69.329],[-90.492,69.37],[-90.322,69.429],[-90.253,69.418],[-90.229,69.436],[-90.2,69.419]]],[[[-79.211,68.845],[-79.28,68.839],[-79.361,68.858],[-79.406,68.923],[-79.243,69.049],[-79.145,69.087],[-78.93,69.123],[-78.772,69.252],[-78.662,69.262],[-78.65,69.275],[-78.689,69.3],[-78.689,69.325],[-78.65,69.351],[-78.458,69.39],[-78.333,69.386],[-78.272,69.361],[-78.229,69.304],[-78.533,69.146],[-78.596,69.079],[-78.779,68.95],[-78.853,68.916],[-79.211,68.845]]],[[[-90.493,69.221],[-90.574,69.209],[-90.626,69.251],[-90.667,69.259],[-90.686,69.287],[-90.772,69.293],[-90.766,69.336],[-90.742,69.357],[-90.663,69.374],[-90.6,69.368],[-90.511,69.29],[-90.485,69.247],[-90.493,69.221]]],[[[-99.995,69.014],[-100.018,68.954],[-100.141,68.97],[-100.196,68.991],[-100.247,69.053],[-100.153,69.129],[-100.073,69.111],[-100.035,69.087],[-99.995,69.014]]],[[[-100.217,68.807],[-100.249,68.775],[-100.397,68.724],[-100.497,68.792],[-100.597,68.766],[-100.625,68.816],[-100.6,68.941],[-100.612,68.99],[-100.565,69.027],[-100.52,69.035],[-100.414,69.028],[-100.33,68.998],[-100.289,68.958],[-100.178,68.904],[-100.217,68.807]]],[[[-101.846,68.586],[-102.308,68.682],[-102.27,68.708],[-102.074,68.774],[-102.013,68.825],[-101.828,68.799],[-101.759,68.775],[-101.722,68.724],[-101.732,68.652],[-101.794,68.637],[-101.846,68.586]]],[[[-74.881,68.349],[-74.959,68.342],[-75.073,68.404],[-75.31,68.474],[-75.4,68.525],[-75.396,68.589],[-75.37,68.636],[-75.287,68.688],[-75.075,68.685],[-74.984,68.648],[-74.819,68.494],[-74.798,68.458],[-74.831,68.441],[-74.813,68.413],[-74.819,68.394],[-74.881,68.349]]],[[[-104.541,68.406],[-104.596,68.402],[-104.851,68.454],[-105.042,68.532],[-105.051,68.559],[-104.907,68.582],[-104.602,68.562],[-104.472,68.504],[-104.445,68.471],[-104.44,68.45],[-104.457,68.431],[-104.541,68.406]]],[[[-78.983,68.193],[-79.064,68.182],[-79.174,68.235],[-79.153,68.335],[-78.953,68.353],[-78.869,68.31],[-78.829,68.268],[-78.983,68.193]]],[[[-75.676,68.322],[-75.154,68.234],[-75.078,68.173],[-75.062,68.075],[-75.127,67.965],[-75.086,67.751],[-75.091,67.635],[-75.127,67.537],[-75.202,67.459],[-75.4,67.367],[-75.78,67.284],[-76.694,67.236],[-76.859,67.24],[-77.005,67.267],[-77.157,67.408],[-77.224,67.508],[-77.306,67.706],[-77.229,67.85],[-76.945,68.091],[-76.74,68.231],[-76.596,68.279],[-76.364,68.319],[-76.173,68.309],[-75.866,68.337],[-75.676,68.322]]]]}},{"type":"Feature","properties":{},"geometry":{"type":"MultiPolygon","coordinates":[[[[-95.155,49.37],[-95.154,52.822],[-93.62,53.748],[-92.6,54.481],[-91.378,55.317],[-89.981,56.216],[-88.948,56.851],[-88.826,56.814],[-88.447,56.609],[-88.075,56.467],[-87.878,56.342],[-87.561,56.056],[-87.482,56.021],[-86.919,55.915],[-86.377,55.773],[-85.984,55.696],[-85.677,55.601],[-85.559,55.54],[-85.407,55.431],[-85.218,55.349],[-85.212,55.297],[-85.365,55.079],[-85.214,55.224],[-85.061,55.286],[-84.518,55.259],[-83.911,55.315],[-83.668,55.264],[-83.214,55.215],[-82.986,55.231],[-82.947,55.222],[-82.868,55.161],[-82.688,55.166],[-82.577,55.149],[-82.393,55.068],[-82.308,54.998],[-82.227,54.856],[-82.219,54.813],[-82.418,54.356],[-82.424,54.245],[-82.394,54.18],[-82.24,54.045],[-82.141,53.818],[-82.191,53.611],[-82.146,53.365],[-82.159,53.264],[-82.26,53.16],[-82.292,53.031],[-82.26,52.961],[-82.02,52.812],[-81.859,52.651],[-81.599,52.433],[-81.572,52.367],[-81.612,52.324],[-81.828,52.224],[-81.549,52.237],[-81.466,52.205],[-81.398,52.142],[-81.285,52.089],[-81.127,52.045],[-80.968,51.972],[-80.658,51.758],[-80.496,51.525],[-80.448,51.432],[-80.443,51.389],[-80.495,51.345],[-80.673,51.265],[-80.851,51.125],[-80.795,51.132],[-80.478,51.307],[-80.368,51.33],[-80.266,51.316],[-80.104,51.283],[-79.96,51.235],[-79.836,51.173],[-79.652,51.008],[-79.52,50.919],[-79.513,47.556],[-79.559,47.483],[-79.547,47.407],[-79.479,47.319],[-79.442,47.228],[-79.435,47.134],[-79.365,47.022],[-79.166,46.827],[-79.015,46.607],[-78.903,46.486],[-78.781,46.393],[-78.46,46.307],[-77.683,46.187],[-77.371,46.063],[-77.233,45.904],[-77.031,45.807],[-76.941,45.801],[-76.913,45.876],[-76.89,45.89],[-76.824,45.88],[-76.754,45.798],[-76.667,45.643],[-76.553,45.542],[-76.413,45.496],[-76.27,45.484],[-76.123,45.505],[-76.001,45.484],[-75.904,45.42],[-75.626,45.451],[-74.864,45.642],[-74.717,45.651],[-74.577,45.632],[-74.397,45.568],[-74.478,45.318],[-74.34,45.214],[-74.709,45.004],[-74.857,45.004],[-74.996,44.97],[-75.179,44.899],[-75.401,44.772],[-75.792,44.497],[-75.876,44.417],[-76.151,44.304],[-76.186,44.242],[-76.249,44.214],[-76.465,44.058],[-76.82,43.629],[-78.458,43.632],[-78.72,43.625],[-78.846,43.583],[-79.172,43.467],[-79.059,43.278],[-79.066,43.106],[-79.029,43.062],[-79.026,43.017],[-78.946,42.961],[-78.915,42.909],[-78.939,42.864],[-79.037,42.802],[-80.248,42.366],[-81.278,42.209],[-82.439,41.675],[-82.69,41.675],[-83.03,41.833],[-83.142,41.976],[-83.15,42.142],[-83.11,42.251],[-83.073,42.3],[-82.868,42.385],[-82.744,42.493],[-82.545,42.625],[-82.488,42.74],[-82.408,43.073],[-82.138,43.571],[-82.551,45.347],[-83.593,45.817],[-83.469,45.995],[-83.48,46.024],[-83.616,46.117],[-83.763,46.109],[-83.913,46.073],[-83.978,46.085],[-84.088,46.227],[-84.115,46.371],[-84.15,46.445],[-84.125,46.527],[-84.149,46.543],[-84.192,46.55],[-84.402,46.516],[-84.502,46.462],[-84.562,46.457],[-84.779,46.637],[-84.876,46.9],[-86.429,47.54],[-88.378,48.303],[-88.612,48.264],[-89.273,48.02],[-89.456,47.996],[-89.775,48.015],[-89.901,47.995],[-89.994,48.015],[-90.092,48.118],[-90.32,48.099],[-90.744,48.105],[-90.797,48.131],[-90.84,48.201],[-90.916,48.209],[-91.043,48.194],[-91.221,48.105],[-91.387,48.059],[-91.518,48.058],[-91.858,48.198],[-92.005,48.302],[-92.172,48.338],[-92.299,48.329],[-92.348,48.277],[-92.415,48.277],[-92.501,48.435],[-92.733,48.532],[-92.996,48.612],[-93.258,48.629],[-93.378,48.617],[-93.464,48.561],[-93.708,48.525],[-93.804,48.549],[-93.852,48.607],[-94.055,48.659],[-94.621,48.743],[-94.705,48.809],[-94.713,48.863],[-94.803,49.003],[-94.843,49.119],[-94.854,49.305],[-94.939,49.349],[-95.155,49.37]]],[[[-79.52,50.966],[-79.714,51.118],[-79.737,51.186],[-79.689,51.347],[-79.643,51.414],[-79.547,51.494],[-79.521,51.545],[-79.52,50.966]]]]}},{"type":"Feature","properties":{},"geometry":{"type":"MultiPolygon","coordinates":[[[[-63.811,46.469],[-63.784,46.455],[-63.737,46.48],[-63.681,46.562],[-63.534,46.541],[-63.456,46.504],[-63.369,46.508],[-63.286,46.46],[-63.129,46.422],[-62.164,46.487],[-62.074,46.466],[-62.024,46.422],[-62.32,46.278],[-62.526,46.203],[-62.552,46.166],[-62.543,46.029],[-62.503,46.023],[-62.478,46.0],[-62.531,45.977],[-62.805,45.973],[-62.878,46.001],[-62.904,46.068],[-63.022,46.067],[-62.895,46.124],[-62.953,46.195],[-63.015,46.19],[-63.056,46.224],[-63.053,46.27],[-62.995,46.292],[-62.978,46.316],[-63.271,46.2],[-63.153,46.188],[-63.214,46.16],[-63.277,46.153],[-63.569,46.209],[-63.641,46.23],[-63.732,46.289],[-63.801,46.367],[-63.763,46.37],[-63.751,46.384],[-63.759,46.398],[-64.02,46.405],[-64.111,46.425],[-64.107,46.562],[-64.136,46.6],[-64.236,46.631],[-64.388,46.641],[-64.403,46.692],[-64.355,46.769],[-64.223,46.901],[-63.994,47.062],[-63.997,46.982],[-63.981,46.913],[-64.088,46.775],[-63.903,46.639],[-63.864,46.572],[-63.906,46.509],[-63.834,46.494],[-63.811,46.469]]]]}},{"type":"Feature","properties":{},"geometry":{"type":"MultiPolygon","coordinates":[[[[-66.704,48.022],[-66.843,47.998],[-66.925,47.964],[-66.952,47.899],[-67.058,47.919],[-67.307,47.887],[-67.365,47.855],[-67.579,47.94],[-67.609,47.969],[-67.613,47.999],[-68.114,47.999],[-68.114,47.929],[-68.378,47.929],[-68.379,47.589],[-68.43,47.528],[-68.496,47.48],[-68.628,47.421],[-69.054,47.295],[-69.064,47.338],[-69.05,47.427],[-69.243,47.463],[-70.008,46.709],[-70.067,46.441],[-70.18,46.342],[-70.248,46.251],[-70.305,46.057],[-70.306,45.98],[-70.287,45.939],[-70.296,45.906],[-70.408,45.802],[-70.421,45.738],[-70.596,45.644],[-70.702,45.551],[-70.707,45.499],[-70.69,45.428],[-70.711,45.409],[-70.799,45.405],[-70.838,45.366],[-70.837,45.311],[-70.865,45.271],[-70.898,45.262],[-70.96,45.333],[-71.0,45.337],[-71.135,45.263],[-71.202,45.26],[-71.327,45.29],[-71.419,45.2],[-71.518,45.008],[-74.709,45.004],[-74.566,45.042],[-74.269,45.188],[-74.05,45.241],[-73.765,45.395],[-73.558,45.425],[-73.519,45.459],[-73.465,45.632],[-73.369,45.758],[-73.253,45.864],[-73.16,46.01],[-72.99,46.104],[-72.733,46.182],[-72.496,46.353],[-72.24,46.442],[-72.187,46.512],[-72.109,46.551],[-71.901,46.632],[-71.671,46.654],[-71.261,46.756],[-71.152,46.819],[-70.993,46.852],[-70.519,47.033],[-70.388,47.117],[-70.218,47.29],[-70.07,47.378],[-70.017,47.471],[-69.802,47.623],[-69.581,47.824],[-69.471,47.967],[-69.306,48.047],[-68.987,48.275],[-68.816,48.366],[-68.746,48.376],[-68.552,48.457],[-68.432,48.542],[-68.238,48.626],[-67.889,48.731],[-67.561,48.856],[-67.117,48.964],[-66.598,49.126],[-66.178,49.213],[-65.883,49.226],[-65.523,49.266],[-64.836,49.192],[-64.568,49.105],[-64.262,48.922],[-64.216,48.874],[-64.209,48.806],[-64.371,48.839],[-64.514,48.841],[-64.415,48.804],[-64.246,48.691],[-64.254,48.55],[-64.349,48.423],[-64.633,48.361],[-64.706,48.311],[-64.764,48.228],[-64.822,48.196],[-64.96,48.16],[-65.036,48.106],[-65.259,48.021],[-65.36,48.011],[-65.476,48.031],[-65.755,48.112],[-65.927,48.189],[-66.083,48.103],[-66.249,48.117],[-66.324,48.098],[-66.449,48.12],[-66.704,48.022]]],[[[-64.614,60.306],[-64.847,60.251],[-64.789,60.196],[-64.645,60.161],[-64.622,60.141],[-64.65,60.11],[-64.782,60.064],[-64.88,60.05],[-64.887,60.035],[-64.834,59.986],[-64.682,59.943],[-64.661,59.922],[-64.666,59.906],[-64.762,59.864],[-64.791,59.816],[-64.818,59.54],[-64.776,59.488],[-64.715,59.466],[-64.445,59.528],[-64.385,59.515],[-64.379,59.475],[-64.503,59.399],[-64.519,59.356],[-64.519,59.226],[-64.478,59.116],[-64.332,59.044],[-64.324,59.02],[-64.394,58.998],[-64.77,59.049],[-64.833,59.02],[-64.851,58.984],[-64.848,58.949],[-64.809,58.929],[-64.294,58.866],[-64.236,58.786],[-64.192,58.769],[-63.727,58.862],[-63.592,58.83],[-63.535,58.799],[-63.497,58.753],[-63.553,58.732],[-63.961,58.684],[-64.071,58.642],[-64.086,58.599],[-64.062,58.555],[-64.039,58.545],[-63.882,58.555],[-63.841,58.505],[-63.848,58.46],[-64.098,58.359],[-64.395,58.144],[-64.387,58.099],[-64.227,58.018],[-64.134,57.875],[-64.045,57.785],[-63.961,57.802],[-63.842,57.713],[-63.793,57.706],[-63.716,57.696],[-63.601,57.723],[-63.598,57.692],[-63.615,57.669],[-63.744,57.581],[-63.759,57.553],[-63.742,57.396],[-63.8,57.319],[-63.793,57.279],[-63.758,57.228],[-63.792,57.13],[-63.876,57.023],[-63.903,56.889],[-64.101,56.738],[-64.116,56.707],[-63.955,56.527],[-63.926,56.475],[-63.955,56.439],[-64.053,56.43],[-64.136,56.395],[-64.121,56.299],[-64.084,56.275],[-63.913,56.229],[-63.899,56.212],[-63.992,56.145],[-64.004,56.097],[-63.886,56.088],[-63.836,56.063],[-63.578,56.026],[-63.558,55.992],[-63.698,55.923],[-63.701,55.861],[-63.415,55.596],[-63.305,55.542],[-63.154,55.514],[-63.151,55.404],[-63.112,55.34],[-63.161,55.307],[-63.429,55.21],[-63.534,55.14],[-63.551,55.086],[-63.476,54.962],[-63.57,54.776],[-63.658,54.644],[-63.699,54.615],[-63.91,54.634],[-64.341,54.726],[-64.815,54.734],[-65.122,54.719],[-65.676,54.745],[-65.797,54.805],[-65.884,54.907],[-66.157,54.968],[-66.618,55.256],[-66.774,55.328],[-66.8,55.311],[-66.797,55.294],[-66.725,55.213],[-66.719,55.193],[-66.747,55.129],[-66.693,54.998],[-66.71,54.948],[-66.657,54.847],[-66.651,54.799],[-66.724,54.748],[-66.867,54.781],[-67.167,54.937],[-67.302,55.064],[-67.408,55.072],[-67.437,55.036],[-67.416,54.984],[-67.29,54.826],[-67.199,54.682],[-67.147,54.653],[-67.15,54.617],[-67.236,54.586],[-67.286,54.519],[-67.537,54.573],[-67.601,54.553],[-67.62,54.507],[-67.61,54.452],[-67.515,54.282],[-67.511,54.236],[-67.681,54.141],[-67.761,54.061],[-67.757,54.034],[-67.471,53.796],[-67.456,53.73],[-67.474,53.613],[-67.165,53.543],[-67.076,53.417],[-66.98,53.384],[-66.944,53.355],[-66.97,53.073],[-67.054,52.92],[-67.068,52.755],[-67.029,52.72],[-66.951,52.698],[-66.815,52.687],[-66.688,52.727],[-66.615,52.932],[-66.521,52.958],[-66.468,53.019],[-66.428,53.011],[-66.39,52.992],[-66.3,52.897],[-66.31,52.861],[-66.341,52.84],[-66.357,52.806],[-66.366,52.741],[-66.426,52.661],[-66.394,52.418],[-66.463,52.341],[-66.462,52.295],[-66.407,52.184],[-66.345,52.155],[-66.296,52.295],[-66.28,52.301],[-66.097,52.21],[-66.036,52.109],[-65.883,52.054],[-65.827,52.052],[-65.781,52.104],[-65.589,52.073],[-65.552,52.094],[-65.474,52.196],[-65.452,52.203],[-65.268,52.185],[-65.137,52.155],[-64.932,52.055],[-64.765,51.905],[-64.627,51.825],[-64.639,51.791],[-64.702,51.745],[-64.697,51.72],[-64.598,51.6],[-64.506,51.609],[-64.291,51.729],[-64.289,51.769],[-64.335,51.842],[-64.271,52.083],[-64.16,52.148],[-64.131,52.187],[-64.103,52.378],[-64.183,52.554],[-64.178,52.815],[-64.139,52.854],[-63.973,52.895],[-63.905,53.077],[-63.723,53.109],[-63.672,53.101],[-63.555,52.964],[-63.567,52.826],[-63.55,52.774],[-63.41,52.689],[-63.423,52.67],[-63.523,52.649],[-63.899,52.589],[-64.018,52.525],[-64.059,52.485],[-64.062,52.458],[-63.951,52.429],[-63.935,52.381],[-63.766,52.298],[-63.684,52.138],[-63.664,52.06],[-63.786,52.051],[-63.783,52.02],[-63.757,52.011],[-57.101,52.001],[-57.1,51.443],[-57.299,51.478],[-57.462,51.469],[-57.77,51.426],[-58.023,51.322],[-58.089,51.311],[-58.51,51.295],[-58.593,51.257],[-58.638,51.172],[-59.055,50.879],[-59.165,50.78],[-59.378,50.675],[-59.612,50.492],[-59.815,50.418],[-59.886,50.316],[-60.08,50.255],[-60.608,50.221],[-60.807,50.25],[-60.956,50.205],[-61.181,50.192],[-61.29,50.202],[-61.725,50.104],[-61.835,50.197],[-61.92,50.233],[-62.165,50.239],[-62.362,50.277],[-62.715,50.302],[-63.136,50.294],[-63.239,50.243],[-63.587,50.258],[-63.734,50.305],[-63.854,50.314],[-64.016,50.304],[-64.17,50.269],[-64.509,50.309],[-64.868,50.275],[-65.181,50.298],[-65.269,50.32],[-65.762,50.259],[-65.955,50.294],[-66.126,50.201],[-66.242,50.22],[-66.496,50.212],[-66.55,50.161],[-66.622,50.155],[-66.741,50.066],[-66.941,49.994],[-67.234,49.602],[-67.262,49.451],[-67.372,49.348],[-68.056,49.257],[-68.282,49.197],[-68.221,49.15],[-68.295,49.114],[-68.414,49.1],[-68.544,49.056],[-68.628,49.007],[-68.669,48.939],[-68.929,48.829],[-69.231,48.574],[-69.375,48.386],[-69.55,48.251],[-69.674,48.199],[-69.762,48.191],[-69.852,48.207],[-70.001,48.271],[-70.111,48.278],[-70.384,48.367],[-71.018,48.456],[-70.923,48.422],[-70.839,48.367],[-70.501,48.354],[-70.145,48.244],[-69.971,48.206],[-69.865,48.172],[-69.775,48.098],[-69.906,47.832],[-69.994,47.74],[-70.3,47.503],[-70.448,47.423],[-70.706,47.14],[-71.116,46.925],[-71.268,46.796],[-71.757,46.674],[-71.88,46.687],[-72.028,46.607],[-72.205,46.559],[-72.257,46.485],[-72.68,46.287],[-72.843,46.262],[-72.981,46.21],[-73.022,46.12],[-73.145,46.066],[-73.284,45.9],[-73.477,45.738],[-73.712,45.711],[-73.897,45.564],[-74.038,45.502],[-74.315,45.531],[-74.248,45.493],[-74.0,45.433],[-73.974,45.345],[-74.098,45.324],[-74.34,45.214],[-74.478,45.318],[-74.397,45.568],[-74.577,45.632],[-74.717,45.651],[-74.864,45.642],[-75.626,45.451],[-75.904,45.42],[-76.001,45.484],[-76.123,45.505],[-76.27,45.484],[-76.413,45.496],[-76.553,45.542],[-76.667,45.643],[-76.754,45.798],[-76.824,45.88],[-76.89,45.89],[-76.913,45.876],[-76.941,45.801],[-77.031,45.807],[-77.233,45.904],[-77.371,46.063],[-77.683,46.187],[-78.46,46.307],[-78.781,46.393],[-78.903,46.486],[-79.015,46.607],[-79.166,46.827],[-79.365,47.022],[-79.435,47.134],[-79.442,47.228],[-79.479,47.319],[-79.547,47.407],[-79.559,47.483],[-79.513,47.556],[-79.52,50.919],[-79.456,50.876],[-79.348,50.763],[-79.381,50.835],[-79.453,50.917],[-79.52,50.966],[-79.521,51.545],[-79.498,51.57],[-79.339,51.628],[-79.297,51.623],[-79.264,51.552],[-79.153,51.526],[-79.041,51.464],[-78.984,51.386],[-78.903,51.2],[-78.898,51.272],[-78.858,51.384],[-78.827,51.43],[-78.731,51.497],[-78.736,51.527],[-78.776,51.566],[-78.978,51.734],[-78.982,51.775],[-78.928,51.799],[-78.891,51.845],[-78.871,51.913],[-78.828,51.963],[-78.702,52.033],[-78.537,52.213],[-78.492,52.252],[-78.448,52.261],[-78.526,52.311],[-78.529,52.399],[-78.557,52.492],[-78.744,52.655],[-78.766,52.76],[-78.754,52.812],[-78.722,52.856],[-78.74,52.899],[-78.854,52.976],[-78.898,53.043],[-78.992,53.41],[-79.043,53.561],[-79.1,53.657],[-79.113,53.717],[-79.081,53.742],[-79.04,53.818],[-79.003,53.837],[-78.946,53.832],[-79.032,53.881],[-79.075,53.932],[-79.073,53.951],[-78.996,54.002],[-79.067,54.052],[-79.242,54.099],[-79.179,54.117],[-79.139,54.157],[-79.296,54.217],[-79.356,54.263],[-79.476,54.395],[-79.521,54.492],[-79.598,54.602],[-79.632,54.629],[-79.714,54.655],[-79.712,54.672],[-79.666,54.697],[-78.909,54.881],[-78.475,55.011],[-78.304,55.069],[-77.775,55.291],[-77.165,55.664],[-77.073,55.756],[-76.762,55.996],[-76.65,56.107],[-76.604,56.2],[-76.546,56.359],[-76.53,56.5],[-76.526,56.892],[-76.573,57.181],[-76.655,57.381],[-76.81,57.658],[-76.891,57.758],[-77.157,58.019],[-77.552,58.24],[-78.014,58.399],[-78.352,58.581],[-78.463,58.602],[-78.506,58.649],[-78.515,58.682],[-78.483,58.829],[-78.431,58.902],[-78.244,59.035],[-78.068,59.2],[-77.843,59.305],[-77.761,59.38],[-77.779,59.41],[-77.845,59.444],[-77.859,59.476],[-77.734,59.581],[-77.748,59.659],[-77.726,59.676],[-77.59,59.681],[-77.397,59.569],[-77.349,59.579],[-77.411,59.61],[-77.485,59.685],[-77.475,59.716],[-77.332,59.797],[-77.328,59.833],[-77.368,59.884],[-77.373,59.925],[-77.289,60.022],[-77.312,60.042],[-77.547,60.061],[-77.586,60.088],[-77.453,60.146],[-77.649,60.363],[-77.681,60.427],[-77.598,60.507],[-77.504,60.543],[-77.516,60.563],[-77.715,60.578],[-77.791,60.64],[-77.661,60.79],[-77.59,60.809],[-77.603,60.825],[-77.872,60.786],[-77.998,60.818],[-78.181,60.819],[-78.16,60.852],[-77.83,61.084],[-77.765,61.158],[-77.727,61.231],[-77.75,61.393],[-77.736,61.437],[-77.514,61.556],[-77.698,61.626],[-77.89,61.729],[-78.021,61.832],[-78.077,61.923],[-78.137,62.107],[-78.147,62.209],[-78.133,62.282],[-78.109,62.318],[-78.068,62.355],[-77.9,62.427],[-77.604,62.531],[-77.372,62.573],[-76.879,62.525],[-75.817,62.316],[-75.676,62.25],[-75.809,62.193],[-75.79,62.18],[-75.489,62.286],[-75.341,62.312],[-75.023,62.264],[-74.633,62.116],[-74.613,62.125],[-74.69,62.183],[-74.646,62.211],[-74.205,62.321],[-73.878,62.434],[-73.705,62.473],[-73.299,62.325],[-72.882,62.125],[-72.687,62.125],[-72.646,62.077],[-72.632,62.027],[-72.666,61.955],[-72.772,61.84],[-72.727,61.839],[-72.506,61.923],[-72.361,61.888],[-72.226,61.832],[-72.081,61.728],[-72.04,61.68],[-72.082,61.641],[-72.247,61.602],[-72.216,61.587],[-72.023,61.612],[-71.964,61.636],[-71.922,61.677],[-71.866,61.689],[-71.638,61.617],[-71.605,61.592],[-71.619,61.573],[-71.756,61.527],[-71.841,61.466],[-71.854,61.44],[-71.794,61.421],[-71.645,61.413],[-71.646,61.399],[-71.732,61.372],[-71.743,61.337],[-71.552,61.213],[-71.423,61.159],[-71.175,61.147],[-70.723,61.055],[-70.541,61.042],[-70.279,61.069],[-70.158,61.021],[-70.146,60.922],[-70.095,60.88],[-69.992,60.856],[-69.909,60.86],[-69.8,60.907],[-69.708,60.915],[-69.624,61.05],[-69.557,61.06],[-69.503,61.04],[-69.414,60.922],[-69.398,60.883],[-69.405,60.847],[-69.433,60.814],[-69.574,60.743],[-69.64,60.69],[-69.721,60.567],[-69.751,60.487],[-69.756,60.389],[-69.741,60.332],[-69.633,60.22],[-69.629,60.199],[-69.63,60.122],[-69.674,60.076],[-69.796,60.03],[-69.963,60.018],[-70.655,60.026],[-70.62,59.984],[-69.806,59.945],[-69.734,59.918],[-69.63,59.822],[-69.579,59.675],[-69.692,59.488],[-69.711,59.393],[-69.682,59.342],[-69.4,59.338],[-69.344,59.303],[-69.35,59.277],[-69.45,59.18],[-69.46,59.152],[-69.414,59.087],[-69.475,59.0],[-69.532,58.869],[-69.648,58.821],[-69.677,58.831],[-69.753,58.94],[-69.784,58.956],[-69.828,58.929],[-69.842,58.881],[-69.868,58.856],[-69.979,58.816],[-70.16,58.789],[-70.154,58.761],[-69.79,58.689],[-69.651,58.728],[-69.382,58.851],[-69.271,58.884],[-68.698,58.905],[-68.475,58.823],[-68.381,58.743],[-68.326,58.595],[-68.253,58.557],[-68.229,58.485],[-68.234,58.399],[-68.357,58.163],[-68.468,58.076],[-68.597,58.037],[-68.945,57.969],[-69.035,57.926],[-69.041,57.903],[-68.781,57.976],[-68.495,58.012],[-68.414,58.052],[-68.352,58.091],[-68.289,58.178],[-68.176,58.403],[-68.111,58.473],[-68.021,58.485],[-67.981,58.461],[-67.888,58.329],[-67.888,58.296],[-68.064,58.139],[-68.009,58.152],[-67.856,58.273],[-67.823,58.31],[-67.805,58.365],[-67.756,58.405],[-67.737,58.385],[-67.69,58.244],[-67.681,58.107],[-67.698,58.009],[-67.678,57.991],[-67.596,58.186],[-67.57,58.214],[-67.382,58.3],[-67.019,58.433],[-66.722,58.491],[-66.608,58.549],[-66.48,58.731],[-66.362,58.791],[-66.299,58.795],[-66.237,58.772],[-66.091,58.659],[-66.03,58.567],[-66.017,58.431],[-66.002,58.431],[-65.931,58.535],[-65.923,58.572],[-65.95,58.65],[-66.049,58.788],[-66.043,58.821],[-65.855,58.847],[-65.836,58.86],[-65.918,58.896],[-65.921,58.915],[-65.841,58.977],[-65.704,58.971],[-65.721,59.024],[-65.695,59.032],[-65.544,59.012],[-65.526,59.036],[-65.396,59.038],[-65.384,59.06],[-65.606,59.111],[-65.666,59.153],[-65.7,59.213],[-65.692,59.229],[-65.661,59.23],[-65.607,59.213],[-65.513,59.35],[-65.412,59.315],[-65.407,59.33],[-65.489,59.448],[-65.475,59.47],[-65.35,59.479],[-65.274,59.464],[-65.074,59.378],[-65.038,59.388],[-65.171,59.462],[-65.407,59.539],[-65.486,59.649],[-65.481,59.69],[-65.433,59.777],[-65.358,59.809],[-65.289,59.818],[-65.212,59.81],[-65.054,59.753],[-65.028,59.771],[-65.159,59.83],[-65.181,59.867],[-65.172,59.908],[-64.931,60.252],[-64.817,60.331],[-64.706,60.336],[-64.614,60.306]]],[[[-61.801,49.094],[-62.22,49.079],[-62.8,49.171],[-63.042,49.225],[-63.566,49.399],[-63.676,49.534],[-63.777,49.602],[-63.885,49.658],[-64.44,49.828],[-64.485,49.887],[-64.373,49.926],[-64.244,49.944],[-64.131,49.942],[-63.76,49.875],[-63.292,49.817],[-62.859,49.705],[-62.633,49.624],[-62.133,49.407],[-62.043,49.39],[-61.817,49.284],[-61.736,49.204],[-61.696,49.139],[-61.746,49.106],[-61.801,49.094]]],[[[-61.914,47.285],[-61.879,47.266],[-61.773,47.26],[-61.834,47.223],[-61.951,47.219],[-62.008,47.234],[-61.925,47.425],[-61.548,47.632],[-61.474,47.647],[-61.396,47.638],[-61.476,47.564],[-61.582,47.56],[-61.684,47.499],[-61.751,47.431],[-61.831,47.392],[-61.887,47.345],[-61.914,47.285]]],[[[-71.026,46.873],[-71.117,46.865],[-71.095,46.9],[-70.971,46.961],[-70.88,46.996],[-70.826,46.995],[-70.913,46.92],[-71.026,46.873]]],[[[-73.567,45.469],[-73.644,45.449],[-73.775,45.468],[-73.961,45.441],[-73.853,45.516],[-73.687,45.561],[-73.522,45.701],[-73.476,45.705],[-73.567,45.469]]],[[[-73.695,45.585],[-73.816,45.565],[-73.858,45.574],[-73.725,45.672],[-73.572,45.694],[-73.695,45.585]]]]}},{"type":"Feature","properties":{},"geometry":{"type":"MultiPolygon","coordinates":[[[[-109.999,48.993],[-110.0,60.001],[-102.002,60.001],[-102.001,55.818],[-101.367,48.993],[-109.999,48.993]]]]}},{"type":"Feature","properties":{},"geometry":{"type":"MultiPolygon","coordinates":[[[[-123.819,60.001],[-139.057,60.002],[-139.185,60.084],[-139.079,60.279],[-139.079,60.344],[-139.676,60.328],[-139.973,60.183],[-140.453,60.3],[-140.525,60.218],[-141.002,60.3],[-141.002,69.651],[-140.405,69.602],[-139.977,69.622],[-139.182,69.516],[-138.69,69.317],[-138.291,69.219],[-138.128,69.152],[-137.869,69.093],[-137.26,68.964],[-137.07,68.951],[-136.717,68.889],[-136.444,68.895],[-136.445,67.747],[-136.434,67.703],[-136.401,67.666],[-136.233,67.6],[-136.169,67.514],[-136.178,67.423],[-136.105,67.304],[-136.15,67.226],[-136.218,67.181],[-136.223,67.088],[-136.169,67.015],[-136.126,67.005],[-134.056,67.004],[-134.031,66.944],[-133.924,66.903],[-133.794,66.819],[-133.783,66.785],[-133.806,66.733],[-133.764,66.651],[-133.635,66.566],[-133.658,66.509],[-133.654,66.453],[-133.739,66.44],[-133.8,66.326],[-133.79,66.304],[-133.583,66.285],[-133.569,66.177],[-133.677,66.096],[-133.676,66.074],[-133.624,66.01],[-133.622,65.975],[-133.412,65.956],[-133.229,66.006],[-132.938,66.029],[-132.916,66.002],[-132.968,65.934],[-132.948,65.917],[-132.903,65.914],[-132.821,65.928],[-132.714,65.998],[-132.614,66.029],[-132.483,65.989],[-132.371,65.994],[-132.343,65.979],[-132.341,65.955],[-132.539,65.886],[-132.555,65.857],[-132.295,65.716],[-132.196,65.628],[-132.195,65.598],[-132.268,65.538],[-132.346,65.443],[-132.542,65.341],[-132.597,65.28],[-132.762,65.225],[-132.773,65.203],[-132.752,65.173],[-132.708,65.167],[-132.579,65.185],[-132.54,65.17],[-132.538,65.109],[-132.516,65.094],[-132.381,65.075],[-132.353,65.057],[-132.354,65.039],[-132.497,64.957],[-132.505,64.884],[-132.601,64.826],[-132.588,64.794],[-132.321,64.763],[-132.106,64.702],[-132.052,64.684],[-131.893,64.577],[-131.729,64.534],[-131.716,64.515],[-131.803,64.407],[-131.797,64.388],[-131.586,64.38],[-131.513,64.393],[-131.359,64.458],[-131.107,64.401],[-131.022,64.324],[-131.012,64.273],[-130.913,64.193],[-130.913,64.168],[-130.941,64.141],[-130.93,64.125],[-130.847,64.049],[-130.792,64.031],[-130.758,63.993],[-130.661,63.951],[-130.513,63.92],[-130.283,63.823],[-130.14,63.808],[-130.118,63.793],[-130.121,63.773],[-130.26,63.737],[-130.298,63.721],[-130.303,63.704],[-130.244,63.678],[-130.111,63.695],[-130.063,63.636],[-129.976,63.616],[-129.888,63.555],[-129.855,63.522],[-129.845,63.486],[-129.905,63.406],[-129.948,63.376],[-130.102,63.319],[-130.14,63.293],[-130.134,63.276],[-130.06,63.261],[-129.906,63.187],[-129.827,63.092],[-129.612,63.059],[-129.714,62.931],[-129.729,62.865],[-129.719,62.832],[-129.658,62.776],[-129.62,62.712],[-129.525,62.674],[-129.49,62.599],[-129.211,62.513],[-129.189,62.49],[-129.2,62.47],[-129.287,62.441],[-129.296,62.425],[-129.239,62.373],[-129.291,62.322],[-129.293,62.294],[-129.233,62.22],[-129.269,62.166],[-129.255,62.153],[-129.136,62.126],[-128.907,62.119],[-128.814,62.064],[-128.679,62.112],[-128.561,62.117],[-128.4,62.034],[-128.366,61.991],[-128.258,61.928],[-128.206,61.865],[-128.094,61.841],[-128.047,61.813],[-127.994,61.711],[-127.807,61.619],[-127.609,61.533],[-127.468,61.511],[-127.299,61.512],[-127.167,61.465],[-127.073,61.37],[-127.021,61.237],[-127.027,61.126],[-127.082,61.094],[-127.093,61.071],[-127.055,61.051],[-126.964,61.063],[-126.944,61.052],[-126.909,60.95],[-126.912,60.86],[-126.888,60.833],[-126.89,60.796],[-126.859,60.769],[-126.665,60.762],[-126.52,60.8],[-126.297,60.785],[-126.235,60.809],[-126.223,60.856],[-126.162,60.866],[-126.115,60.863],[-126.099,60.829],[-126.064,60.816],[-126.003,60.809],[-125.957,60.865],[-125.899,60.89],[-125.707,60.84],[-125.322,60.792],[-125.152,60.844],[-124.88,60.86],[-124.86,60.924],[-124.807,60.961],[-124.583,60.953],[-124.506,60.822],[-124.505,60.788],[-124.611,60.701],[-124.599,60.662],[-124.469,60.567],[-124.403,60.494],[-124.249,60.473],[-124.225,60.453],[-124.185,60.321],[-123.997,60.127],[-124.011,60.046],[-123.879,60.04],[-123.819,60.001]]],[[[-139.043,69.577],[-139.126,69.539],[-139.291,69.598],[-139.14,69.65],[-138.932,69.617],[-138.879,69.59],[-139.043,69.577]]]]}},{"type":"Feature","properties":{},"geometry":{"type":"MultiPolygon","coordinates":[[[[-139.057,60.002],[-138.705,59.901],[-138.632,59.778],[-137.593,59.226],[-137.484,58.991],[-137.521,58.915],[-137.439,58.903],[-137.278,58.988],[-136.813,59.15],[-136.579,59.152],[-136.467,59.28],[-136.466,59.459],[-136.348,59.456],[-136.278,59.48],[-136.247,59.533],[-136.322,59.605],[-135.935,59.663],[-135.476,59.793],[-135.261,59.695],[-135.051,59.579],[-135.037,59.551],[-135.071,59.441],[-134.944,59.288],[-134.802,59.25],[-134.677,59.199],[-134.622,59.155],[-134.441,59.085],[-134.297,58.898],[-134.219,58.85],[-133.821,58.705],[-133.401,58.411],[-133.423,58.337],[-133.12,58.078],[-132.232,57.199],[-132.338,57.079],[-132.032,57.027],[-132.104,56.857],[-131.866,56.793],[-131.886,56.742],[-131.833,56.685],[-131.824,56.59],[-131.575,56.599],[-131.083,56.405],[-130.742,56.341],[-130.649,56.264],[-130.477,56.231],[-130.413,56.123],[-130.215,56.083],[-130.098,56.109],[-130.023,56.015],[-130.014,55.951],[-130.025,55.888],[-130.112,55.78],[-130.147,55.654],[-130.14,55.585],[-130.059,55.412],[-130.037,55.298],[-130.172,55.137],[-130.219,55.06],[-130.214,55.026],[-130.575,54.77],[-130.616,54.791],[-130.85,54.808],[-130.935,54.95],[-130.98,55.061],[-131.048,55.158],[-131.046,55.18],[-130.984,55.244],[-130.75,55.297],[-130.748,55.318],[-130.835,55.332],[-130.856,55.355],[-130.88,55.46],[-130.88,55.612],[-130.919,55.736],[-131.128,55.96],[-131.14,55.998],[-131.033,56.088],[-131.635,55.932],[-131.784,55.877],[-131.826,55.835],[-131.803,55.766],[-131.834,55.735],[-131.869,55.647],[-131.945,55.554],[-131.983,55.535],[-132.119,55.57],[-132.155,55.6],[-132.223,55.721],[-132.208,55.753],[-132.091,55.84],[-132.006,55.93],[-131.844,56.16],[-131.738,56.161],[-131.551,56.207],[-131.888,56.242],[-132.022,56.38],[-132.182,56.421],[-132.305,56.52],[-132.358,56.626],[-132.476,56.65],[-132.487,56.766],[-132.64,56.796],[-132.702,56.822],[-132.802,56.895],[-132.839,56.96],[-132.814,57.041],[-132.825,57.056],[-132.913,57.047],[-133.466,57.172],[-133.437,57.337],[-133.539,57.554],[-133.649,57.642],[-133.603,57.695],[-133.554,57.695],[-133.143,57.555],[-133.117,57.566],[-133.515,57.775],[-133.535,57.833],[-133.536,57.864],[-133.511,57.88],[-133.212,57.866],[-133.194,57.878],[-133.559,57.924],[-133.657,57.841],[-133.722,57.844],[-133.894,57.993],[-134.031,58.072],[-134.057,58.128],[-134.063,58.211],[-134.045,58.289],[-133.934,58.468],[-133.877,58.518],[-133.944,58.498],[-134.036,58.415],[-134.131,58.279],[-134.209,58.233],[-134.258,58.244],[-134.331,58.3],[-134.485,58.367],[-134.664,58.385],[-134.776,58.454],[-134.943,58.646],[-134.965,58.742],[-134.986,58.766],[-135.076,58.797],[-135.132,58.843],[-135.217,59.077],[-135.33,59.239],[-135.358,59.325],[-135.349,59.41],[-135.364,59.419],[-135.413,59.318],[-135.484,59.309],[-135.4,59.208],[-135.502,59.202],[-135.386,59.088],[-135.334,58.91],[-135.257,58.778],[-135.152,58.512],[-135.062,58.341],[-135.05,58.307],[-135.09,58.246],[-135.142,58.233],[-135.303,58.256],[-135.45,58.376],[-135.572,58.412],[-135.898,58.4],[-135.896,58.464],[-135.862,58.577],[-136.045,58.789],[-136.043,58.822],[-135.826,58.898],[-135.932,58.904],[-136.017,58.874],[-136.049,58.893],[-136.101,59.0],[-136.15,59.048],[-136.159,58.947],[-136.124,58.893],[-136.124,58.82],[-136.147,58.789],[-136.226,58.765],[-136.451,58.846],[-136.566,58.941],[-136.831,58.984],[-136.989,59.034],[-137.002,59.021],[-136.953,58.967],[-136.948,58.935],[-136.988,58.925],[-137.059,58.874],[-136.879,58.882],[-136.614,58.809],[-136.568,58.786],[-136.534,58.74],[-136.41,58.701],[-136.404,58.68],[-136.484,58.618],[-136.32,58.624],[-136.225,58.602],[-136.103,58.506],[-136.061,58.453],[-136.056,58.384],[-136.081,58.364],[-136.462,58.328],[-136.583,58.245],[-136.607,58.244],[-137.072,58.395],[-137.544,58.581],[-137.565,58.626],[-137.75,58.707],[-137.864,58.786],[-138.027,58.941],[-138.352,59.087],[-138.56,59.129],[-138.515,59.166],[-138.704,59.188],[-138.884,59.237],[-139.341,59.376],[-139.714,59.504],[-139.799,59.546],[-139.612,59.61],[-139.513,59.698],[-139.506,59.726],[-139.559,59.79],[-139.582,59.848],[-139.569,59.912],[-139.512,59.954],[-139.447,59.957],[-139.331,59.877],[-139.315,59.848],[-139.32,59.739],[-139.287,59.611],[-139.259,59.743],[-139.221,59.82],[-139.179,59.84],[-138.988,59.835],[-139.243,59.893],[-139.431,60.012],[-139.519,60.017],[-139.917,59.806],[-140.217,59.727],[-140.42,59.711],[-140.843,59.749],[-141.408,59.903],[-141.295,59.98],[-141.29,60.004],[-141.33,60.083],[-141.409,60.118],[-141.422,60.086],[-141.41,60.042],[-141.447,60.019],[-141.67,59.97],[-142.549,60.086],[-142.946,60.097],[-143.506,60.055],[-143.805,60.013],[-144.147,60.016],[-144.161,60.046],[-144.084,60.063],[-144.089,60.084],[-144.185,60.151],[-144.333,60.191],[-144.643,60.225],[-144.672,60.249],[-144.852,60.295],[-144.901,60.335],[-144.824,60.534],[-144.691,60.669],[-144.863,60.601],[-145.163,60.415],[-145.248,60.38],[-145.382,60.389],[-145.718,60.468],[-145.899,60.478],[-145.76,60.562],[-145.675,60.651],[-146.149,60.661],[-146.182,60.735],[-146.251,60.749],[-146.503,60.701],[-146.57,60.729],[-146.392,60.811],[-146.532,60.839],[-146.638,60.897],[-146.636,60.993],[-146.599,61.054],[-146.285,61.113],[-146.384,61.136],[-146.583,61.128],[-146.874,61.005],[-146.98,60.978],[-147.106,61.003],[-147.195,60.997],[-147.361,60.915],[-147.567,60.995],[-147.656,60.91],[-147.808,60.885],[-147.891,60.89],[-147.991,60.948],[-148.005,60.969],[-147.971,61.019],[-147.752,61.219],[-148.049,61.083],[-148.209,61.088],[-148.342,61.06],[-148.411,61.011],[-148.226,61.044],[-148.209,61.03],[-148.293,60.94],[-148.344,60.854],[-148.393,60.832],[-148.556,60.827],[-148.557,60.803],[-148.399,60.734],[-148.268,60.7],[-148.257,60.675],[-148.305,60.583],[-148.338,60.57],[-148.51,60.565],[-148.64,60.489],[-148.44,60.53],[-148.189,60.547],[-148.119,60.575],[-148.051,60.567],[-147.984,60.523],[-147.964,60.485],[-147.991,60.452],[-148.046,60.428],[-148.182,60.393],[-148.216,60.323],[-148.198,60.168],[-148.333,60.122],[-148.431,59.989],[-148.465,59.975],[-148.542,59.987],[-148.644,59.957],[-148.751,59.948],[-149.004,59.98],[-149.122,60.034],[-149.267,59.998],[-149.305,60.014],[-149.395,60.106],[-149.415,60.1],[-149.432,60.001],[-149.549,59.894],[-149.598,59.77],[-149.63,59.785],[-149.685,59.895],[-149.714,59.92],[-149.795,59.856],[-149.804,59.833],[-149.782,59.75],[-149.801,59.738],[-150.005,59.784],[-150.016,59.777],[-149.96,59.713],[-149.967,59.69],[-150.198,59.567],[-150.338,59.581],[-150.485,59.535],[-150.607,59.563],[-150.623,59.48],[-150.677,59.427],[-150.853,59.342],[-150.935,59.249],[-150.961,59.244],[-151.183,59.301],[-151.199,59.29],[-151.163,59.257],[-151.171,59.237],[-151.366,59.246],[-151.477,59.231],[-151.619,59.187],[-151.738,59.189],[-151.904,59.26],[-151.95,59.265],[-151.964,59.285],[-151.932,59.343],[-151.85,59.406],[-151.693,59.462],[-151.513,59.483],[-151.4,59.516],[-151.189,59.638],[-151.046,59.772],[-151.089,59.789],[-151.45,59.65],[-151.764,59.7],[-151.817,59.721],[-151.853,59.782],[-151.735,59.988],[-151.451,60.203],[-151.396,60.274],[-151.313,60.466],[-151.318,60.554],[-151.355,60.66],[-151.356,60.723],[-151.322,60.743],[-150.954,60.841],[-150.779,60.915],[-150.441,61.024],[-150.349,61.023],[-150.203,60.955],[-150.113,60.933],[-149.998,60.935],[-149.856,60.962],[-149.632,60.952],[-149.075,60.876],[-149.142,60.936],[-149.459,60.965],[-149.592,60.994],[-149.968,61.122],[-150.053,61.171],[-149.895,61.232],[-149.882,61.264],[-149.737,61.363],[-149.329,61.497],[-149.434,61.501],[-149.695,61.471],[-149.824,61.413],[-149.976,61.279],[-150.472,61.26],[-150.567,61.307],[-150.945,61.198],[-151.065,61.146],[-151.15,61.086],[-151.282,61.042],[-151.594,60.98],[-151.734,60.911],[-151.782,60.858],[-151.784,60.833],[-151.75,60.755],[-151.866,60.734],[-151.996,60.682],[-152.271,60.528],[-152.305,60.453],[-152.26,60.409],[-152.369,60.336],[-152.541,60.265],[-152.654,60.238],[-152.798,60.247],[-152.923,60.293],[-153.025,60.296],[-152.665,60.125],[-152.63,60.084],[-152.629,60.041],[-152.66,59.997],[-152.759,59.921],[-153.106,59.875],[-153.211,59.843],[-153.04,59.811],[-153.025,59.794],[-153.048,59.73],[-153.094,59.709],[-153.236,59.671],[-153.364,59.66],[-153.383,59.667],[-153.366,59.73],[-153.414,59.74],[-153.653,59.647],[-153.671,59.635],[-153.609,59.615],[-153.753,59.51],[-154.088,59.363],[-154.067,59.336],[-154.139,59.24],[-154.178,59.156],[-154.13,59.12],[-153.656,59.039],[-153.418,58.96],[-153.339,58.909],[-153.327,58.884],[-153.363,58.822],[-153.438,58.755],[-153.617,58.655],[-153.862,58.588],[-154.02,58.493],[-154.062,58.442],[-154.056,58.397],[-154.086,58.366],[-154.289,58.304],[-154.208,58.289],[-154.235,58.235],[-154.247,58.159],[-154.571,58.118],[-154.585,58.056],[-155.007,58.016],[-155.099,57.913],[-155.147,57.882],[-155.313,57.807],[-155.59,57.734],[-155.596,57.701],[-155.729,57.627],[-155.778,57.568],[-156.0,57.545],[-156.037,57.527],[-156.055,57.448],[-156.156,57.463],[-156.242,57.449],[-156.436,57.36],[-156.478,57.328],[-156.398,57.241],[-156.4,57.205],[-156.475,57.105],[-156.592,57.065],[-156.629,57.01],[-156.78,57.006],[-156.824,56.969],[-156.988,56.913],[-157.139,56.827],[-157.206,56.812],[-157.39,56.81],[-157.441,56.79],[-157.49,56.76],[-157.529,56.673],[-157.578,56.634],[-157.771,56.652],[-157.869,56.645],[-158.028,56.592],[-158.078,56.552],[-157.978,56.543],[-157.929,56.532],[-157.93,56.52],[-158.124,56.501],[-158.414,56.436],[-158.552,56.313],[-158.467,56.318],[-158.386,56.302],[-158.344,56.28],[-158.276,56.196],[-158.476,56.075],[-158.505,56.062],[-158.523,56.072],[-158.543,56.167],[-158.554,56.183],[-158.591,56.185],[-158.705,56.043],[-158.79,55.987],[-159.523,55.81],[-159.568,55.695],[-159.66,55.626],[-159.665,55.795],[-159.678,55.825],[-159.771,55.841],[-159.874,55.8],[-159.962,55.795],[-160.244,55.661],[-160.373,55.635],[-160.499,55.537],[-160.625,55.552],[-160.683,55.54],[-160.727,55.5],[-160.771,55.484],[-160.897,55.514],[-161.1,55.406],[-161.178,55.389],[-161.382,55.371],[-161.464,55.383],[-161.481,55.398],[-161.477,55.465],[-161.413,55.536],[-161.373,55.556],[-161.313,55.559],[-161.202,55.544],[-161.255,55.579],[-161.357,55.612],[-161.459,55.629],[-161.517,55.618],[-161.654,55.563],[-161.684,55.53],[-161.742,55.391],[-162.074,55.139],[-162.167,55.144],[-162.275,55.073],[-162.333,55.05],[-162.386,55.052],[-162.457,55.078],[-162.413,55.107],[-162.427,55.145],[-162.495,55.208],[-162.542,55.243],[-162.63,55.247],[-162.644,55.218],[-162.619,55.038],[-162.674,54.997],[-162.82,54.95],[-162.865,54.955],[-162.996,55.046],[-163.12,55.065],[-163.128,55.035],[-163.1,54.974],[-163.131,54.917],[-163.289,54.838],[-163.335,54.839],[-163.338,54.876],[-163.296,54.949],[-163.286,55.01],[-163.304,55.096],[-163.279,55.122],[-163.114,55.194],[-163.045,55.205],[-162.962,55.184],[-162.907,55.196],[-162.872,55.219],[-162.857,55.253],[-162.659,55.351],[-162.513,55.45],[-162.349,55.595],[-162.157,55.719],[-161.937,55.824],[-161.697,55.907],[-161.216,56.021],[-161.179,56.014],[-161.223,55.977],[-161.193,55.954],[-160.969,55.97],[-160.899,55.994],[-160.878,55.97],[-160.902,55.941],[-161.008,55.912],[-161.005,55.887],[-160.851,55.772],[-160.803,55.754],[-160.746,55.771],[-160.758,55.855],[-160.706,55.87],[-160.53,55.863],[-160.437,55.817],[-160.292,55.805],[-160.27,55.832],[-160.309,55.864],[-160.48,55.935],[-160.527,55.965],[-160.539,56.006],[-160.461,56.138],[-160.302,56.314],[-159.785,56.562],[-159.283,56.689],[-158.99,56.86],[-158.918,56.882],[-158.918,56.847],[-158.895,56.816],[-158.675,56.795],[-158.666,56.828],[-158.685,56.944],[-158.661,57.039],[-158.586,57.114],[-158.321,57.298],[-158.134,57.366],[-157.846,57.528],[-157.737,57.548],[-157.697,57.539],[-157.646,57.498],[-157.535,57.483],[-157.462,57.506],[-157.572,57.541],[-157.608,57.601],[-157.681,57.638],[-157.697,57.679],[-157.621,57.895],[-157.611,58.051],[-157.555,58.14],[-157.443,58.172],[-157.194,58.194],[-157.339,58.235],[-157.488,58.254],[-157.524,58.351],[-157.524,58.421],[-157.461,58.503],[-157.229,58.641],[-156.975,58.736],[-157.04,58.773],[-156.809,59.134],[-156.963,58.989],[-157.142,58.878],[-157.666,58.749],[-158.022,58.64],[-158.191,58.614],[-158.303,58.642],[-158.503,58.85],[-158.476,58.938],[-158.426,58.999],[-158.314,59.009],[-158.189,58.98],[-158.081,58.977],[-158.221,59.037],[-158.423,59.09],[-158.514,59.073],[-158.584,58.988],[-158.678,58.929],[-158.809,58.974],[-158.776,58.903],[-158.838,58.794],[-158.861,58.719],[-158.772,58.52],[-158.789,58.441],[-158.951,58.405],[-159.083,58.47],[-159.454,58.793],[-159.67,58.911],[-159.741,58.894],[-159.832,58.836],[-159.92,58.82],[-160.153,58.906],[-160.363,59.051],[-160.657,58.955],[-160.817,58.872],[-160.924,58.872],[-161.247,58.799],[-161.328,58.744],[-161.361,58.67],[-161.755,58.612],[-162.145,58.644],[-161.856,58.717],[-161.724,58.794],[-161.781,58.897],[-161.789,59.016],[-161.644,59.11],[-161.794,59.109],[-161.891,59.076],[-161.981,59.146],[-162.023,59.284],[-161.92,59.365],[-161.872,59.428],[-161.832,59.515],[-161.829,59.589],[-161.909,59.714],[-162.138,59.98],[-162.242,60.178],[-162.421,60.284],[-162.288,60.457],[-162.139,60.614],[-161.947,60.685],[-161.962,60.695],[-162.138,60.686],[-162.265,60.595],[-162.469,60.395],[-162.6,60.297],[-162.685,60.269],[-162.548,60.231],[-162.527,60.199],[-162.5,60.127],[-162.571,59.99],[-162.733,59.994],[-162.878,59.923],[-163.219,59.846],[-163.68,59.802],[-163.907,59.807],[-164.143,59.897],[-164.132,59.994],[-164.47,60.149],[-164.662,60.304],[-164.8,60.307],[-165.061,60.413],[-165.027,60.501],[-165.113,60.526],[-165.354,60.541],[-165.016,60.74],[-164.9,60.873],[-164.805,60.892],[-164.37,60.796],[-164.319,60.771],[-164.266,60.725],[-164.372,60.592],[-164.31,60.607],[-164.0,60.766],[-163.895,60.745],[-163.73,60.59],[-163.529,60.665],[-163.421,60.757],[-163.512,60.798],[-163.623,60.822],[-163.907,60.854],[-163.837,60.88],[-163.655,60.877],[-163.587,60.903],[-163.749,60.97],[-163.995,60.865],[-164.442,60.87],[-164.754,60.931],[-165.066,60.921],[-165.115,60.933],[-165.175,60.966],[-164.876,61.087],[-164.869,61.112],[-165.077,61.094],[-165.138,61.13],[-165.128,61.192],[-165.204,61.153],[-165.345,61.198],[-165.244,61.269],[-165.274,61.275],[-165.334,61.266],[-165.392,61.212],[-165.381,61.106],[-165.566,61.102],[-165.628,61.165],[-165.691,61.3],[-165.864,61.336],[-165.906,61.404],[-165.797,61.491],[-165.845,61.536],[-165.961,61.551],[-166.094,61.507],[-166.153,61.546],[-166.168,61.651],[-166.101,61.645],[-165.835,61.679],[-165.809,61.696],[-166.02,61.748],[-166.079,61.803],[-165.991,61.834],[-165.834,61.837],[-165.613,61.869],[-165.706,61.927],[-165.725,61.959],[-165.744,62.012],[-165.707,62.1],[-165.448,62.304],[-165.195,62.474],[-165.116,62.513],[-165.0,62.534],[-164.779,62.481],[-164.758,62.497],[-164.796,62.512],[-164.844,62.581],[-164.688,62.608],[-164.596,62.687],[-164.589,62.709],[-164.793,62.623],[-164.845,62.801],[-164.8,62.918],[-164.764,62.971],[-164.677,63.02],[-164.428,63.04],[-164.384,63.03],[-164.375,63.054],[-164.525,63.128],[-164.409,63.215],[-164.108,63.262],[-163.943,63.247],[-163.736,63.193],[-163.616,63.125],[-163.634,63.09],[-163.749,63.03],[-163.738,63.016],[-163.504,63.106],[-163.423,63.085],[-163.359,63.046],[-163.288,63.046],[-163.062,63.08],[-162.948,63.115],[-162.808,63.207],[-162.621,63.266],[-162.36,63.453],[-162.283,63.529],[-162.112,63.534],[-162.056,63.471],[-161.974,63.453],[-161.505,63.468],[-161.266,63.497],[-161.1,63.558],[-160.927,63.661],[-160.827,63.729],[-160.779,63.819],[-160.904,64.031],[-160.988,64.251],[-161.22,64.397],[-161.386,64.44],[-161.491,64.434],[-161.415,64.526],[-161.193,64.516],[-161.049,64.534],[-160.932,64.579],[-160.836,64.682],[-160.856,64.756],[-160.887,64.796],[-161.063,64.904],[-161.13,64.925],[-161.187,64.924],[-161.466,64.795],[-161.634,64.792],[-161.759,64.816],[-161.868,64.743],[-162.172,64.678],[-162.335,64.613],[-162.636,64.451],[-162.711,64.378],[-162.807,64.374],[-162.876,64.516],[-163.204,64.652],[-163.303,64.606],[-163.248,64.563],[-163.174,64.533],[-163.052,64.52],[-163.144,64.424],[-163.486,64.55],[-163.713,64.588],[-164.304,64.584],[-164.692,64.507],[-164.765,64.53],[-164.83,64.511],[-164.899,64.461],[-164.979,64.454],[-166.143,64.583],[-166.325,64.626],[-166.481,64.728],[-166.478,64.798],[-166.409,64.827],[-166.415,64.927],[-166.551,64.953],[-166.928,65.157],[-166.763,65.135],[-166.531,65.155],[-166.452,65.247],[-166.28,65.274],[-166.121,65.261],[-166.157,65.286],[-166.197,65.306],[-166.609,65.353],[-166.665,65.338],[-167.404,65.422],[-167.987,65.568],[-168.035,65.596],[-168.088,65.658],[-168.01,65.719],[-167.931,65.748],[-167.914,65.681],[-167.58,65.758],[-167.405,65.859],[-167.074,65.877],[-166.894,65.959],[-166.748,66.052],[-166.399,66.144],[-166.215,66.17],[-166.009,66.121],[-165.724,66.113],[-165.63,66.131],[-165.56,66.167],[-165.84,66.245],[-165.812,66.288],[-165.776,66.319],[-165.449,66.41],[-165.198,66.44],[-165.064,66.438],[-164.674,66.555],[-164.46,66.588],[-163.728,66.616],[-163.638,66.575],[-163.894,66.576],[-163.775,66.531],[-163.794,66.493],[-163.903,66.378],[-163.894,66.287],[-164.034,66.216],[-163.695,66.084],[-163.171,66.075],[-162.886,66.099],[-162.722,66.06],[-162.587,66.051],[-162.214,66.071],[-161.934,66.043],[-161.816,66.054],[-161.557,66.251],[-161.455,66.281],[-161.201,66.219],[-161.109,66.24],[-161.034,66.189],[-161.07,66.295],[-161.12,66.334],[-161.544,66.407],[-161.828,66.371],[-161.917,66.412],[-161.888,66.493],[-162.191,66.693],[-162.318,66.734],[-162.467,66.736],[-162.544,66.805],[-162.607,66.894],[-162.362,66.947],[-162.254,66.919],[-162.131,66.801],[-162.018,66.784],[-162.051,66.667],[-161.91,66.56],[-161.591,66.46],[-161.336,66.496],[-161.156,66.495],[-161.048,66.474],[-160.784,66.384],[-160.651,66.373],[-160.232,66.42],[-160.227,66.509],[-160.263,66.572],[-160.361,66.613],[-160.644,66.605],[-160.864,66.671],[-161.051,66.653],[-161.398,66.552],[-161.572,66.592],[-161.681,66.646],[-161.857,66.7],[-161.879,66.804],[-161.731,66.923],[-161.622,66.979],[-161.72,67.021],[-161.965,67.05],[-162.392,67.02],[-162.412,67.06],[-162.409,67.104],[-162.583,67.018],[-162.761,67.036],[-163.002,67.027],[-163.532,67.103],[-163.721,67.196],[-163.8,67.271],[-163.943,67.478],[-164.125,67.607],[-165.386,68.046],[-165.96,68.156],[-166.236,68.278],[-166.786,68.36],[-166.546,68.424],[-166.648,68.374],[-166.57,68.361],[-166.447,68.39],[-166.381,68.425],[-166.283,68.573],[-166.182,68.797],[-166.209,68.885],[-165.509,68.868],[-165.044,68.882],[-164.302,68.936],[-164.15,68.961],[-163.868,69.037],[-163.536,69.17],[-163.251,69.345],[-163.205,69.393],[-163.187,69.38],[-163.161,69.388],[-163.094,69.611],[-162.952,69.758],[-162.35,70.094],[-161.881,70.332],[-161.761,70.258],[-162.074,70.162],[-161.768,70.197],[-161.639,70.235],[-160.996,70.305],[-160.648,70.421],[-160.634,70.446],[-160.117,70.591],[-159.963,70.568],[-160.106,70.473],[-160.006,70.448],[-160.095,70.333],[-159.908,70.331],[-159.866,70.279],[-159.858,70.389],[-159.815,70.497],[-159.683,70.477],[-159.387,70.525],[-159.746,70.53],[-159.962,70.634],[-160.082,70.635],[-159.681,70.787],[-159.315,70.879],[-159.232,70.877],[-159.192,70.86],[-159.183,70.832],[-159.34,70.781],[-159.304,70.753],[-159.251,70.748],[-159.075,70.772],[-158.996,70.802],[-158.621,70.799],[-158.511,70.82],[-158.484,70.841],[-157.998,70.845],[-157.909,70.86],[-157.606,70.941],[-157.325,71.04],[-157.195,71.093],[-156.973,71.23],[-156.783,71.319],[-156.47,71.408],[-156.395,71.397],[-156.497,71.379],[-156.567,71.342],[-156.47,71.292],[-155.811,71.188],[-155.646,71.183],[-155.579,71.121],[-155.635,71.062],[-155.804,70.995],[-156.147,70.928],[-156.042,70.902],[-155.974,70.842],[-155.872,70.835],[-155.708,70.857],[-155.579,70.894],[-155.313,71.015],[-155.23,71.082],[-155.167,71.099],[-154.944,71.083],[-154.674,70.987],[-154.726,70.928],[-154.785,70.894],[-154.599,70.848],[-154.392,70.838],[-154.195,70.801],[-153.918,70.877],[-153.498,70.891],[-153.233,70.933],[-152.785,70.876],[-152.671,70.891],[-152.491,70.881],[-152.3,70.847],[-152.233,70.81],[-152.437,70.733],[-152.471,70.654],[-152.399,70.62],[-152.27,70.615],[-152.253,70.568],[-152.173,70.557],[-151.769,70.56],[-151.82,70.511],[-151.945,70.452],[-151.225,70.419],[-151.128,70.452],[-150.663,70.51],[-150.544,70.49],[-150.403,70.444],[-150.274,70.434],[-150.153,70.444],[-149.87,70.51],[-149.544,70.513],[-149.411,70.491],[-149.269,70.501],[-148.845,70.425],[-148.688,70.416],[-148.479,70.318],[-148.371,70.315],[-148.249,70.357],[-148.143,70.355],[-148.039,70.316],[-147.87,70.303],[-147.791,70.24],[-147.705,70.217],[-147.063,70.17],[-146.745,70.192],[-146.281,70.186],[-146.058,70.156],[-145.823,70.16],[-145.44,70.051],[-145.237,70.034],[-145.197,70.009],[-144.619,69.982],[-144.417,70.039],[-144.064,70.054],[-143.746,70.102],[-143.357,70.09],[-143.218,70.116],[-142.708,70.034],[-142.422,69.94],[-142.297,69.87],[-141.699,69.77],[-141.526,69.715],[-141.408,69.653],[-141.339,69.647],[-141.29,69.665],[-141.002,69.651],[-141.002,60.3],[-140.525,60.218],[-140.453,60.3],[-139.973,60.183],[-139.676,60.328],[-139.079,60.344],[-139.079,60.279],[-139.185,60.084],[-139.057,60.002]]],[[[-166.11,66.227],[-166.149,66.222],[-166.146,66.237],[-166.033,66.278],[-165.822,66.328],[-166.11,66.227]]],[[[-171.463,63.64],[-171.448,63.616],[-171.197,63.609],[-171.035,63.585],[-170.875,63.594],[-170.673,63.669],[-170.43,63.699],[-170.299,63.681],[-170.122,63.618],[-170.017,63.492],[-169.624,63.431],[-169.555,63.373],[-169.428,63.348],[-168.996,63.347],[-168.716,63.311],[-168.761,63.214],[-168.852,63.171],[-169.109,63.185],[-169.365,63.171],[-169.471,63.121],[-169.559,63.058],[-169.571,62.997],[-169.676,62.956],[-169.72,62.99],[-169.778,63.094],[-169.819,63.122],[-169.988,63.173],[-170.19,63.196],[-170.243,63.232],[-170.273,63.284],[-170.527,63.379],[-170.954,63.453],[-171.061,63.446],[-171.401,63.339],[-171.519,63.332],[-171.632,63.351],[-171.791,63.425],[-171.819,63.477],[-171.818,63.53],[-171.746,63.703],[-171.646,63.727],[-171.463,63.64]]],[[[-147.931,60.826],[-148.057,60.818],[-148.124,60.844],[-148.102,60.916],[-148.038,60.924],[-147.964,60.9],[-147.931,60.826]]],[[[-172.742,60.457],[-172.526,60.392],[-172.388,60.398],[-172.278,60.344],[-172.232,60.299],[-172.397,60.331],[-172.636,60.329],[-172.958,60.463],[-173.074,60.493],[-173.048,60.568],[-172.924,60.607],[-172.86,60.506],[-172.742,60.457]]],[[[-152.021,60.362],[-152.069,60.358],[-152.005,60.407],[-151.96,60.504],[-151.899,60.49],[-151.887,60.473],[-151.987,60.374],[-152.021,60.362]]],[[[-147.658,60.45],[-147.659,60.424],[-147.69,60.399],[-147.66,60.352],[-147.732,60.222],[-147.76,60.19],[-147.816,60.185],[-147.805,60.231],[-147.871,60.23],[-147.891,60.299],[-147.855,60.321],[-147.795,60.46],[-147.779,60.466],[-147.76,60.439],[-147.689,60.491],[-147.658,60.45]]],[[[-146.394,60.45],[-146.372,60.422],[-146.18,60.429],[-146.102,60.411],[-146.202,60.368],[-146.419,60.325],[-146.595,60.268],[-146.618,60.274],[-146.703,60.396],[-146.67,60.433],[-146.56,60.481],[-146.394,60.45]]],[[[-145.119,60.337],[-145.15,60.313],[-145.284,60.337],[-145.128,60.401],[-145.102,60.388],[-145.119,60.337]]],[[[-166.135,60.384],[-166.044,60.334],[-165.841,60.346],[-165.73,60.314],[-165.696,60.282],[-165.689,60.224],[-165.714,60.173],[-165.712,60.069],[-165.631,60.028],[-165.592,59.913],[-165.947,59.89],[-166.1,59.85],[-166.131,59.82],[-166.107,59.775],[-166.149,59.764],[-166.262,59.815],[-166.628,59.865],[-166.985,59.984],[-167.139,60.009],[-167.295,60.096],[-167.436,60.207],[-167.252,60.234],[-166.836,60.217],[-166.784,60.296],[-166.476,60.383],[-166.364,60.365],[-166.185,60.397],[-166.135,60.384]]],[[[-147.736,59.813],[-147.846,59.799],[-147.872,59.828],[-147.768,59.944],[-147.466,60.097],[-147.337,60.185],[-147.205,60.311],[-147.181,60.358],[-147.12,60.363],[-147.02,60.332],[-146.958,60.289],[-146.987,60.254],[-147.318,60.075],[-147.377,59.991],[-147.448,59.96],[-147.499,59.89],[-147.54,59.868],[-147.645,59.854],[-147.669,59.832],[-147.736,59.813]]],[[[-148.022,60.065],[-148.074,60.035],[-148.272,60.053],[-148.231,60.114],[-148.08,60.152],[-147.914,60.092],[-148.022,60.065]]],[[[-144.566,59.818],[-144.614,59.813],[-144.445,59.951],[-144.354,59.996],[-144.236,60.015],[-144.249,59.982],[-144.403,59.921],[-144.566,59.818]]],[[[-160.919,58.577],[-160.992,58.561],[-161.07,58.569],[-161.132,58.668],[-161.085,58.671],[-160.986,58.736],[-160.715,58.795],[-160.919,58.577]]],[[[-152.486,58.485],[-152.516,58.479],[-152.637,58.542],[-152.463,58.618],[-152.368,58.611],[-152.362,58.571],[-152.486,58.485]]],[[[-152.417,58.36],[-152.381,58.352],[-152.343,58.412],[-152.316,58.413],[-152.198,58.363],[-152.125,58.374],[-152.079,58.312],[-151.974,58.31],[-151.982,58.244],[-152.109,58.161],[-152.187,58.185],[-152.252,58.251],[-152.268,58.252],[-152.334,58.208],[-152.305,58.154],[-152.309,58.134],[-152.452,58.129],[-152.538,58.101],[-152.558,58.119],[-152.571,58.168],[-152.598,58.163],[-152.683,58.063],[-152.782,58.016],[-152.928,57.994],[-153.381,58.087],[-153.116,58.239],[-152.976,58.297],[-152.772,58.279],[-152.769,58.346],[-152.844,58.396],[-152.841,58.416],[-152.675,58.451],[-152.612,58.446],[-152.544,58.428],[-152.417,58.36]]],[[[-134.68,58.162],[-134.426,58.139],[-134.24,58.144],[-134.07,57.995],[-133.966,57.874],[-133.904,57.789],[-133.823,57.629],[-133.827,57.618],[-133.925,57.671],[-134.032,57.821],[-134.105,57.879],[-134.178,57.982],[-134.18,58.011],[-134.25,58.049],[-134.307,58.034],[-134.3,57.963],[-134.267,57.885],[-133.937,57.582],[-133.921,57.492],[-133.974,57.451],[-133.909,57.369],[-133.925,57.337],[-134.1,57.3],[-134.26,57.147],[-134.435,57.057],[-134.516,57.043],[-134.555,57.058],[-134.613,57.138],[-134.62,57.196],[-134.576,57.232],[-134.489,57.42],[-134.487,57.482],[-134.66,57.638],[-134.781,58.078],[-134.908,58.263],[-134.933,58.329],[-134.923,58.355],[-134.837,58.32],[-134.68,58.162]]],[[[-134.313,58.229],[-134.32,58.204],[-134.456,58.207],[-134.594,58.243],[-134.662,58.291],[-134.648,58.312],[-134.52,58.333],[-134.399,58.287],[-134.313,58.229]]],[[[-135.73,58.244],[-135.587,58.147],[-135.615,58.057],[-135.693,58.039],[-135.671,58.012],[-135.613,57.992],[-135.421,58.102],[-135.347,58.124],[-135.163,58.096],[-135.002,58.051],[-134.955,58.015],[-134.928,57.953],[-134.971,57.817],[-135.103,57.794],[-135.231,57.816],[-135.338,57.769],[-135.25,57.733],[-134.979,57.724],[-134.897,57.648],[-134.873,57.589],[-134.931,57.481],[-135.085,57.511],[-135.22,57.574],[-135.498,57.662],[-135.564,57.666],[-135.609,57.651],[-135.618,57.48],[-135.692,57.42],[-135.911,57.447],[-135.997,57.535],[-136.077,57.675],[-136.46,57.873],[-136.569,57.972],[-136.512,58.096],[-136.37,58.143],[-136.322,58.219],[-136.144,58.098],[-136.142,58.154],[-136.094,58.198],[-135.947,58.206],[-135.882,58.247],[-135.787,58.268],[-135.73,58.244]]],[[[-152.898,57.824],[-152.891,57.769],[-152.616,57.849],[-152.512,57.851],[-152.429,57.826],[-152.412,57.806],[-152.419,57.782],[-152.485,57.734],[-152.483,57.703],[-152.411,57.646],[-152.237,57.615],[-152.215,57.598],[-152.216,57.577],[-152.337,57.482],[-152.412,57.455],[-152.831,57.503],[-152.941,57.498],[-152.997,57.469],[-152.781,57.453],[-152.72,57.411],[-152.679,57.345],[-152.789,57.321],[-152.879,57.321],[-152.99,57.282],[-153.052,57.238],[-153.274,57.226],[-153.444,57.167],[-153.504,57.138],[-153.524,57.103],[-153.588,57.078],[-153.733,57.052],[-153.647,57.03],[-153.631,56.984],[-153.643,56.961],[-153.757,56.858],[-153.973,56.774],[-154.051,56.788],[-154.071,56.821],[-153.793,56.989],[-153.88,57.004],[-153.999,57.05],[-154.103,57.021],[-154.025,57.108],[-154.035,57.122],[-154.244,57.143],[-154.324,57.132],[-154.381,57.097],[-154.27,57.099],[-154.239,57.087],[-154.209,57.063],[-154.184,57.005],[-154.261,56.912],[-154.339,56.921],[-154.499,57.037],[-154.569,57.206],[-154.706,57.335],[-154.712,57.366],[-154.673,57.446],[-154.535,57.559],[-154.387,57.59],[-154.281,57.638],[-154.116,57.651],[-154.03,57.631],[-153.995,57.587],[-154.016,57.567],[-154.008,57.556],[-153.947,57.53],[-153.805,57.358],[-153.688,57.305],[-153.757,57.367],[-153.798,57.443],[-153.818,57.596],[-153.838,57.636],[-153.69,57.641],[-153.693,57.663],[-153.808,57.715],[-153.879,57.757],[-153.906,57.791],[-153.904,57.82],[-153.842,57.863],[-153.769,57.88],[-153.696,57.871],[-153.663,57.858],[-153.524,57.731],[-153.488,57.731],[-153.39,57.798],[-153.217,57.796],[-153.2,57.82],[-153.201,57.863],[-153.175,57.879],[-153.169,57.911],[-153.226,57.958],[-153.16,57.972],[-152.943,57.936],[-152.85,57.897],[-152.898,57.824]]],[[[-153.241,57.85],[-153.269,57.822],[-153.295,57.829],[-153.465,57.909],[-153.52,57.956],[-153.481,57.971],[-153.347,57.933],[-153.241,57.85]]],[[[-134.97,57.351],[-134.823,57.157],[-134.621,56.718],[-134.611,56.603],[-134.652,56.556],[-134.657,56.523],[-134.632,56.436],[-134.63,56.302],[-134.654,56.227],[-134.682,56.216],[-134.806,56.281],[-134.95,56.457],[-134.981,56.519],[-134.967,56.596],[-134.875,56.67],[-134.883,56.679],[-135.018,56.66],[-135.159,56.725],[-135.147,56.802],[-135.163,56.824],[-135.285,56.8],[-135.331,56.822],[-135.338,56.894],[-135.315,56.932],[-135.2,57.027],[-135.211,57.045],[-135.267,57.049],[-135.341,57.082],[-135.375,57.188],[-135.455,57.249],[-135.502,57.244],[-135.609,57.071],[-135.662,57.034],[-135.812,57.01],[-135.768,57.1],[-135.821,57.23],[-135.823,57.28],[-135.787,57.317],[-135.625,57.354],[-135.581,57.39],[-135.57,57.425],[-135.487,57.516],[-135.449,57.534],[-135.346,57.533],[-135.131,57.432],[-135.065,57.417],[-134.97,57.351]]],[[[-170.161,57.184],[-170.264,57.137],[-170.358,57.154],[-170.387,57.203],[-170.116,57.242],[-170.161,57.184]]],[[[-153.007,57.125],[-153.157,57.094],[-153.235,57.029],[-153.295,57.0],[-153.375,57.052],[-153.354,57.132],[-153.285,57.185],[-152.935,57.167],[-152.908,57.152],[-152.933,57.129],[-153.007,57.125]]],[[[-133.366,57.004],[-133.3,56.972],[-133.264,57.005],[-133.071,56.974],[-132.996,56.93],[-132.954,56.88],[-132.959,56.677],[-133.004,56.624],[-133.035,56.621],[-133.132,56.683],[-133.244,56.796],[-133.329,56.83],[-133.309,56.786],[-133.24,56.726],[-133.227,56.689],[-133.157,56.611],[-133.145,56.528],[-133.181,56.474],[-133.383,56.474],[-133.484,56.452],[-133.603,56.464],[-133.649,56.517],[-133.688,56.71],[-133.681,56.798],[-133.823,56.924],[-133.979,57.01],[-133.962,57.043],[-133.866,57.069],[-133.708,57.063],[-133.366,57.004]]],[[[-133.99,56.845],[-133.925,56.776],[-133.831,56.781],[-133.778,56.729],[-133.738,56.65],[-133.767,56.6],[-133.809,56.611],[-133.855,56.582],[-133.884,56.485],[-133.87,56.389],[-133.885,56.292],[-133.939,56.194],[-133.95,56.128],[-133.994,56.101],[-134.067,56.133],[-134.122,56.077],[-134.19,56.077],[-134.245,56.203],[-134.195,56.414],[-134.084,56.456],[-134.15,56.513],[-134.29,56.58],[-134.278,56.617],[-134.384,56.724],[-134.374,56.839],[-134.274,56.918],[-134.143,56.932],[-134.001,56.869],[-133.99,56.845]]],[[[-132.747,56.526],[-132.758,56.511],[-132.885,56.512],[-132.931,56.524],[-132.948,56.567],[-132.936,56.607],[-132.871,56.696],[-132.843,56.795],[-132.656,56.685],[-132.599,56.636],[-132.568,56.576],[-132.747,56.526]]],[[[-169.755,56.635],[-169.624,56.615],[-169.55,56.628],[-169.486,56.618],[-169.474,56.594],[-169.587,56.542],[-169.633,56.546],[-169.766,56.608],[-169.755,56.635]]],[[[-154.209,56.515],[-154.258,56.513],[-154.332,56.539],[-154.322,56.571],[-154.217,56.609],[-154.11,56.603],[-154.102,56.582],[-154.116,56.544],[-154.209,56.515]]],[[[-154.683,56.436],[-154.751,56.412],[-154.774,56.42],[-154.777,56.44],[-154.729,56.502],[-154.624,56.561],[-154.518,56.601],[-154.463,56.598],[-154.445,56.573],[-154.511,56.521],[-154.683,56.436]]],[[[-132.112,56.109],[-132.133,55.943],[-132.21,55.953],[-132.287,55.929],[-132.369,55.94],[-132.421,55.98],[-132.406,56.029],[-132.451,56.056],[-132.66,56.078],[-132.691,56.13],[-132.699,56.198],[-132.675,56.224],[-132.599,56.242],[-132.38,56.499],[-132.316,56.487],[-132.067,56.244],[-132.112,56.109]]],[[[-132.78,56.247],[-132.891,56.259],[-133.035,56.341],[-133.038,56.365],[-133.017,56.392],[-132.902,56.454],[-132.643,56.435],[-132.629,56.412],[-132.658,56.339],[-132.647,56.313],[-132.669,56.287],[-132.78,56.247]]],[[[-133.566,56.339],[-133.377,56.318],[-133.203,56.32],[-133.144,56.279],[-133.082,56.194],[-133.075,56.156],[-133.097,56.09],[-132.758,55.995],[-132.598,55.895],[-132.497,55.798],[-132.43,55.687],[-132.289,55.558],[-132.173,55.481],[-132.296,55.507],[-132.511,55.594],[-132.529,55.59],[-132.582,55.503],[-132.631,55.473],[-132.592,55.464],[-132.418,55.483],[-132.272,55.399],[-132.215,55.384],[-132.16,55.323],[-132.158,55.3],[-132.215,55.237],[-132.207,55.224],[-132.005,55.231],[-131.976,55.209],[-132.0,55.034],[-131.978,54.969],[-131.997,54.901],[-131.981,54.805],[-132.022,54.726],[-132.134,54.713],[-132.189,54.735],[-132.266,54.802],[-132.341,54.907],[-132.486,54.95],[-132.549,54.953],[-132.594,54.996],[-132.588,55.052],[-132.627,55.11],[-132.622,55.136],[-132.665,55.147],[-132.702,55.131],[-132.683,55.074],[-132.704,55.03],[-132.782,55.048],[-132.913,55.188],[-133.061,55.301],[-133.119,55.328],[-133.103,55.36],[-132.971,55.376],[-132.959,55.396],[-133.082,55.504],[-133.078,55.535],[-133.033,55.59],[-133.09,55.613],[-133.244,55.595],[-133.298,55.607],[-133.369,55.689],[-133.553,55.691],[-133.68,55.785],[-133.584,55.837],[-133.412,55.798],[-133.322,55.845],[-133.308,55.886],[-133.242,55.921],[-133.289,56.019],[-133.371,56.036],[-133.539,55.999],[-133.684,55.943],[-133.743,55.965],[-133.755,55.999],[-133.531,56.146],[-133.544,56.177],[-133.594,56.216],[-133.599,56.316],[-133.566,56.339]]],[[[-130.979,55.489],[-131.014,55.379],[-131.083,55.267],[-131.188,55.206],[-131.262,55.22],[-131.316,55.269],[-131.421,55.276],[-131.451,55.316],[-131.422,55.368],[-131.448,55.409],[-131.522,55.341],[-131.641,55.299],[-131.763,55.166],[-131.811,55.223],[-131.846,55.416],[-131.648,55.586],[-131.625,55.832],[-131.269,55.955],[-131.236,55.949],[-131.121,55.857],[-130.998,55.728],[-130.966,55.67],[-130.979,55.489]]],[[[-155.566,55.821],[-155.605,55.79],[-155.681,55.792],[-155.723,55.802],[-155.737,55.83],[-155.594,55.924],[-155.573,55.921],[-155.566,55.821]]],[[[-133.305,55.544],[-133.282,55.498],[-133.426,55.431],[-133.463,55.377],[-133.65,55.269],[-133.635,55.413],[-133.737,55.497],[-133.634,55.539],[-133.455,55.522],[-133.346,55.559],[-133.305,55.544]]],[[[-160.685,55.315],[-160.639,55.322],[-160.553,55.381],[-160.583,55.308],[-160.531,55.233],[-160.483,55.197],[-160.488,55.185],[-160.609,55.159],[-160.702,55.178],[-160.795,55.145],[-160.825,55.174],[-160.84,55.335],[-160.789,55.383],[-160.724,55.405],[-160.672,55.379],[-160.685,55.315]]],[[[-160.329,55.338],[-160.343,55.259],[-160.517,55.334],[-160.493,55.352],[-160.362,55.357],[-160.329,55.338]]],[[[-132.862,54.894],[-132.838,54.881],[-132.772,54.926],[-132.617,54.892],[-132.647,54.756],[-132.706,54.684],[-132.807,54.709],[-133.009,54.855],[-133.075,54.921],[-133.081,54.949],[-133.123,54.97],[-133.251,55.175],[-133.418,55.211],[-133.454,55.26],[-133.429,55.304],[-133.297,55.326],[-133.097,55.214],[-133.067,55.166],[-132.996,55.111],[-132.982,55.033],[-132.862,54.894]]],[[[-159.873,55.129],[-160.038,55.044],[-160.17,54.942],[-160.227,54.923],[-160.154,55.038],[-160.172,55.123],[-160.134,55.12],[-160.039,55.193],[-159.982,55.198],[-159.92,55.268],[-159.871,55.264],[-159.898,55.221],[-159.839,55.182],[-159.873,55.129]]],[[[-131.34,55.08],[-131.237,54.95],[-131.232,54.904],[-131.33,54.888],[-131.406,54.894],[-131.446,54.909],[-131.456,54.931],[-131.431,54.996],[-131.482,55.035],[-131.54,55.048],[-131.592,55.026],[-131.595,55.091],[-131.556,55.137],[-131.578,55.249],[-131.565,55.264],[-131.513,55.263],[-131.405,55.213],[-131.34,55.08]]],[[[-159.515,55.152],[-159.52,55.072],[-159.535,55.06],[-159.561,55.081],[-159.618,55.057],[-159.648,55.075],[-159.64,55.124],[-159.598,55.126],[-159.595,55.182],[-159.575,55.218],[-159.545,55.226],[-159.515,55.152]]],[[[-159.362,54.972],[-159.421,54.978],[-159.462,55.059],[-159.39,55.041],[-159.362,54.972]]],[[[-163.476,54.981],[-163.379,54.816],[-163.337,54.783],[-163.135,54.723],[-163.083,54.669],[-163.358,54.736],[-163.531,54.638],[-163.583,54.626],[-164.073,54.621],[-164.171,54.603],[-164.235,54.571],[-164.403,54.448],[-164.591,54.404],[-164.823,54.419],[-164.866,54.461],[-164.904,54.545],[-164.888,54.608],[-164.706,54.692],[-164.53,54.881],[-164.479,54.907],[-164.274,54.9],[-164.145,54.955],[-163.807,55.049],[-163.607,55.051],[-163.553,55.038],[-163.476,54.981]]],[[[-162.298,54.847],[-162.322,54.842],[-162.391,54.873],[-162.434,54.932],[-162.265,54.984],[-162.234,54.932],[-162.298,54.847]]],[[[-162.554,54.401],[-162.641,54.38],[-162.733,54.402],[-162.812,54.444],[-162.821,54.495],[-162.645,54.462],[-162.554,54.401]]],[[[-165.561,54.137],[-165.615,54.14],[-165.654,54.253],[-165.551,54.285],[-165.488,54.222],[-165.408,54.197],[-165.561,54.137]]],[[[-165.842,54.071],[-165.91,54.049],[-165.933,54.059],[-166.036,54.047],[-166.103,54.114],[-166.106,54.145],[-166.041,54.191],[-165.966,54.211],[-165.893,54.207],[-165.704,54.12],[-165.693,54.1],[-165.842,54.071]]],[[[-166.615,53.901],[-166.572,53.853],[-166.497,53.884],[-166.372,53.999],[-166.231,53.933],[-166.489,53.786],[-166.546,53.726],[-166.549,53.701],[-166.385,53.721],[-166.339,53.718],[-166.309,53.697],[-166.702,53.537],[-166.77,53.476],[-167.154,53.408],[-167.3,53.35],[-167.429,53.326],[-167.522,53.276],[-167.629,53.259],[-167.669,53.26],[-167.809,53.324],[-167.71,53.371],[-167.53,53.394],[-167.136,53.526],[-167.092,53.636],[-167.042,53.655],[-167.016,53.698],[-166.894,53.697],[-166.819,53.641],[-166.804,53.685],[-166.741,53.713],[-166.89,53.759],[-167.072,53.783],[-167.106,53.813],[-167.118,53.873],[-167.038,53.942],[-166.978,53.963],[-166.673,54.006],[-166.627,53.996],[-166.615,53.901]]],[[[-166.21,53.723],[-166.249,53.745],[-166.251,53.768],[-166.188,53.822],[-166.114,53.843],[-166.103,53.833],[-166.139,53.787],[-166.21,53.723]]],[[[-167.964,53.345],[-168.271,53.238],[-168.506,53.043],[-169.089,52.832],[-169.073,52.864],[-168.909,52.951],[-168.796,53.045],[-168.778,53.149],[-168.69,53.227],[-168.639,53.256],[-168.437,53.257],[-168.38,53.283],[-168.363,53.304],[-168.397,53.322],[-168.396,53.409],[-168.357,53.458],[-168.288,53.5],[-168.073,53.557],[-167.986,53.558],[-167.828,53.508],[-167.805,53.485],[-167.865,53.387],[-167.964,53.345]]],[[[-169.692,52.847],[-169.723,52.792],[-169.877,52.814],[-169.981,52.806],[-169.992,52.83],[-169.983,52.851],[-169.821,52.883],[-169.755,52.884],[-169.692,52.847]]],[[[-170.733,52.581],[-170.797,52.55],[-170.816,52.562],[-170.827,52.601],[-170.682,52.698],[-170.585,52.668],[-170.614,52.61],[-170.733,52.581]]],[[[-174.677,52.035],[-175.214,51.994],[-175.296,52.022],[-174.668,52.135],[-174.306,52.216],[-174.259,52.269],[-174.407,52.296],[-174.436,52.317],[-174.307,52.378],[-174.169,52.42],[-174.046,52.367],[-174.018,52.332],[-174.055,52.246],[-174.163,52.223],[-174.179,52.2],[-174.121,52.135],[-174.344,52.078],[-174.677,52.035]]],[[[-172.465,52.272],[-172.539,52.257],[-172.62,52.273],[-172.582,52.326],[-172.47,52.388],[-172.383,52.373],[-172.314,52.33],[-172.465,52.272]]],[[[-173.553,52.136],[-173.357,52.096],[-173.113,52.1],[-173.024,52.091],[-173.023,52.079],[-173.461,52.042],[-173.673,52.063],[-173.836,52.048],[-173.93,52.072],[-173.99,52.104],[-173.993,52.123],[-173.939,52.131],[-173.794,52.104],[-173.657,52.144],[-173.553,52.136]]],[[[-176.022,52.002],[-176.045,51.973],[-176.143,52.004],[-176.178,52.03],[-176.185,52.056],[-176.156,52.099],[-176.077,52.1],[-176.031,52.082],[-175.975,52.029],[-176.022,52.002]]],[[[-176.593,51.867],[-176.588,51.833],[-176.473,51.837],[-176.437,51.82],[-176.437,51.754],[-176.452,51.736],[-176.511,51.746],[-176.558,51.712],[-176.771,51.63],[-176.837,51.676],[-176.962,51.604],[-176.874,51.79],[-176.736,51.84],[-176.745,51.895],[-176.698,51.986],[-176.597,51.982],[-176.55,51.944],[-176.552,51.92],[-176.593,51.867]]],[[[-177.148,51.717],[-177.23,51.694],[-177.475,51.701],[-177.655,51.677],[-177.67,51.701],[-177.668,51.721],[-177.335,51.776],[-177.257,51.805],[-177.21,51.841],[-177.166,51.909],[-177.11,51.929],[-177.063,51.902],[-177.135,51.807],[-177.148,51.717]]],[[[-177.879,51.65],[-177.901,51.616],[-177.925,51.617],[-178.059,51.673],[-178.078,51.691],[-178.0,51.717],[-177.977,51.738],[-177.986,51.764],[-178.195,51.882],[-178.117,51.916],[-177.954,51.918],[-177.866,51.86],[-177.8,51.84],[-177.644,51.826],[-177.771,51.778],[-177.827,51.686],[-177.879,51.65]]],[[[-176.009,51.812],[-176.093,51.79],[-176.204,51.835],[-176.194,51.886],[-176.009,51.812]]],[[[-176.287,51.792],[-176.35,51.733],[-176.396,51.76],[-176.414,51.841],[-176.379,51.861],[-176.28,51.803],[-176.287,51.792]]]]}},{"type":"Feature","properties":{},"geometry":{"type":"MultiPolygon","coordinates":[[[[-87.49,30.378],[-87.622,30.265],[-88.006,30.231],[-87.985,30.254],[-87.904,30.259],[-87.79,30.292],[-87.857,30.407],[-87.898,30.414],[-87.924,30.45],[-87.923,30.562],[-87.949,30.627],[-88.011,30.694],[-88.032,30.681],[-88.078,30.566],[-88.135,30.367],[-88.4,30.371],[-88.486,31.891],[-88.085,34.933],[-88.203,35.024],[-85.624,35.001],[-85.201,32.956],[-85.157,32.804],[-85.015,32.526],[-84.974,32.409],[-84.986,32.361],[-84.969,32.32],[-84.922,32.286],[-84.93,32.247],[-84.993,32.202],[-85.035,32.147],[-85.124,31.881],[-85.125,31.777],[-85.055,31.573],[-85.093,31.296],[-85.067,31.118],[-85.007,31.002],[-87.594,31.001],[-87.601,30.861],[-87.566,30.796],[-87.422,30.672],[-87.408,30.641],[-87.434,30.546],[-87.429,30.478],[-87.49,30.378]]],[[[-88.071,30.252],[-88.159,30.231],[-88.316,30.24],[-88.109,30.274],[-88.071,30.252]]]]}},{"type":"Feature","properties":{},"geometry":{"type":"MultiPolygon","coordinates":[[[[-89.705,36.002],[-89.689,35.921],[-89.764,35.889],[-89.764,35.828],[-89.78,35.806],[-89.895,35.751],[-89.944,35.679],[-89.927,35.592],[-89.967,35.503],[-90.066,35.414],[-90.108,35.314],[-90.093,35.204],[-90.142,35.114],[-90.256,35.046],[-90.294,35.004],[-90.282,34.945],[-90.32,34.899],[-90.416,34.852],[-90.468,34.805],[-90.475,34.76],[-90.539,34.728],[-90.564,34.661],[-90.584,34.504],[-90.635,34.414],[-90.718,34.392],[-90.762,34.356],[-90.768,34.308],[-90.817,34.252],[-90.91,34.189],[-90.94,34.129],[-90.909,34.072],[-90.915,34.049],[-91.043,34.003],[-91.07,33.974],[-91.038,33.901],[-91.053,33.828],[-91.1,33.767],[-91.184,33.716],[-91.207,33.676],[-91.17,33.647],[-91.173,33.617],[-91.215,33.583],[-91.193,33.523],[-91.154,33.5],[-91.141,33.439],[-91.168,33.359],[-91.163,33.294],[-91.107,33.218],[-91.15,33.016],[-94.041,33.012],[-94.047,33.554],[-94.099,33.577],[-94.192,33.589],[-94.295,33.587],[-94.358,33.561],[-94.432,33.6],[-94.484,33.648],[-94.439,35.387],[-94.618,36.501],[-90.162,36.501],[-90.074,36.372],[-90.076,36.297],[-90.149,36.216],[-90.216,36.178],[-90.303,36.099],[-90.381,35.993],[-89.705,36.002]]]]}},{"type":"Feature","properties":{},"geometry":{"type":"MultiPolygon","coordinates":[[[[-109.048,31.328],[-111.042,31.324],[-114.836,32.508],[-114.788,32.565],[-114.721,32.724],[-114.582,32.735],[-114.516,32.773],[-114.478,32.842],[-114.469,32.912],[-114.491,32.984],[-114.551,33.037],[-114.648,33.072],[-114.704,33.17],[-114.719,33.331],[-114.702,33.418],[-114.651,33.431],[-114.603,33.47],[-114.522,33.608],[-114.499,33.686],[-114.509,33.904],[-114.418,34.051],[-114.329,34.142],[-114.126,34.287],[-114.125,34.317],[-114.159,34.355],[-114.308,34.433],[-114.371,34.488],[-114.398,34.59],[-114.557,34.795],[-114.611,34.907],[-114.591,35.353],[-114.649,35.476],[-114.662,35.545],[-114.645,35.631],[-114.65,35.684],[-114.677,35.73],[-114.687,35.917],[-114.741,36.014],[-114.716,36.085],[-114.669,36.122],[-114.505,36.156],[-114.406,36.148],[-114.332,36.116],[-114.282,36.06],[-114.232,36.032],[-114.183,36.03],[-114.119,36.077],[-114.062,36.175],[-114.043,36.182],[-114.04,37.004],[-109.047,37.001],[-109.048,31.328]]]]}},{"type":"Feature","properties":{},"geometry":{"type":"MultiPolygon","coordinates":[[[[-114.611,34.991],[-114.611,34.907],[-114.557,34.795],[-114.398,34.59],[-114.371,34.488],[-114.308,34.433],[-114.159,34.355],[-114.125,34.317],[-114.126,34.287],[-114.329,34.142],[-114.418,34.051],[-114.509,33.904],[-114.499,33.686],[-114.522,33.608],[-114.603,33.47],[-114.651,33.431],[-114.702,33.418],[-114.719,33.331],[-114.704,33.17],[-114.648,33.072],[-114.551,33.037],[-114.491,32.984],[-114.469,32.912],[-114.478,32.842],[-114.516,32.773],[-114.582,32.735],[-114.839,32.705],[-117.128,32.533],[-117.137,32.649],[-117.184,32.688],[-117.243,32.664],[-117.271,32.806],[-117.256,32.873],[-117.263,32.939],[-117.319,33.1],[-117.467,33.295],[-117.789,33.538],[-117.952,33.62],[-118.081,33.722],[-118.162,33.751],[-118.264,33.759],[-118.294,33.712],[-118.41,33.744],[-118.393,33.858],[-118.506,34.017],[-118.599,34.035],[-118.832,34.024],[-119.144,34.112],[-119.236,34.164],[-119.268,34.257],[-119.414,34.339],[-119.606,34.418],[-119.713,34.4],[-119.853,34.412],[-120.053,34.469],[-120.17,34.476],[-120.396,34.46],[-120.481,34.472],[-120.56,34.544],[-120.645,34.58],[-120.627,34.669],[-120.638,34.749],[-120.625,34.812],[-120.663,34.949],[-120.634,35.076],[-120.659,35.122],[-120.707,35.158],[-120.857,35.21],[-120.885,35.275],[-120.86,35.365],[-120.9,35.425],[-121.023,35.481],[-121.138,35.607],[-121.284,35.676],[-121.344,35.792],[-121.434,35.864],[-121.465,35.927],[-121.664,36.154],[-121.877,36.331],[-121.91,36.433],[-121.919,36.572],[-121.835,36.657],[-121.79,36.732],[-121.807,36.851],[-121.881,36.939],[-122.164,36.991],[-122.395,37.208],[-122.408,37.373],[-122.499,37.543],[-122.514,37.772],[-122.446,37.798],[-122.384,37.789],[-122.39,37.741],[-122.37,37.656],[-122.298,37.592],[-122.229,37.564],[-122.166,37.502],[-122.071,37.478],[-122.124,37.544],[-122.222,37.732],[-122.296,37.79],[-122.333,37.897],[-122.385,37.961],[-122.314,38.007],[-122.217,38.041],[-122.087,38.05],[-121.717,38.034],[-121.638,38.061],[-121.525,38.056],[-121.626,38.084],[-121.881,38.075],[-122.032,38.124],[-122.154,38.066],[-122.208,38.073],[-122.337,38.136],[-122.393,38.145],[-122.484,38.109],[-122.495,37.954],[-122.467,37.838],[-122.521,37.826],[-122.584,37.874],[-122.681,37.902],[-122.76,37.946],[-122.932,38.055],[-122.999,37.989],[-123.001,38.019],[-122.968,38.097],[-122.978,38.227],[-122.877,38.123],[-122.908,38.197],[-122.987,38.277],[-123.046,38.305],[-123.121,38.449],[-123.29,38.536],[-123.425,38.676],[-123.701,38.907],[-123.72,39.111],[-123.82,39.368],[-123.778,39.515],[-123.784,39.619],[-123.833,39.776],[-123.884,39.861],[-124.109,40.095],[-124.324,40.252],[-124.357,40.371],[-124.372,40.491],[-124.284,40.711],[-124.254,40.74],[-124.242,40.728],[-124.251,40.704],[-124.22,40.696],[-124.19,40.772],[-124.222,40.775],[-124.219,40.791],[-124.133,40.97],[-124.14,41.156],[-124.069,41.384],[-124.072,41.46],[-124.118,41.622],[-124.163,41.719],[-124.245,41.788],[-124.209,41.889],[-124.212,41.985],[-124.228,42.001],[-120.001,42.001],[-120.0,39.0],[-118.126,37.692],[-116.66,36.59],[-114.611,34.991]]],[[[-119.882,34.08],[-119.679,34.028],[-119.569,34.053],[-119.549,34.028],[-119.562,34.007],[-119.81,33.968],[-119.886,33.995],[-119.918,34.068],[-119.882,34.08]]],[[[-120.307,34.025],[-120.442,34.033],[-120.368,34.073],[-120.307,34.025]]],[[[-120.044,33.919],[-120.114,33.905],[-120.167,33.918],[-120.252,34.014],[-120.072,34.027],[-119.984,33.973],[-120.044,33.919]]],[[[-118.348,33.386],[-118.297,33.312],[-118.446,33.317],[-118.492,33.413],[-118.559,33.432],[-118.569,33.464],[-118.555,33.477],[-118.348,33.386]]],[[[-119.438,33.217],[-119.544,33.225],[-119.575,33.278],[-119.479,33.275],[-119.438,33.217]]],[[[-118.35,32.828],[-118.409,32.819],[-118.473,32.839],[-118.59,33.011],[-118.557,33.033],[-118.507,32.96],[-118.35,32.828]]]]}},{"type":"Feature","properties":{},"geometry":{"type":"MultiPolygon","coordinates":[[[[-109.047,37.001],[-109.046,41.001],[-102.025,41.001],[-102.013,37.001],[-109.047,37.001]]]]}},{"type":"Feature","properties":{},"geometry":{"type":"MultiPolygon","coordinates":[[[[-71.801,42.012],[-71.796,41.52],[-71.805,41.417],[-71.83,41.393],[-71.842,41.336],[-71.93,41.341],[-72.265,41.292],[-72.371,41.312],[-72.479,41.276],[-72.847,41.266],[-72.925,41.285],[-73.024,41.216],[-73.182,41.176],[-73.63,40.992],[-73.723,41.105],[-73.484,41.219],[-73.545,41.296],[-73.481,42.056],[-72.808,42.034],[-72.806,42.008],[-72.763,42.011],[-72.758,42.034],[-71.802,42.023],[-71.801,42.012]]]]}},{"type":"Feature","properties":{},"geometry":{"type":"MultiPolygon","coordinates":[[[[-77.03,38.889],[-77.053,38.915],[-77.122,38.944],[-77.042,39.012],[-76.931,38.888],[-77.02,38.807],[-77.03,38.889]]]]}},{"type":"Feature","properties":{},"geometry":{"type":"MultiPolygon","coordinates":[[[[-75.038,38.456],[-75.707,38.455],[-75.785,39.722],[-75.677,39.827],[-75.51,39.843],[-75.421,39.815],[-75.588,39.641],[-75.567,39.553],[-75.574,39.477],[-75.413,39.281],[-75.392,39.093],[-75.31,38.967],[-75.185,38.819],[-75.089,38.778],[-75.084,38.723],[-75.128,38.632],[-75.187,38.591],[-75.111,38.599],[-75.073,38.579],[-75.036,38.503],[-75.038,38.456]]]]}},{"type":"Feature","properties":{},"geometry":{"type":"MultiPolygon","coordinates":[[[[-87.49,30.378],[-87.429,30.478],[-87.434,30.546],[-87.408,30.641],[-87.422,30.672],[-87.566,30.796],[-87.601,30.861],[-87.594,31.001],[-85.007,31.002],[-84.887,30.759],[-84.884,30.721],[-82.24,30.566],[-82.194,30.393],[-82.112,30.371],[-82.062,30.405],[-82.03,30.478],[-82.022,30.56],[-82.041,30.653],[-82.038,30.732],[-82.013,30.778],[-81.957,30.814],[-81.88,30.806],[-81.673,30.74],[-81.504,30.731],[-81.457,30.641],[-81.386,30.27],[-81.337,30.141],[-81.25,29.794],[-81.105,29.457],[-80.9,29.05],[-80.524,28.486],[-80.568,28.426],[-80.585,28.272],[-80.573,28.181],[-80.457,27.901],[-80.5,27.934],[-80.61,28.178],[-80.623,28.32],[-80.607,28.523],[-80.633,28.518],[-80.665,28.375],[-80.693,28.345],[-80.732,28.463],[-80.729,28.516],[-80.688,28.579],[-80.7,28.601],[-80.766,28.633],[-80.78,28.683],[-80.771,28.732],[-80.809,28.759],[-80.838,28.758],[-80.749,28.381],[-80.686,28.272],[-80.226,27.207],[-80.126,27.083],[-80.089,26.994],[-80.05,26.808],[-80.041,26.569],[-80.111,26.132],[-80.126,25.834],[-80.143,25.874],[-80.159,25.878],[-80.219,25.742],[-80.301,25.619],[-80.328,25.427],[-80.367,25.331],[-80.485,25.23],[-80.558,25.232],[-80.737,25.156],[-80.862,25.176],[-81.012,25.133],[-81.11,25.138],[-81.167,25.229],[-81.136,25.31],[-81.098,25.319],[-80.965,25.224],[-80.94,25.264],[-80.98,25.312],[-81.113,25.367],[-81.227,25.583],[-81.345,25.732],[-81.365,25.831],[-81.568,25.892],[-81.716,25.983],[-81.811,26.146],[-81.867,26.435],[-81.959,26.49],[-81.829,26.687],[-81.921,26.631],[-81.97,26.552],[-82.006,26.54],[-82.04,26.552],[-82.078,26.704],[-82.067,26.892],[-82.013,26.962],[-82.096,26.963],[-82.181,26.937],[-82.169,26.874],[-82.181,26.84],[-82.29,26.871],[-82.441,27.06],[-82.62,27.401],[-82.715,27.5],[-82.636,27.525],[-82.431,27.771],[-82.401,27.835],[-82.406,27.863],[-82.446,27.903],[-82.498,27.868],[-82.521,27.878],[-82.58,27.958],[-82.636,27.981],[-82.675,27.964],[-82.634,27.898],[-82.597,27.873],[-82.611,27.777],[-82.661,27.718],[-82.715,27.733],[-82.743,27.709],[-82.808,27.777],[-82.844,27.846],[-82.749,28.237],[-82.661,28.486],[-82.651,28.887],[-82.769,29.052],[-83.29,29.452],[-83.694,29.926],[-84.044,30.104],[-84.31,30.065],[-84.356,30.029],[-84.375,29.982],[-84.359,29.929],[-84.383,29.907],[-84.55,29.898],[-84.801,29.773],[-84.889,29.778],[-85.029,29.721],[-85.319,29.68],[-85.376,29.695],[-85.414,29.768],[-85.414,29.842],[-85.383,29.785],[-85.336,29.74],[-85.315,29.758],[-85.307,29.798],[-85.354,29.876],[-85.504,29.976],[-85.676,30.122],[-85.623,30.117],[-85.61,30.148],[-85.663,30.189],[-85.604,30.287],[-85.676,30.279],[-85.741,30.244],[-85.756,30.167],[-86.175,30.333],[-86.454,30.399],[-86.24,30.429],[-86.124,30.406],[-86.166,30.464],[-86.257,30.493],[-86.374,30.482],[-86.448,30.496],[-86.68,30.403],[-87.201,30.339],[-87.124,30.397],[-86.986,30.431],[-86.965,30.502],[-86.998,30.57],[-87.034,30.554],[-87.072,30.5],[-87.119,30.539],[-87.171,30.539],[-87.185,30.454],[-87.251,30.397],[-87.281,30.339],[-87.476,30.294],[-87.501,30.309],[-87.444,30.364],[-87.448,30.394],[-87.49,30.378]]],[[[-84.908,29.643],[-85.008,29.607],[-85.117,29.633],[-85.001,29.627],[-84.812,29.718],[-84.737,29.732],[-84.908,29.643]]],[[[-80.187,27.278],[-80.171,27.205],[-80.262,27.376],[-80.376,27.643],[-80.437,27.851],[-80.396,27.795],[-80.187,27.278]]],[[[-82.084,26.552],[-82.085,26.494],[-82.169,26.701],[-82.121,26.666],[-82.084,26.552]]],[[[-82.037,26.454],[-82.073,26.428],[-82.145,26.447],[-82.184,26.481],[-82.201,26.548],[-82.116,26.461],[-82.037,26.454]]],[[[-80.382,25.142],[-80.581,24.954],[-80.456,25.149],[-80.404,25.179],[-80.355,25.234],[-80.351,25.297],[-80.257,25.348],[-80.382,25.142]]],[[[-81.044,24.717],[-81.09,24.693],[-81.137,24.711],[-81.085,24.734],[-80.93,24.759],[-81.044,24.717]]],[[[-81.335,24.65],[-81.365,24.63],[-81.379,24.636],[-81.379,24.666],[-81.42,24.75],[-81.322,24.685],[-81.335,24.65]]],[[[-81.567,24.6],[-81.632,24.59],[-81.579,24.629],[-81.562,24.689],[-81.532,24.642],[-81.532,24.614],[-81.567,24.6]]]]}},{"type":"Feature","properties":{},"geometry":{"type":"MultiPolygon","coordinates":[[[[-85.007,31.002],[-85.067,31.118],[-85.093,31.296],[-85.055,31.573],[-85.125,31.777],[-85.124,31.881],[-85.035,32.147],[-84.993,32.202],[-84.93,32.247],[-84.922,32.286],[-84.969,32.32],[-84.986,32.361],[-84.974,32.409],[-85.015,32.526],[-85.157,32.804],[-85.201,32.956],[-85.624,35.001],[-84.325,34.988],[-83.115,35.001],[-83.17,34.933],[-83.317,34.806],[-83.356,34.708],[-83.167,34.6],[-83.053,34.511],[-82.976,34.476],[-82.897,34.466],[-82.848,34.437],[-82.819,34.366],[-82.589,34.017],[-82.352,33.838],[-82.257,33.749],[-82.208,33.664],[-82.006,33.523],[-81.936,33.447],[-81.933,33.39],[-81.909,33.349],[-81.864,33.325],[-81.78,33.195],[-81.699,33.127],[-81.578,33.069],[-81.49,32.936],[-81.434,32.728],[-81.377,32.607],[-81.29,32.557],[-81.172,32.38],[-81.133,32.275],[-81.135,32.182],[-81.075,32.11],[-80.872,32.03],[-80.923,31.945],[-81.113,31.879],[-81.065,31.813],[-81.066,31.788],[-81.098,31.753],[-81.162,31.744],[-81.198,31.704],[-81.166,31.646],[-81.17,31.61],[-81.242,31.574],[-81.259,31.539],[-81.175,31.531],[-81.295,31.371],[-81.381,31.353],[-81.378,31.332],[-81.329,31.314],[-81.288,31.264],[-81.365,31.172],[-81.442,31.2],[-81.471,31.009],[-81.52,30.875],[-81.504,30.731],[-81.673,30.74],[-81.88,30.806],[-81.957,30.814],[-82.013,30.778],[-82.038,30.732],[-82.041,30.653],[-82.022,30.56],[-82.03,30.478],[-82.062,30.405],[-82.112,30.371],[-82.194,30.393],[-82.24,30.566],[-84.884,30.721],[-84.887,30.759],[-85.007,31.002]]],[[[-81.419,30.971],[-81.463,30.728],[-81.485,30.898],[-81.419,30.971]]]]}},{"type":"Feature","properties":{},"geometry":{"type":"MultiPolygon","coordinates":[[[[-159.373,21.932],[-159.461,21.876],[-159.512,21.9],[-159.609,21.91],[-159.646,21.952],[-159.748,21.99],[-159.789,22.042],[-159.727,22.14],[-159.579,22.223],[-159.352,22.22],[-159.305,22.154],[-159.301,22.105],[-159.33,22.051],[-159.344,21.974],[-159.373,21.932]]],[[[-160.18,21.841],[-160.2,21.797],[-160.235,21.804],[-160.243,21.843],[-160.221,21.897],[-160.101,22.015],[-160.049,22.005],[-160.077,21.958],[-160.08,21.907],[-160.153,21.879],[-160.18,21.841]]],[[[-157.799,21.457],[-157.721,21.458],[-157.706,21.378],[-157.635,21.308],[-157.691,21.28],[-157.799,21.269],[-157.849,21.291],[-157.902,21.341],[-157.958,21.327],[-157.978,21.378],[-158.017,21.368],[-157.981,21.316],[-158.11,21.319],[-158.138,21.377],[-158.239,21.489],[-158.239,21.533],[-158.273,21.585],[-158.123,21.6],[-158.02,21.692],[-157.962,21.701],[-157.851,21.553],[-157.854,21.512],[-157.83,21.471],[-157.799,21.457]]],[[[-157.214,21.215],[-157.002,21.188],[-156.952,21.2],[-156.917,21.177],[-156.712,21.155],[-156.748,21.104],[-156.86,21.056],[-157.021,21.098],[-157.29,21.113],[-157.254,21.181],[-157.25,21.23],[-157.214,21.215]]],[[[-156.487,20.933],[-156.461,20.915],[-156.278,20.951],[-156.148,20.885],[-155.99,20.757],[-156.014,20.715],[-156.107,20.645],[-156.235,20.629],[-156.31,20.599],[-156.409,20.605],[-156.438,20.618],[-156.48,20.801],[-156.544,20.79],[-156.615,20.822],[-156.69,20.901],[-156.698,20.949],[-156.657,21.025],[-156.585,21.034],[-156.487,20.933]]],[[[-156.85,20.773],[-156.909,20.744],[-156.973,20.758],[-156.988,20.826],[-157.051,20.912],[-156.942,20.93],[-156.881,20.905],[-156.809,20.831],[-156.85,20.773]]],[[[-155.581,19.012],[-155.626,18.964],[-155.681,18.968],[-155.881,19.071],[-155.906,19.126],[-155.891,19.383],[-155.966,19.591],[-156.049,19.75],[-155.988,19.832],[-155.909,19.895],[-155.82,20.014],[-155.893,20.167],[-155.874,20.26],[-155.832,20.276],[-155.622,20.163],[-155.199,19.994],[-155.086,19.876],[-155.066,19.748],[-154.989,19.732],[-154.953,19.645],[-154.841,19.568],[-154.804,19.524],[-154.85,19.454],[-155.053,19.319],[-155.31,19.26],[-155.535,19.109],[-155.581,19.012]]]]}},{"type":"Feature","properties":{},"geometry":{"type":"MultiPolygon","coordinates":[[[[-91.442,40.379],[-91.53,40.432],[-91.545,40.469],[-91.617,40.507],[-91.627,40.531],[-91.682,40.552],[-91.732,40.625],[-95.765,40.602],[-95.826,40.676],[-95.859,40.745],[-95.838,40.778],[-95.834,40.889],[-95.847,41.08],[-95.871,41.188],[-95.907,41.212],[-95.911,41.245],[-95.884,41.288],[-95.892,41.316],[-95.936,41.331],[-95.95,41.367],[-95.933,41.425],[-95.944,41.461],[-95.982,41.474],[-95.997,41.494],[-95.991,41.52],[-96.011,41.538],[-96.059,41.546],[-96.078,41.611],[-96.069,41.734],[-96.087,41.821],[-96.131,41.872],[-96.154,41.92],[-96.154,41.965],[-96.201,42.036],[-96.295,42.133],[-96.356,42.26],[-96.384,42.418],[-96.451,42.506],[-96.481,42.511],[-96.539,42.659],[-96.622,42.73],[-96.616,42.791],[-96.563,42.859],[-96.461,43.13],[-96.49,43.206],[-96.563,43.243],[-96.57,43.283],[-96.535,43.338],[-96.599,43.498],[-91.245,43.502],[-91.219,43.395],[-91.117,43.331],[-91.107,43.278],[-91.148,43.2],[-91.161,43.102],[-91.118,42.882],[-91.07,42.789],[-90.96,42.72],[-90.789,42.677],[-90.688,42.61],[-90.657,42.521],[-90.59,42.445],[-90.485,42.383],[-90.425,42.326],[-90.41,42.272],[-90.347,42.215],[-90.168,42.1],[-90.149,42.054],[-90.152,41.982],[-90.177,41.884],[-90.218,41.813],[-90.276,41.77],[-90.319,41.71],[-90.348,41.632],[-90.437,41.56],[-90.587,41.495],[-90.754,41.45],[-90.939,41.426],[-91.048,41.369],[-91.082,41.28],[-91.067,41.206],[-91.001,41.146],[-90.964,41.083],[-90.954,41.016],[-91.0,40.905],[-91.102,40.75],[-91.215,40.65],[-91.339,40.604],[-91.394,40.537],[-91.381,40.448],[-91.391,40.397],[-91.442,40.379]]]]}},{"type":"Feature","properties":{},"geometry":{"type":"MultiPolygon","coordinates":[[[[-117.039,48.993],[-116.048,48.993],[-116.049,48.005],[-115.862,47.842],[-115.718,47.681],[-115.691,47.607],[-115.711,47.553],[-115.67,47.498],[-115.677,47.471],[-115.713,47.447],[-115.486,47.312],[-115.307,47.231],[-115.034,46.991],[-114.936,46.923],[-114.887,46.845],[-114.786,46.777],[-114.754,46.735],[-114.662,46.746],[-114.631,46.719],[-114.624,46.678],[-114.563,46.65],[-114.381,46.668],[-114.337,46.659],[-114.332,46.601],[-114.346,46.551],[-114.387,46.5],[-114.38,46.453],[-114.444,46.271],[-114.447,46.199],[-114.485,46.158],[-114.464,46.11],[-114.478,46.036],[-114.416,45.982],[-114.397,45.891],[-114.523,45.815],[-114.534,45.782],[-114.496,45.686],[-114.533,45.633],[-114.529,45.576],[-114.298,45.488],[-114.117,45.579],[-114.006,45.658],[-113.992,45.693],[-113.943,45.682],[-113.802,45.601],[-113.8,45.54],[-113.766,45.503],[-113.756,45.441],[-113.697,45.305],[-113.557,45.14],[-113.504,45.109],[-113.447,45.029],[-113.438,44.994],[-113.469,44.93],[-113.461,44.904],[-113.339,44.808],[-113.234,44.81],[-113.141,44.765],[-113.063,44.665],[-113.054,44.605],[-113.006,44.539],[-113.0,44.48],[-112.854,44.398],[-112.816,44.406],[-112.787,44.463],[-112.716,44.498],[-112.375,44.47],[-112.32,44.533],[-112.231,44.561],[-112.074,44.548],[-111.892,44.555],[-111.797,44.54],[-111.659,44.56],[-111.5,44.545],[-111.475,44.565],[-111.491,44.624],[-111.448,44.711],[-111.373,44.746],[-111.304,44.723],[-111.161,44.556],[-111.051,44.499],[-111.05,42.001],[-117.017,42.001],[-117.02,43.813],[-116.958,43.964],[-116.944,44.038],[-116.961,44.079],[-116.95,44.119],[-116.911,44.157],[-116.912,44.199],[-116.953,44.245],[-117.029,44.276],[-117.14,44.29],[-117.197,44.344],[-117.202,44.436],[-117.119,44.578],[-116.949,44.77],[-116.856,44.906],[-116.84,44.985],[-116.549,45.457],[-116.477,45.641],[-116.521,45.722],[-116.617,45.799],[-116.765,45.873],[-116.869,45.958],[-116.93,46.056],[-116.948,46.124],[-116.922,46.164],[-116.943,46.232],[-117.039,46.397],[-117.025,46.429],[-117.039,48.993]]]]}},{"type":"Feature","properties":{},"geometry":{"type":"MultiPolygon","coordinates":[[[[-91.442,40.379],[-91.391,40.397],[-91.381,40.448],[-91.394,40.537],[-91.339,40.604],[-91.215,40.65],[-91.102,40.75],[-91.0,40.905],[-90.954,41.016],[-90.964,41.083],[-91.001,41.146],[-91.067,41.206],[-91.082,41.28],[-91.048,41.369],[-90.939,41.426],[-90.754,41.45],[-90.587,41.495],[-90.437,41.56],[-90.348,41.632],[-90.319,41.71],[-90.276,41.77],[-90.218,41.813],[-90.177,41.884],[-90.152,41.982],[-90.149,42.054],[-90.168,42.1],[-90.347,42.215],[-90.41,42.272],[-90.425,42.326],[-90.485,42.383],[-90.59,42.445],[-90.651,42.513],[-87.039,42.493],[-87.221,41.761],[-87.521,41.761],[-87.533,39.375],[-87.579,39.344],[-87.611,39.291],[-87.603,39.234],[-87.615,39.193],[-87.647,39.169],[-87.632,39.107],[-87.568,39.007],[-87.53,38.909],[-87.518,38.812],[-87.529,38.742],[-87.584,38.679],[-87.636,38.543],[-87.681,38.488],[-87.735,38.47],[-87.784,38.419],[-87.827,38.336],[-87.873,38.295],[-87.921,38.298],[-87.957,38.282],[-87.98,38.249],[-87.977,38.214],[-87.949,38.178],[-87.958,38.144],[-88.006,38.113],[-87.99,38.089],[-88.026,38.06],[-88.045,38.013],[-88.042,37.937],[-88.059,37.898],[-88.091,37.897],[-88.095,37.876],[-88.042,37.789],[-88.129,37.7],[-88.14,37.621],[-88.108,37.534],[-88.191,37.465],[-88.389,37.411],[-88.495,37.364],[-88.507,37.324],[-88.446,37.12],[-88.472,37.088],[-88.614,37.11],[-88.873,37.186],[-89.046,37.183],[-89.135,37.102],[-89.165,37.042],[-89.154,36.992],[-89.272,37.08],[-89.292,37.071],[-89.286,37.023],[-89.301,37.012],[-89.352,37.036],[-89.414,37.102],[-89.487,37.213],[-89.503,37.301],[-89.462,37.366],[-89.462,37.434],[-89.523,37.576],[-89.523,37.645],[-89.623,37.747],[-89.823,37.884],[-90.174,38.069],[-90.299,38.174],[-90.366,38.254],[-90.374,38.31],[-90.317,38.458],[-90.132,38.819],[-90.134,38.847],[-90.22,38.898],[-90.478,38.948],[-90.577,38.91],[-90.664,38.987],[-90.737,39.182],[-90.919,39.387],[-91.21,39.603],[-91.379,39.749],[-91.426,39.827],[-91.502,40.098],[-91.5,40.226],[-91.442,40.379]]]]}},{"type":"Feature","properties":{},"geometry":{"type":"MultiPolygon","coordinates":[[[[-88.042,37.789],[-88.095,37.876],[-88.091,37.897],[-88.059,37.898],[-88.042,37.937],[-88.045,38.013],[-88.026,38.06],[-87.99,38.089],[-88.006,38.113],[-87.958,38.144],[-87.949,38.178],[-87.977,38.214],[-87.98,38.249],[-87.957,38.282],[-87.921,38.298],[-87.873,38.295],[-87.827,38.336],[-87.784,38.419],[-87.735,38.47],[-87.681,38.488],[-87.636,38.543],[-87.584,38.679],[-87.529,38.742],[-87.518,38.812],[-87.53,38.909],[-87.568,39.007],[-87.632,39.107],[-87.647,39.169],[-87.615,39.193],[-87.603,39.234],[-87.611,39.291],[-87.579,39.344],[-87.533,39.375],[-87.521,41.761],[-84.796,41.76],[-84.822,39.092],[-84.861,39.04],[-84.835,38.996],[-84.837,38.961],[-84.864,38.933],[-84.854,38.913],[-84.807,38.9],[-84.79,38.868],[-84.801,38.819],[-84.901,38.77],[-85.17,38.69],[-85.307,38.737],[-85.405,38.73],[-85.445,38.683],[-85.425,38.597],[-85.459,38.53],[-85.546,38.484],[-85.609,38.423],[-85.646,38.347],[-85.706,38.301],[-85.788,38.285],[-85.855,38.215],[-85.906,38.091],[-85.961,38.014],[-86.021,37.984],[-86.103,37.992],[-86.208,38.037],[-86.268,38.083],[-86.315,38.164],[-86.361,38.179],[-86.365,38.145],[-86.43,38.14],[-86.457,38.12],[-86.448,38.086],[-86.463,38.062],[-86.5,38.048],[-86.549,37.917],[-86.599,37.875],[-86.673,37.889],[-86.77,37.96],[-86.869,37.976],[-86.969,37.938],[-87.044,37.886],[-87.094,37.821],[-87.141,37.805],[-87.209,37.855],[-87.372,37.923],[-87.457,37.938],[-87.518,37.922],[-87.561,37.929],[-87.587,37.956],[-87.615,37.849],[-87.643,37.833],[-87.665,37.846],[-87.679,37.886],[-87.714,37.9],[-87.77,37.885],[-87.874,37.916],[-87.906,37.902],[-87.912,37.818],[-87.938,37.794],[-88.022,37.8],[-88.042,37.789]]]]}},{"type":"Feature","properties":{},"geometry":{"type":"MultiPolygon","coordinates":[[[[-102.013,37.001],[-102.024,40.001],[-95.347,40.001],[-95.116,39.872],[-94.984,39.891],[-94.93,39.861],[-94.893,39.782],[-94.899,39.741],[-94.946,39.739],[-95.005,39.692],[-95.075,39.597],[-95.058,39.509],[-94.953,39.426],[-94.882,39.343],[-94.847,39.259],[-94.778,39.194],[-94.622,39.124],[-94.618,37.001],[-102.013,37.001]]]]}},{"type":"Feature","properties":{},"geometry":{"type":"MultiPolygon","coordinates":[[[[-89.154,36.992],[-89.165,37.042],[-89.135,37.102],[-89.046,37.183],[-88.873,37.186],[-88.614,37.11],[-88.472,37.088],[-88.446,37.12],[-88.507,37.324],[-88.495,37.364],[-88.389,37.411],[-88.191,37.465],[-88.108,37.534],[-88.14,37.621],[-88.129,37.7],[-88.073,37.771],[-88.022,37.8],[-87.938,37.794],[-87.912,37.818],[-87.906,37.902],[-87.892,37.913],[-87.77,37.885],[-87.714,37.9],[-87.679,37.886],[-87.665,37.846],[-87.643,37.833],[-87.615,37.849],[-87.587,37.956],[-87.561,37.929],[-87.518,37.922],[-87.457,37.938],[-87.372,37.923],[-87.209,37.855],[-87.141,37.805],[-87.094,37.821],[-87.044,37.886],[-86.969,37.938],[-86.869,37.976],[-86.77,37.96],[-86.673,37.889],[-86.599,37.875],[-86.549,37.917],[-86.5,38.048],[-86.463,38.062],[-86.448,38.086],[-86.457,38.12],[-86.43,38.14],[-86.365,38.145],[-86.361,38.179],[-86.315,38.164],[-86.268,38.083],[-86.208,38.037],[-86.103,37.992],[-86.021,37.984],[-85.961,38.014],[-85.906,38.091],[-85.855,38.215],[-85.788,38.285],[-85.706,38.301],[-85.646,38.347],[-85.609,38.423],[-85.546,38.484],[-85.459,38.53],[-85.425,38.597],[-85.445,38.683],[-85.405,38.73],[-85.307,38.737],[-85.17,38.69],[-84.901,38.77],[-84.801,38.819],[-84.79,38.868],[-84.807,38.9],[-84.854,38.913],[-84.864,38.933],[-84.837,38.961],[-84.835,38.996],[-84.861,39.04],[-84.837,39.083],[-84.766,39.125],[-84.707,39.129],[-84.661,39.094],[-84.595,39.086],[-84.509,39.103],[-84.43,39.091],[-84.358,39.05],[-84.29,38.975],[-84.227,38.865],[-84.113,38.798],[-83.948,38.774],[-83.828,38.731],[-83.752,38.669],[-83.69,38.65],[-83.538,38.7],[-83.357,38.627],[-83.203,38.639],[-83.0,38.714],[-82.88,38.71],[-82.845,38.628],[-82.758,38.541],[-82.589,38.42],[-82.578,38.272],[-82.62,38.182],[-82.618,38.15],[-82.482,37.984],[-82.472,37.938],[-82.394,37.828],[-82.28,37.687],[-82.103,37.571],[-81.965,37.54],[-82.343,37.297],[-82.682,37.138],[-82.732,37.048],[-82.832,36.979],[-82.895,36.906],[-83.044,36.846],[-83.15,36.762],[-83.417,36.681],[-83.566,36.653],[-83.73,36.587],[-86.508,36.665],[-87.839,36.644],[-87.869,36.675],[-88.096,36.693],[-88.057,36.59],[-88.059,36.5],[-89.45,36.5],[-89.397,36.588],[-89.331,36.616],[-89.256,36.594],[-89.203,36.626],[-89.156,36.716],[-89.13,36.811],[-89.122,36.912],[-89.154,36.992]]]]}},{"type":"Feature","properties":{},"geometry":{"type":"MultiPolygon","coordinates":[[[[-94.041,33.012],[-91.15,33.016],[-91.144,32.967],[-91.096,32.938],[-91.093,32.885],[-91.136,32.809],[-91.136,32.756],[-91.092,32.726],[-91.094,32.694],[-91.142,32.661],[-91.15,32.625],[-91.101,32.541],[-91.104,32.49],[-91.059,32.424],[-90.99,32.381],[-90.945,32.331],[-90.938,32.277],[-90.948,32.24],[-91.075,32.131],[-91.093,32.046],[-91.157,31.971],[-91.286,31.884],[-91.373,31.774],[-91.459,31.555],[-91.506,31.519],[-91.529,31.449],[-91.529,31.345],[-91.559,31.288],[-91.618,31.277],[-91.631,31.218],[-91.596,31.11],[-91.611,31.065],[-91.653,31.03],[-91.656,31.002],[-89.735,31.001],[-89.765,30.886],[-89.835,30.731],[-89.82,30.611],[-89.686,30.463],[-89.592,30.223],[-89.521,30.193],[-89.588,30.166],[-89.954,30.269],[-90.045,30.351],[-90.225,30.379],[-90.332,30.278],[-90.413,30.14],[-90.285,30.065],[-90.175,30.029],[-89.994,30.059],[-89.894,30.126],[-89.812,30.124],[-89.737,30.172],[-89.668,30.145],[-89.665,30.117],[-89.815,30.007],[-89.744,29.93],[-89.632,29.904],[-89.59,29.915],[-89.563,30.002],[-89.494,30.058],[-89.401,30.046],[-89.414,30.011],[-89.358,29.921],[-89.354,29.82],[-89.531,29.772],[-89.591,29.725],[-89.559,29.698],[-89.621,29.674],[-89.683,29.675],[-89.689,29.646],[-89.721,29.619],[-89.675,29.539],[-89.58,29.486],[-89.514,29.42],[-89.246,29.333],[-89.181,29.336],[-89.117,29.248],[-89.016,29.203],[-89.021,29.143],[-89.11,29.099],[-89.156,29.017],[-89.236,29.081],[-89.331,28.999],[-89.376,28.981],[-89.354,29.07],[-89.443,29.194],[-89.62,29.302],[-89.792,29.333],[-89.818,29.416],[-89.877,29.458],[-90.159,29.537],[-90.161,29.504],[-90.141,29.48],[-90.052,29.431],[-90.053,29.337],[-90.101,29.182],[-90.136,29.136],[-90.213,29.105],[-90.247,29.131],[-90.302,29.256],[-90.379,29.295],[-90.503,29.3],[-90.586,29.272],[-90.678,29.151],[-90.751,29.131],[-91.003,29.194],[-91.29,29.289],[-91.283,29.321],[-91.237,29.331],[-91.151,29.318],[-91.155,29.351],[-91.244,29.457],[-91.26,29.505],[-91.249,29.564],[-91.278,29.563],[-91.331,29.514],[-91.514,29.555],[-91.672,29.746],[-91.824,29.751],[-91.893,29.836],[-92.017,29.8],[-92.08,29.761],[-92.135,29.699],[-92.059,29.617],[-92.084,29.593],[-92.261,29.557],[-92.671,29.597],[-92.791,29.635],[-92.952,29.714],[-93.176,29.779],[-93.283,29.789],[-93.695,29.77],[-93.826,29.725],[-93.866,29.756],[-93.884,29.81],[-93.809,29.851],[-93.773,29.914],[-93.769,29.952],[-93.794,29.977],[-93.711,30.113],[-93.721,30.283],[-93.75,30.345],[-93.715,30.473],[-93.72,30.558],[-93.625,30.714],[-93.579,30.824],[-93.549,30.948],[-93.563,31.005],[-93.531,31.046],[-93.558,31.18],[-93.597,31.21],[-93.666,31.323],[-93.664,31.372],[-93.736,31.478],[-93.738,31.514],[-93.807,31.569],[-93.827,31.75],[-93.846,31.793],[-93.905,31.877],[-94.043,31.999],[-94.041,33.012]]],[[[-89.224,30.084],[-89.22,30.038],[-89.269,30.061],[-89.342,30.063],[-89.185,30.169],[-89.224,30.084]]],[[[-88.827,29.808],[-88.856,29.776],[-88.828,29.928],[-88.867,30.057],[-88.826,30.0],[-88.813,29.933],[-88.827,29.808]]],[[[-88.889,29.713],[-88.944,29.66],[-88.901,29.733],[-88.873,29.753],[-88.889,29.713]]],[[[-91.794,29.501],[-91.831,29.486],[-91.996,29.573],[-92.007,29.61],[-91.925,29.644],[-91.875,29.641],[-91.754,29.567],[-91.794,29.501]]]]}},{"type":"Feature","properties":{},"geometry":{"type":"MultiPolygon","coordinates":[[[[-71.801,42.012],[-71.802,42.023],[-72.758,42.034],[-72.763,42.011],[-72.806,42.008],[-72.808,42.034],[-73.481,42.056],[-73.507,42.08],[-73.253,42.752],[-71.33,42.702],[-71.242,42.73],[-71.139,42.808],[-70.974,42.872],[-70.806,42.877],[-70.829,42.825],[-70.781,42.721],[-70.736,42.669],[-70.624,42.672],[-70.604,42.65],[-70.613,42.623],[-70.831,42.553],[-70.93,42.432],[-71.046,42.331],[-70.997,42.3],[-70.818,42.265],[-70.738,42.229],[-70.618,42.04],[-70.645,42.022],[-70.656,41.987],[-70.549,41.939],[-70.515,41.803],[-70.427,41.757],[-70.295,41.729],[-70.135,41.77],[-70.001,41.826],[-70.006,41.872],[-70.09,41.98],[-70.11,42.03],[-70.173,42.063],[-70.196,42.035],[-70.241,42.091],[-70.16,42.097],[-70.109,42.078],[-69.978,41.961],[-69.934,41.71],[-69.949,41.677],[-70.06,41.677],[-70.405,41.627],[-70.481,41.582],[-70.657,41.534],[-70.666,41.71],[-70.701,41.715],[-70.974,41.549],[-71.08,41.538],[-71.169,41.489],[-71.188,41.516],[-71.204,41.641],[-71.149,41.746],[-71.178,41.744],[-71.234,41.707],[-71.268,41.751],[-71.341,41.798],[-71.338,41.891],[-71.379,41.902],[-71.387,42.017],[-71.801,42.012]]],[[[-70.51,41.376],[-70.785,41.327],[-70.829,41.359],[-70.76,41.374],[-70.674,41.449],[-70.616,41.457],[-70.525,41.415],[-70.51,41.376]]],[[[-69.978,41.266],[-70.055,41.249],[-70.233,41.286],[-70.063,41.328],[-70.041,41.397],[-69.978,41.266]]]]}},{"type":"Feature","properties":{},"geometry":{"type":"MultiPolygon","coordinates":[[[[-77.03,38.889],[-77.02,38.807],[-76.931,38.888],[-77.042,39.012],[-77.122,38.944],[-77.19,38.969],[-77.301,39.053],[-77.481,39.113],[-77.506,39.143],[-77.479,39.221],[-77.534,39.266],[-77.669,39.31],[-77.739,39.354],[-77.762,39.429],[-77.792,39.442],[-77.797,39.461],[-77.78,39.488],[-77.872,39.576],[-77.855,39.6],[-78.027,39.631],[-78.098,39.678],[-78.181,39.686],[-78.407,39.628],[-78.443,39.601],[-78.46,39.556],[-78.496,39.533],[-78.678,39.55],[-78.742,39.578],[-78.753,39.59],[-78.746,39.614],[-78.778,39.627],[-78.815,39.57],[-78.971,39.454],[-79.075,39.476],[-79.294,39.312],[-79.488,39.211],[-79.478,39.723],[-75.785,39.722],[-75.707,38.455],[-75.038,38.456],[-75.039,38.426],[-75.051,38.383],[-75.074,38.366],[-75.073,38.41],[-75.09,38.425],[-75.117,38.406],[-75.134,38.384],[-75.16,38.255],[-75.225,38.242],[-75.376,38.025],[-75.62,37.999],[-75.659,37.954],[-75.735,37.974],[-75.851,37.972],[-75.795,38.087],[-75.856,38.14],[-75.928,38.169],[-75.864,38.261],[-75.877,38.319],[-75.859,38.362],[-75.889,38.356],[-75.967,38.291],[-75.986,38.332],[-76.051,38.28],[-76.212,38.361],[-76.295,38.495],[-76.264,38.6],[-76.198,38.619],[-76.001,38.602],[-76.017,38.625],[-76.057,38.621],[-76.175,38.707],[-76.213,38.758],[-76.278,38.772],[-76.308,38.723],[-76.341,38.71],[-76.3,38.818],[-76.168,38.853],[-76.191,38.916],[-76.241,38.943],[-76.331,38.909],[-76.33,38.953],[-76.313,39.009],[-76.186,38.991],[-76.135,39.082],[-76.133,39.123],[-76.217,39.064],[-76.236,39.192],[-76.153,39.315],[-76.074,39.369],[-75.876,39.376],[-76.003,39.411],[-75.873,39.511],[-75.97,39.505],[-75.959,39.585],[-76.063,39.561],[-76.085,39.527],[-76.081,39.47],[-76.097,39.433],[-76.141,39.403],[-76.216,39.38],[-76.223,39.42],[-76.248,39.439],[-76.257,39.352],[-76.276,39.323],[-76.331,39.404],[-76.359,39.325],[-76.406,39.304],[-76.403,39.253],[-76.421,39.225],[-76.57,39.269],[-76.574,39.254],[-76.489,39.159],[-76.428,39.126],[-76.42,39.074],[-76.473,39.031],[-76.559,39.065],[-76.494,38.945],[-76.52,38.898],[-76.521,38.788],[-76.537,38.743],[-76.501,38.532],[-76.394,38.369],[-76.439,38.362],[-76.572,38.436],[-76.647,38.539],[-76.677,38.612],[-76.669,38.538],[-76.642,38.454],[-76.409,38.268],[-76.333,38.141],[-76.341,38.087],[-76.454,38.174],[-76.594,38.228],[-76.769,38.263],[-76.868,38.39],[-76.868,38.337],[-76.89,38.292],[-76.988,38.394],[-77.001,38.445],[-77.077,38.442],[-77.156,38.397],[-77.233,38.408],[-77.242,38.495],[-77.221,38.541],[-77.135,38.65],[-77.054,38.706],[-77.018,38.778],[-77.03,38.889]]],[[[-75.226,38.04],[-75.252,38.037],[-75.098,38.298],[-75.136,38.181],[-75.226,38.04]]]]}},{"type":"Feature","properties":{},"geometry":{"type":"MultiPolygon","coordinates":[[[[-69.054,47.295],[-69.003,47.236],[-68.937,47.211],[-68.829,47.203],[-68.377,47.316],[-68.358,47.345],[-68.235,47.346],[-68.097,47.275],[-67.807,47.083],[-67.785,45.953],[-67.767,45.927],[-67.782,45.874],[-67.775,45.818],[-67.802,45.728],[-67.755,45.686],[-67.596,45.621],[-67.433,45.603],[-67.414,45.566],[-67.424,45.53],[-67.488,45.501],[-67.494,45.474],[-67.428,45.378],[-67.473,45.276],[-67.367,45.174],[-67.315,45.154],[-67.25,45.201],[-67.125,45.169],[-67.13,45.139],[-67.102,45.088],[-67.08,44.989],[-67.114,44.944],[-67.107,44.885],[-67.014,44.868],[-66.987,44.828],[-67.191,44.676],[-67.364,44.697],[-67.458,44.657],[-67.556,44.645],[-67.599,44.577],[-67.653,44.562],[-67.79,44.586],[-67.839,44.576],[-67.907,44.454],[-67.963,44.464],[-67.985,44.42],[-68.057,44.384],[-68.117,44.491],[-68.152,44.502],[-68.198,44.515],[-68.277,44.507],[-68.374,44.445],[-68.451,44.508],[-68.521,44.38],[-68.514,44.304],[-68.533,44.259],[-68.572,44.271],[-68.612,44.311],[-68.723,44.342],[-68.812,44.339],[-68.794,44.382],[-68.71,44.443],[-68.795,44.454],[-68.766,44.51],[-68.763,44.571],[-68.8,44.549],[-68.847,44.485],[-68.961,44.434],[-68.956,44.348],[-69.064,44.172],[-69.068,44.098],[-69.226,43.986],[-69.345,44.001],[-69.435,43.956],[-69.481,43.905],[-69.521,43.897],[-69.557,43.983],[-69.59,43.887],[-69.624,43.881],[-69.653,43.994],[-69.699,43.955],[-69.73,43.852],[-69.762,43.861],[-69.772,43.899],[-69.795,43.911],[-69.792,43.805],[-69.808,43.772],[-69.873,43.82],[-69.974,43.788],[-69.965,43.855],[-70.062,43.835],[-70.179,43.766],[-70.269,43.672],[-70.203,43.626],[-70.521,43.349],[-70.642,43.134],[-70.733,43.07],[-70.813,43.164],[-70.829,43.239],[-70.92,43.328],[-70.956,43.389],[-70.968,43.458],[-71.085,45.294],[-71.0,45.337],[-70.96,45.333],[-70.898,45.262],[-70.865,45.271],[-70.837,45.311],[-70.838,45.366],[-70.799,45.405],[-70.711,45.409],[-70.69,45.428],[-70.707,45.499],[-70.702,45.551],[-70.596,45.644],[-70.421,45.738],[-70.408,45.802],[-70.296,45.906],[-70.287,45.939],[-70.306,45.98],[-70.305,46.057],[-70.248,46.251],[-70.18,46.342],[-70.067,46.441],[-70.008,46.709],[-69.359,47.351],[-69.243,47.463],[-69.05,47.427],[-69.064,47.338],[-69.054,47.295]]],[[[-68.187,44.332],[-68.245,44.313],[-68.309,44.322],[-68.315,44.25],[-68.412,44.294],[-68.409,44.364],[-68.347,44.43],[-68.299,44.457],[-68.238,44.438],[-68.191,44.364],[-68.187,44.332]]],[[[-68.623,44.196],[-68.661,44.176],[-68.702,44.183],[-68.703,44.232],[-68.677,44.256],[-68.623,44.196]]]]}},{"type":"Feature","properties":{},"geometry":{"type":"MultiPolygon","coordinates":[[[[-89.498,47.998],[-89.273,48.02],[-88.612,48.264],[-88.378,48.303],[-88.161,48.225],[-86.429,47.54],[-84.876,46.9],[-84.779,46.637],[-84.562,46.457],[-84.502,46.462],[-84.402,46.516],[-84.192,46.55],[-84.149,46.543],[-84.125,46.527],[-84.15,46.445],[-84.115,46.371],[-84.088,46.227],[-83.978,46.085],[-83.913,46.073],[-83.763,46.109],[-83.616,46.117],[-83.48,46.024],[-83.469,45.995],[-83.593,45.817],[-82.551,45.347],[-82.138,43.571],[-82.408,43.073],[-82.488,42.74],[-82.545,42.625],[-82.744,42.493],[-82.868,42.385],[-83.073,42.3],[-83.11,42.251],[-83.15,42.142],[-83.142,41.976],[-83.122,41.95],[-83.464,41.739],[-84.796,41.701],[-84.796,41.76],[-87.221,41.761],[-87.039,42.493],[-87.155,43.327],[-87.142,43.658],[-87.032,44.091],[-86.715,44.846],[-86.536,45.041],[-86.265,45.227],[-86.774,45.452],[-87.115,45.452],[-87.244,45.29],[-87.42,45.184],[-87.46,45.068],[-87.654,45.122],[-87.719,45.201],[-87.721,45.243],[-87.663,45.345],[-87.664,45.371],[-87.696,45.383],[-87.842,45.361],[-87.875,45.385],[-87.859,45.445],[-87.815,45.506],[-87.815,45.563],[-87.795,45.596],[-87.809,45.686],[-87.923,45.76],[-88.116,45.816],[-88.096,45.878],[-88.104,45.905],[-88.152,45.945],[-88.493,46.014],[-88.837,46.037],[-89.119,46.149],[-90.119,46.342],[-90.23,46.51],[-90.318,46.537],[-90.341,46.558],[-90.392,46.549],[-90.413,46.585],[-89.498,47.998]]]]}},{"type":"Feature","properties":{},"geometry":{"type":"MultiPolygon","coordinates":[[[[-97.226,48.993],[-95.162,48.992],[-95.155,49.37],[-94.939,49.349],[-94.854,49.305],[-94.843,49.119],[-94.803,49.003],[-94.713,48.863],[-94.705,48.809],[-94.621,48.743],[-94.055,48.659],[-93.852,48.607],[-93.804,48.549],[-93.708,48.525],[-93.464,48.561],[-93.378,48.617],[-93.258,48.629],[-92.996,48.612],[-92.733,48.532],[-92.501,48.435],[-92.415,48.277],[-92.348,48.277],[-92.299,48.329],[-92.172,48.338],[-92.005,48.302],[-91.858,48.198],[-91.518,48.058],[-91.387,48.059],[-91.221,48.105],[-91.043,48.194],[-90.916,48.209],[-90.84,48.201],[-90.797,48.131],[-90.744,48.105],[-90.32,48.099],[-90.092,48.118],[-89.994,48.015],[-89.901,47.995],[-89.775,48.015],[-89.498,47.998],[-89.958,47.287],[-90.654,47.309],[-91.468,46.925],[-91.965,46.73],[-92.125,46.763],[-92.224,46.671],[-92.292,46.661],[-92.293,46.084],[-92.367,46.036],[-92.425,46.028],[-92.694,45.909],[-92.738,45.875],[-92.786,45.796],[-92.875,45.706],[-92.897,45.659],[-92.892,45.595],[-92.757,45.543],[-92.707,45.494],[-92.683,45.433],[-92.686,45.381],[-92.754,45.278],[-92.766,45.236],[-92.759,45.111],[-92.793,45.071],[-92.763,44.934],[-92.799,44.79],[-92.77,44.726],[-92.644,44.645],[-92.537,44.601],[-92.442,44.587],[-92.367,44.552],[-92.313,44.498],[-92.24,44.462],[-92.149,44.445],[-92.055,44.4],[-91.912,44.289],[-91.841,44.194],[-91.716,44.126],[-91.383,43.991],[-91.32,43.936],[-91.278,43.797],[-91.245,43.502],[-96.454,43.501],[-96.454,45.297],[-96.53,45.372],[-96.696,45.432],[-96.815,45.557],[-96.851,45.626],[-96.615,45.8],[-96.556,45.943],[-96.57,46.019],[-96.561,46.138],[-96.617,46.327],[-96.731,46.473],[-96.787,46.648],[-96.796,46.797],[-96.77,46.92],[-96.818,46.974],[-96.825,47.019],[-96.848,47.373],[-96.863,47.424],[-96.859,47.588],[-96.988,47.82],[-97.007,47.926],[-97.079,48.043],[-97.126,48.173],[-97.144,48.537],[-97.128,48.681],[-97.226,48.993]]]]}},{"type":"Feature","properties":{},"geometry":{"type":"MultiPolygon","coordinates":[[[[-89.705,36.002],[-90.381,35.993],[-90.303,36.099],[-90.216,36.178],[-90.149,36.216],[-90.076,36.297],[-90.074,36.372],[-90.162,36.501],[-94.618,36.501],[-94.622,39.124],[-94.778,39.194],[-94.847,39.259],[-94.882,39.343],[-94.953,39.426],[-95.058,39.509],[-95.075,39.597],[-95.005,39.692],[-94.946,39.739],[-94.899,39.741],[-94.893,39.782],[-94.93,39.861],[-94.984,39.891],[-95.116,39.872],[-95.362,40.01],[-95.434,40.096],[-95.464,40.198],[-95.521,40.265],[-95.607,40.295],[-95.662,40.363],[-95.685,40.466],[-95.765,40.602],[-91.732,40.625],[-91.682,40.552],[-91.627,40.531],[-91.617,40.507],[-91.545,40.469],[-91.53,40.432],[-91.442,40.379],[-91.5,40.226],[-91.502,40.098],[-91.426,39.827],[-91.379,39.749],[-91.21,39.603],[-90.919,39.387],[-90.737,39.182],[-90.664,38.987],[-90.577,38.91],[-90.478,38.948],[-90.22,38.898],[-90.134,38.847],[-90.132,38.819],[-90.317,38.458],[-90.374,38.31],[-90.366,38.254],[-90.299,38.174],[-90.174,38.069],[-89.823,37.884],[-89.623,37.747],[-89.523,37.645],[-89.523,37.576],[-89.462,37.434],[-89.462,37.366],[-89.503,37.301],[-89.487,37.213],[-89.352,37.036],[-89.29,37.013],[-89.292,37.071],[-89.272,37.08],[-89.154,36.992],[-89.122,36.912],[-89.13,36.811],[-89.156,36.716],[-89.203,36.626],[-89.256,36.594],[-89.331,36.616],[-89.397,36.588],[-89.452,36.498],[-89.471,36.489],[-89.52,36.555],[-89.55,36.553],[-89.56,36.513],[-89.541,36.427],[-89.555,36.373],[-89.604,36.352],[-89.612,36.322],[-89.584,36.272],[-89.654,36.248],[-89.675,36.221],[-89.634,36.168],[-89.642,36.105],[-89.705,36.002]]]]}},{"type":"Feature","properties":{},"geometry":{"type":"MultiPolygon","coordinates":[[[[-88.173,34.999],[-88.085,34.933],[-88.486,31.891],[-88.4,30.371],[-88.692,30.355],[-88.82,30.406],[-88.905,30.415],[-89.224,30.332],[-89.321,30.345],[-89.443,30.223],[-89.521,30.193],[-89.592,30.223],[-89.686,30.463],[-89.82,30.611],[-89.835,30.731],[-89.765,30.886],[-89.735,31.001],[-91.656,31.002],[-91.653,31.03],[-91.611,31.065],[-91.596,31.11],[-91.631,31.218],[-91.618,31.277],[-91.559,31.288],[-91.529,31.345],[-91.529,31.449],[-91.506,31.519],[-91.459,31.555],[-91.373,31.774],[-91.286,31.884],[-91.157,31.971],[-91.093,32.046],[-91.075,32.131],[-90.948,32.24],[-90.938,32.277],[-90.945,32.331],[-90.99,32.381],[-91.059,32.424],[-91.104,32.49],[-91.101,32.541],[-91.15,32.625],[-91.142,32.661],[-91.094,32.694],[-91.092,32.726],[-91.136,32.756],[-91.136,32.809],[-91.093,32.885],[-91.096,32.938],[-91.144,32.967],[-91.153,33.041],[-91.107,33.218],[-91.163,33.294],[-91.168,33.359],[-91.141,33.439],[-91.154,33.5],[-91.193,33.523],[-91.215,33.583],[-91.173,33.617],[-91.17,33.647],[-91.207,33.676],[-91.184,33.716],[-91.1,33.767],[-91.053,33.828],[-91.038,33.901],[-91.07,33.974],[-91.06,33.989],[-90.915,34.049],[-90.909,34.072],[-90.94,34.129],[-90.91,34.189],[-90.817,34.252],[-90.768,34.308],[-90.762,34.356],[-90.718,34.392],[-90.635,34.414],[-90.584,34.504],[-90.564,34.661],[-90.539,34.728],[-90.475,34.76],[-90.468,34.805],[-90.416,34.852],[-90.32,34.899],[-90.282,34.945],[-90.294,35.001],[-88.173,34.999]]],[[[-88.558,30.216],[-88.571,30.205],[-88.659,30.226],[-88.713,30.245],[-88.723,30.264],[-88.558,30.216]]]]}},{"type":"Feature","properties":{},"geometry":{"type":"MultiPolygon","coordinates":[[[[-114.063,48.993],[-104.034,48.993],[-104.005,45.001],[-111.051,45.001],[-111.051,44.499],[-111.161,44.556],[-111.304,44.723],[-111.373,44.746],[-111.448,44.711],[-111.491,44.624],[-111.475,44.565],[-111.5,44.545],[-111.659,44.56],[-111.797,44.54],[-111.892,44.555],[-112.074,44.548],[-112.231,44.561],[-112.32,44.533],[-112.375,44.47],[-112.716,44.498],[-112.787,44.463],[-112.831,44.397],[-112.91,44.419],[-113.0,44.48],[-113.006,44.539],[-113.054,44.605],[-113.063,44.665],[-113.141,44.765],[-113.234,44.81],[-113.339,44.808],[-113.461,44.904],[-113.469,44.93],[-113.438,44.994],[-113.447,45.029],[-113.504,45.109],[-113.557,45.14],[-113.697,45.305],[-113.756,45.441],[-113.766,45.503],[-113.8,45.54],[-113.802,45.601],[-113.943,45.682],[-113.992,45.693],[-114.006,45.658],[-114.117,45.579],[-114.298,45.488],[-114.529,45.576],[-114.533,45.633],[-114.496,45.686],[-114.534,45.782],[-114.523,45.815],[-114.397,45.891],[-114.416,45.982],[-114.478,46.036],[-114.464,46.11],[-114.485,46.158],[-114.447,46.199],[-114.444,46.271],[-114.38,46.453],[-114.387,46.5],[-114.346,46.551],[-114.332,46.601],[-114.337,46.659],[-114.381,46.668],[-114.563,46.65],[-114.624,46.678],[-114.631,46.719],[-114.662,46.746],[-114.754,46.735],[-114.786,46.777],[-114.887,46.845],[-114.936,46.923],[-115.034,46.991],[-115.307,47.231],[-115.486,47.312],[-115.702,47.438],[-115.714,47.452],[-115.677,47.471],[-115.67,47.498],[-115.711,47.553],[-115.691,47.607],[-115.718,47.681],[-115.862,47.842],[-116.049,48.005],[-116.048,48.993],[-114.063,48.993]]]]}},{"type":"Feature","properties":{},"geometry":{"type":"MultiPolygon","coordinates":[[[[-83.115,35.001],[-84.325,34.988],[-84.287,35.201],[-84.261,35.25],[-84.129,35.261],[-84.062,35.286],[-84.004,35.414],[-83.871,35.515],[-83.723,35.56],[-83.511,35.584],[-83.284,35.682],[-83.12,35.775],[-82.99,35.8],[-82.949,35.835],[-82.888,35.952],[-82.813,35.947],[-82.7,36.03],[-82.611,36.047],[-82.589,35.987],[-82.553,35.971],[-82.295,36.134],[-82.182,36.154],[-82.101,36.107],[-82.051,36.123],[-81.908,36.306],[-81.808,36.353],[-81.734,36.355],[-81.704,36.534],[-81.659,36.611],[-81.642,36.595],[-75.966,36.551],[-75.993,36.474],[-75.978,36.429],[-75.925,36.383],[-75.867,36.268],[-75.82,36.113],[-75.883,36.176],[-76.148,36.279],[-76.15,36.146],[-76.271,36.19],[-76.227,36.116],[-76.321,36.138],[-76.384,36.134],[-76.424,36.068],[-76.479,36.028],[-76.559,36.015],[-76.679,36.075],[-76.718,36.148],[-76.734,36.229],[-76.726,35.958],[-76.611,35.944],[-76.358,35.953],[-76.207,35.991],[-76.07,35.97],[-76.06,35.879],[-76.084,35.691],[-76.046,35.691],[-76.001,35.722],[-75.979,35.896],[-75.854,35.96],[-75.812,35.956],[-75.772,35.9],[-75.745,35.765],[-75.774,35.647],[-75.966,35.508],[-76.104,35.38],[-76.174,35.354],[-76.39,35.401],[-76.489,35.397],[-76.516,35.436],[-76.532,35.508],[-76.577,35.532],[-76.611,35.53],[-76.634,35.453],[-76.741,35.431],[-76.887,35.463],[-77.04,35.527],[-76.974,35.458],[-76.595,35.33],[-76.513,35.27],[-76.608,35.153],[-76.628,35.073],[-76.779,34.99],[-76.861,35.005],[-77.07,35.155],[-76.975,35.025],[-76.899,34.97],[-76.745,34.941],[-76.457,34.989],[-76.362,34.937],[-76.517,34.777],[-76.707,34.752],[-76.733,34.707],[-77.049,34.697],[-77.134,34.708],[-77.252,34.616],[-77.296,34.603],[-77.358,34.62],[-77.412,34.731],[-77.413,34.592],[-77.38,34.527],[-77.518,34.451],[-77.751,34.285],[-77.861,34.149],[-77.928,33.94],[-77.926,34.073],[-77.953,34.169],[-77.971,33.993],[-78.013,33.912],[-78.406,33.918],[-78.564,33.877],[-79.654,34.797],[-80.784,34.829],[-80.793,34.963],[-80.934,35.114],[-81.045,35.066],[-81.047,35.131],[-81.087,35.156],[-82.393,35.211],[-82.744,35.084],[-83.115,35.001]]],[[[-75.889,36.551],[-75.857,36.551],[-75.758,36.229],[-75.534,35.819],[-75.728,36.104],[-75.81,36.271],[-75.889,36.551]]],[[[-75.636,35.856],[-75.651,35.836],[-75.717,35.946],[-75.649,35.91],[-75.636,35.856]]],[[[-75.544,35.24],[-75.678,35.213],[-75.69,35.222],[-75.536,35.279],[-75.488,35.48],[-75.481,35.572],[-75.504,35.769],[-75.478,35.716],[-75.456,35.564],[-75.465,35.449],[-75.509,35.28],[-75.544,35.24]]],[[[-75.782,35.19],[-75.964,35.119],[-75.984,35.123],[-75.865,35.174],[-75.782,35.19]]],[[[-76.504,34.643],[-76.529,34.632],[-76.437,34.756],[-76.256,34.915],[-76.207,34.939],[-76.358,34.804],[-76.504,34.643]]],[[[-76.546,34.655],[-76.608,34.664],[-76.674,34.7],[-76.622,34.695],[-76.546,34.655]]]]}},{"type":"Feature","properties":{},"geometry":{"type":"MultiPolygon","coordinates":[[[[-101.367,48.993],[-97.226,48.993],[-97.128,48.681],[-97.144,48.537],[-97.126,48.173],[-97.079,48.043],[-97.007,47.926],[-96.988,47.82],[-96.859,47.588],[-96.863,47.424],[-96.848,47.373],[-96.825,47.019],[-96.818,46.974],[-96.77,46.92],[-96.796,46.797],[-96.787,46.648],[-96.731,46.473],[-96.617,46.327],[-96.599,46.272],[-96.561,46.138],[-96.57,46.019],[-96.556,45.943],[-104.011,45.943],[-104.034,48.993],[-101.367,48.993]]]]}},{"type":"Feature","properties":{},"geometry":{"type":"MultiPolygon","coordinates":[[[[-102.024,40.001],[-102.025,41.001],[-104.022,41.001],[-104.029,43.001],[-98.442,43.001],[-98.143,42.852],[-97.965,42.806],[-97.881,42.85],[-97.698,42.875],[-97.417,42.881],[-97.239,42.861],[-97.164,42.813],[-96.805,42.701],[-96.676,42.638],[-96.633,42.569],[-96.558,42.525],[-96.451,42.506],[-96.384,42.418],[-96.356,42.26],[-96.295,42.133],[-96.201,42.036],[-96.154,41.965],[-96.154,41.92],[-96.131,41.872],[-96.087,41.821],[-96.069,41.734],[-96.078,41.611],[-96.059,41.546],[-96.011,41.538],[-95.991,41.52],[-95.997,41.494],[-95.982,41.474],[-95.944,41.461],[-95.933,41.425],[-95.95,41.367],[-95.936,41.331],[-95.892,41.316],[-95.884,41.288],[-95.911,41.245],[-95.907,41.212],[-95.871,41.188],[-95.847,41.08],[-95.834,40.889],[-95.838,40.778],[-95.859,40.745],[-95.685,40.466],[-95.662,40.363],[-95.607,40.295],[-95.521,40.265],[-95.464,40.198],[-95.434,40.096],[-95.347,40.001],[-102.024,40.001]]]]}},{"type":"Feature","properties":{},"geometry":{"type":"MultiPolygon","coordinates":[[[[-71.518,45.008],[-71.419,45.2],[-71.327,45.29],[-71.202,45.26],[-71.135,45.263],[-71.085,45.294],[-70.968,43.458],[-70.956,43.389],[-70.92,43.328],[-70.829,43.239],[-70.813,43.164],[-70.733,43.07],[-70.778,42.941],[-70.806,42.877],[-70.974,42.872],[-71.139,42.808],[-71.242,42.73],[-71.33,42.702],[-72.467,42.73],[-72.54,42.83],[-72.55,42.887],[-72.474,43.039],[-72.407,43.332],[-72.385,43.529],[-72.362,43.587],[-72.297,43.715],[-72.222,43.791],[-72.115,43.965],[-72.062,44.116],[-72.031,44.301],[-72.002,44.329],[-71.826,44.374],[-71.683,44.45],[-71.609,44.514],[-71.568,44.608],[-71.618,44.728],[-71.621,44.772],[-71.51,44.908],[-71.533,44.988],[-71.518,45.008]]]]}},{"type":"Feature","properties":{},"geometry":{"type":"MultiPolygon","coordinates":[[[[-75.074,39.983],[-74.909,40.08],[-74.735,40.155],[-74.976,40.406],[-75.034,40.42],[-75.097,40.543],[-75.189,40.596],[-75.192,40.69],[-75.175,40.776],[-75.112,40.802],[-75.076,40.856],[-75.123,40.999],[-75.032,41.052],[-74.912,41.155],[-74.812,41.302],[-74.699,41.357],[-73.91,40.992],[-73.927,40.914],[-74.026,40.756],[-74.187,40.648],[-74.227,40.608],[-74.264,40.529],[-74.242,40.456],[-74.05,40.43],[-73.998,40.452],[-73.972,40.4],[-73.958,40.328],[-74.028,40.073],[-74.08,39.788],[-74.065,39.993],[-74.096,39.976],[-74.118,39.938],[-74.176,39.727],[-74.257,39.614],[-74.331,39.536],[-74.407,39.549],[-74.39,39.487],[-74.429,39.387],[-74.474,39.343],[-74.517,39.347],[-74.579,39.316],[-74.603,39.293],[-74.605,39.248],[-74.794,39.002],[-74.923,38.941],[-74.954,38.95],[-74.897,39.145],[-75.05,39.211],[-75.136,39.208],[-75.231,39.284],[-75.353,39.34],[-75.524,39.49],[-75.524,39.602],[-75.422,39.79],[-75.353,39.83],[-75.154,39.87],[-75.074,39.983]]],[[[-74.133,39.681],[-74.251,39.529],[-74.253,39.558],[-74.107,39.746],[-74.133,39.681]]]]}},{"type":"Feature","properties":{},"geometry":{"type":"MultiPolygon","coordinates":[[[[-109.048,31.328],[-109.047,37.001],[-103.001,37.001],[-103.0,36.501],[-103.042,36.501],[-103.066,32.003],[-106.668,32.001],[-106.566,31.82],[-106.445,31.768],[-108.212,31.779],[-108.214,31.329],[-109.048,31.328]]]]}},{"type":"Feature","properties":{},"geometry":{"type":"MultiPolygon","coordinates":[[[[-114.04,37.004],[-114.043,36.182],[-114.062,36.175],[-114.119,36.077],[-114.183,36.03],[-114.232,36.032],[-114.282,36.06],[-114.332,36.116],[-114.406,36.148],[-114.505,36.156],[-114.669,36.122],[-114.716,36.085],[-114.741,36.014],[-114.687,35.917],[-114.677,35.73],[-114.65,35.684],[-114.645,35.631],[-114.662,35.545],[-114.649,35.476],[-114.591,35.353],[-114.611,34.991],[-116.66,36.59],[-118.126,37.692],[-120.0,39.0],[-120.001,42.001],[-114.043,42.001],[-114.04,37.004]]]]}},{"type":"Feature","properties":{},"geometry":{"type":"MultiPolygon","coordinates":[[[[-79.762,42.539],[-79.037,42.802],[-78.939,42.864],[-78.915,42.909],[-78.921,42.935],[-79.026,43.017],[-79.029,43.062],[-79.066,43.106],[-79.059,43.278],[-79.172,43.467],[-78.72,43.625],[-76.82,43.629],[-76.465,44.058],[-76.249,44.214],[-76.186,44.242],[-76.151,44.304],[-75.876,44.417],[-75.792,44.497],[-75.401,44.772],[-75.179,44.899],[-74.996,44.97],[-74.857,45.004],[-73.352,45.005],[-73.345,44.939],[-73.366,44.86],[-73.349,44.775],[-73.372,44.597],[-73.31,44.46],[-73.321,44.269],[-73.381,44.187],[-73.426,44.075],[-73.375,43.804],[-73.416,43.59],[-73.391,43.579],[-73.33,43.627],[-73.247,43.553],[-73.267,42.865],[-73.28,42.813],[-73.253,42.752],[-73.507,42.08],[-73.481,42.056],[-73.545,41.296],[-73.484,41.219],[-73.723,41.105],[-73.63,40.992],[-73.779,40.878],[-73.851,40.831],[-73.911,40.816],[-73.987,40.751],[-73.907,40.912],[-73.872,41.055],[-73.882,41.171],[-73.925,41.218],[-73.97,41.25],[-73.918,41.136],[-73.91,40.992],[-74.699,41.357],[-74.757,41.424],[-74.935,41.474],[-75.023,41.553],[-75.051,41.608],[-75.067,41.713],[-75.054,41.765],[-75.095,41.799],[-75.096,41.832],[-75.239,41.892],[-75.274,41.947],[-75.351,41.998],[-79.763,42.001],[-79.762,42.539]]],[[[-72.51,40.986],[-72.581,40.921],[-72.517,40.915],[-72.287,41.024],[-72.184,41.047],[-72.151,41.051],[-72.102,41.015],[-71.903,41.061],[-72.556,40.826],[-73.194,40.654],[-73.266,40.664],[-73.621,40.6],[-73.9,40.571],[-73.801,40.622],[-73.799,40.641],[-73.823,40.656],[-73.875,40.652],[-73.929,40.599],[-74.015,40.581],[-74.032,40.639],[-73.965,40.725],[-73.879,40.792],[-73.695,40.87],[-73.652,40.838],[-73.643,40.881],[-73.574,40.92],[-73.373,40.944],[-73.278,40.924],[-73.186,40.93],[-73.034,40.966],[-72.625,40.992],[-72.373,41.126],[-72.274,41.153],[-72.51,40.986]]],[[[-74.188,40.523],[-74.236,40.519],[-74.188,40.615],[-74.1,40.658],[-74.069,40.649],[-74.08,40.586],[-74.188,40.523]]]]}},{"type":"Feature","properties":{},"geometry":{"type":"MultiPolygon","coordinates":[[[[-83.122,41.95],[-83.03,41.833],[-82.69,41.675],[-82.439,41.675],[-81.278,42.209],[-80.521,42.324],[-80.519,40.647],[-80.638,40.603],[-80.659,40.563],[-80.623,40.512],[-80.604,40.445],[-80.602,40.364],[-80.872,39.736],[-80.874,39.664],[-80.963,39.571],[-81.263,39.387],[-81.333,39.363],[-81.392,39.365],[-81.44,39.393],[-81.493,39.374],[-81.552,39.308],[-81.606,39.274],[-81.657,39.272],[-81.701,39.229],[-81.771,39.099],[-81.803,39.086],[-81.78,38.947],[-81.844,38.934],[-81.897,38.894],[-81.95,38.989],[-82.001,39.011],[-82.072,38.963],[-82.204,38.768],[-82.18,38.638],[-82.202,38.606],[-82.252,38.594],[-82.291,38.552],[-82.318,38.48],[-82.387,38.434],[-82.498,38.415],[-82.621,38.451],[-82.758,38.541],[-82.845,38.628],[-82.88,38.71],[-83.0,38.714],[-83.203,38.639],[-83.357,38.627],[-83.538,38.7],[-83.69,38.65],[-83.752,38.669],[-83.828,38.731],[-83.948,38.774],[-84.113,38.798],[-84.227,38.865],[-84.29,38.975],[-84.358,39.05],[-84.43,39.091],[-84.509,39.103],[-84.595,39.086],[-84.661,39.094],[-84.707,39.129],[-84.766,39.125],[-84.822,39.092],[-84.796,41.701],[-83.464,41.739],[-83.122,41.95]]]]}},{"type":"Feature","properties":{},"geometry":{"type":"MultiPolygon","coordinates":[[[[-94.618,36.501],[-94.439,35.387],[-94.484,33.648],[-94.709,33.699],[-94.869,33.768],[-94.962,33.843],[-95.216,33.959],[-95.238,33.956],[-95.276,33.911],[-95.374,33.874],[-95.523,33.887],[-95.594,33.945],[-95.763,33.891],[-95.784,33.865],[-95.863,33.863],[-95.942,33.883],[-96.139,33.822],[-96.207,33.774],[-96.279,33.758],[-96.315,33.711],[-96.411,33.775],[-96.487,33.792],[-96.592,33.849],[-96.606,33.906],[-96.649,33.906],[-96.694,33.864],[-96.746,33.854],[-96.848,33.883],[-96.89,33.935],[-96.934,33.953],[-96.978,33.938],[-97.022,33.867],[-97.064,33.857],[-97.061,33.828],[-97.119,33.735],[-97.145,33.738],[-97.192,33.785],[-97.201,33.808],[-97.186,33.87],[-97.215,33.897],[-97.265,33.868],[-97.308,33.869],[-97.398,33.831],[-97.43,33.839],[-97.482,33.886],[-97.571,33.916],[-97.606,33.972],[-97.641,33.992],[-97.842,33.876],[-97.922,33.878],[-97.946,33.897],[-97.951,33.971],[-98.069,34.04],[-98.099,34.145],[-98.356,34.142],[-98.454,34.078],[-98.608,34.161],[-98.73,34.147],[-98.969,34.209],[-99.158,34.223],[-99.187,34.235],[-99.2,34.318],[-99.253,34.388],[-99.36,34.456],[-99.385,34.447],[-99.405,34.392],[-99.536,34.405],[-99.632,34.388],[-99.867,34.543],[-99.999,34.587],[-100.002,36.501],[-103.0,36.501],[-103.001,37.001],[-94.618,37.001],[-94.618,36.501]]]]}},{"type":"Feature","properties":{},"geometry":{"type":"MultiPolygon","coordinates":[[[[-120.001,42.001],[-124.228,42.001],[-124.355,42.123],[-124.421,42.381],[-124.406,42.584],[-124.444,42.67],[-124.54,42.813],[-124.499,42.937],[-124.454,43.012],[-124.347,43.342],[-124.321,43.368],[-124.275,43.367],[-124.197,43.423],[-124.233,43.436],[-124.288,43.41],[-124.184,43.652],[-124.149,43.692],[-124.131,44.056],[-124.099,44.334],[-124.047,44.426],[-124.065,44.52],[-124.045,44.648],[-124.059,44.778],[-123.949,45.401],[-123.963,45.476],[-123.929,45.577],[-123.961,45.843],[-123.947,46.141],[-123.989,46.219],[-123.963,46.225],[-123.912,46.182],[-123.674,46.183],[-123.522,46.223],[-123.466,46.209],[-123.402,46.155],[-123.322,46.144],[-123.121,46.179],[-123.042,46.16],[-122.942,46.115],[-122.843,45.978],[-122.726,45.674],[-122.65,45.627],[-122.203,45.591],[-122.085,45.603],[-121.882,45.689],[-121.663,45.718],[-121.402,45.712],[-121.243,45.687],[-121.184,45.644],[-121.045,45.639],[-120.351,45.725],[-120.156,45.762],[-119.934,45.838],[-119.429,45.934],[-119.177,45.945],[-119.02,46.0],[-116.896,46.002],[-116.869,45.958],[-116.765,45.873],[-116.617,45.799],[-116.521,45.722],[-116.477,45.641],[-116.549,45.457],[-116.737,45.169],[-116.84,44.985],[-116.856,44.906],[-116.949,44.77],[-117.119,44.578],[-117.202,44.436],[-117.197,44.344],[-117.14,44.29],[-117.029,44.276],[-116.953,44.245],[-116.912,44.199],[-116.911,44.157],[-116.95,44.119],[-116.961,44.079],[-116.944,44.038],[-116.958,43.964],[-117.02,43.813],[-117.017,42.001],[-120.001,42.001]]]]}},{"type":"Feature","properties":{},"geometry":{"type":"MultiPolygon","coordinates":[[[[-80.521,42.324],[-80.248,42.366],[-79.762,42.539],[-79.763,42.001],[-75.351,41.998],[-75.274,41.947],[-75.239,41.892],[-75.096,41.832],[-75.095,41.799],[-75.054,41.765],[-75.067,41.713],[-75.051,41.608],[-74.981,41.508],[-74.935,41.474],[-74.757,41.424],[-74.699,41.357],[-74.812,41.302],[-74.912,41.155],[-75.032,41.052],[-75.123,40.999],[-75.076,40.856],[-75.112,40.802],[-75.175,40.776],[-75.192,40.69],[-75.189,40.596],[-75.097,40.543],[-75.034,40.42],[-74.976,40.406],[-74.735,40.155],[-75.024,40.017],[-75.173,39.895],[-75.321,39.865],[-75.421,39.815],[-75.51,39.843],[-75.635,39.839],[-75.709,39.803],[-75.785,39.722],[-80.519,39.723],[-80.521,42.324]]]]}},{"type":"Feature","properties":{},"geometry":{"type":"MultiPolygon","coordinates":[[[[-71.842,41.336],[-71.83,41.393],[-71.805,41.417],[-71.796,41.52],[-71.801,42.012],[-71.387,42.017],[-71.379,41.902],[-71.338,41.891],[-71.341,41.798],[-71.268,41.751],[-71.234,41.707],[-71.271,41.681],[-71.331,41.762],[-71.39,41.795],[-71.364,41.703],[-71.427,41.633],[-71.444,41.454],[-71.523,41.379],[-71.769,41.331],[-71.842,41.336]]],[[[-71.241,41.492],[-71.291,41.465],[-71.346,41.469],[-71.318,41.506],[-71.28,41.62],[-71.232,41.654],[-71.241,41.492]]],[[[-71.365,41.485],[-71.393,41.467],[-71.403,41.515],[-71.384,41.571],[-71.364,41.572],[-71.354,41.542],[-71.365,41.485]]]]}},{"type":"Feature","properties":{},"geometry":{"type":"MultiPolygon","coordinates":[[[[-80.872,32.03],[-81.075,32.11],[-81.135,32.182],[-81.133,32.275],[-81.172,32.38],[-81.29,32.557],[-81.377,32.607],[-81.434,32.728],[-81.49,32.936],[-81.578,33.069],[-81.699,33.127],[-81.78,33.195],[-81.864,33.325],[-81.909,33.349],[-81.933,33.39],[-81.936,33.447],[-82.006,33.523],[-82.208,33.664],[-82.257,33.749],[-82.352,33.838],[-82.589,34.017],[-82.819,34.366],[-82.848,34.437],[-82.897,34.466],[-82.976,34.476],[-83.053,34.511],[-83.167,34.6],[-83.356,34.708],[-83.317,34.806],[-83.17,34.933],[-83.121,35.001],[-82.744,35.084],[-82.393,35.211],[-81.087,35.156],[-81.047,35.131],[-81.045,35.066],[-80.934,35.114],[-80.793,34.963],[-80.784,34.829],[-79.654,34.797],[-78.564,33.877],[-78.841,33.724],[-78.92,33.659],[-79.138,33.406],[-79.194,33.244],[-79.238,33.312],[-79.226,33.405],[-79.281,33.315],[-79.229,33.185],[-79.276,33.135],[-79.42,33.043],[-79.587,33.001],[-79.615,32.909],[-79.805,32.787],[-79.933,32.81],[-79.894,32.729],[-79.941,32.667],[-80.022,32.62],[-80.23,32.577],[-80.268,32.537],[-80.363,32.501],[-80.572,32.534],[-80.634,32.512],[-80.53,32.475],[-80.474,32.423],[-80.486,32.352],[-80.579,32.287],[-80.608,32.293],[-80.647,32.396],[-80.678,32.381],[-80.683,32.349],[-80.709,32.337],[-80.803,32.448],[-80.798,32.363],[-80.765,32.298],[-80.702,32.246],[-80.694,32.216],[-80.758,32.142],[-80.849,32.114],[-80.882,32.069],[-80.872,32.03]]]]}},{"type":"Feature","properties":{},"geometry":{"type":"MultiPolygon","coordinates":[[[[-96.454,43.501],[-96.599,43.498],[-96.535,43.338],[-96.57,43.283],[-96.563,43.243],[-96.49,43.206],[-96.461,43.13],[-96.463,43.099],[-96.502,43.043],[-96.513,42.969],[-96.627,42.757],[-96.622,42.73],[-96.539,42.659],[-96.481,42.511],[-96.558,42.525],[-96.633,42.569],[-96.676,42.638],[-96.805,42.701],[-97.164,42.813],[-97.239,42.861],[-97.417,42.881],[-97.698,42.875],[-97.881,42.85],[-97.965,42.806],[-98.143,42.852],[-98.442,43.001],[-104.029,43.001],[-104.037,45.001],[-104.005,45.001],[-104.005,45.013],[-104.011,45.943],[-96.556,45.943],[-96.615,45.8],[-96.851,45.626],[-96.815,45.557],[-96.696,45.432],[-96.53,45.372],[-96.454,45.297],[-96.454,43.501]]]]}},{"type":"Feature","properties":{},"geometry":{"type":"MultiPolygon","coordinates":[[[[-85.624,35.001],[-88.19,35.025],[-88.203,35.024],[-88.173,34.999],[-90.294,35.004],[-90.256,35.046],[-90.142,35.114],[-90.093,35.204],[-90.108,35.314],[-90.066,35.414],[-89.967,35.503],[-89.927,35.592],[-89.944,35.679],[-89.895,35.751],[-89.78,35.806],[-89.764,35.828],[-89.764,35.889],[-89.689,35.921],[-89.709,35.983],[-89.698,36.03],[-89.642,36.105],[-89.634,36.168],[-89.675,36.221],[-89.654,36.248],[-89.584,36.272],[-89.612,36.322],[-89.604,36.352],[-89.555,36.373],[-89.541,36.427],[-89.557,36.501],[-89.487,36.503],[-89.471,36.489],[-89.45,36.5],[-88.059,36.5],[-88.057,36.59],[-88.096,36.693],[-87.869,36.675],[-87.839,36.644],[-86.508,36.665],[-83.73,36.587],[-83.668,36.605],[-81.953,36.598],[-81.905,36.619],[-81.659,36.611],[-81.704,36.534],[-81.734,36.355],[-81.808,36.353],[-81.908,36.306],[-82.051,36.123],[-82.101,36.107],[-82.182,36.154],[-82.295,36.134],[-82.553,35.971],[-82.589,35.987],[-82.611,36.047],[-82.7,36.03],[-82.813,35.947],[-82.888,35.952],[-82.949,35.835],[-82.99,35.8],[-83.12,35.775],[-83.284,35.682],[-83.511,35.584],[-83.723,35.56],[-83.871,35.515],[-84.004,35.414],[-84.062,35.286],[-84.129,35.261],[-84.261,35.25],[-84.287,35.201],[-84.325,34.988],[-85.624,35.001]]]]}},{"type":"Feature","properties":{},"geometry":{"type":"MultiPolygon","coordinates":[[[[-94.484,33.648],[-94.432,33.6],[-94.358,33.561],[-94.295,33.587],[-94.192,33.589],[-94.099,33.577],[-94.047,33.554],[-94.043,31.999],[-93.905,31.877],[-93.846,31.793],[-93.827,31.75],[-93.807,31.569],[-93.738,31.514],[-93.736,31.478],[-93.664,31.372],[-93.666,31.323],[-93.597,31.21],[-93.558,31.18],[-93.531,31.046],[-93.563,31.005],[-93.549,30.948],[-93.579,30.824],[-93.625,30.714],[-93.72,30.558],[-93.715,30.473],[-93.75,30.345],[-93.721,30.283],[-93.711,30.113],[-93.794,29.977],[-93.841,29.98],[-93.946,29.815],[-93.886,29.723],[-93.89,29.689],[-94.1,29.67],[-94.574,29.485],[-94.76,29.384],[-94.75,29.418],[-94.526,29.548],[-94.605,29.568],[-94.733,29.535],[-94.778,29.548],[-94.724,29.655],[-94.742,29.75],[-94.832,29.753],[-94.89,29.677],[-94.93,29.68],[-94.982,29.713],[-95.023,29.702],[-94.993,29.531],[-94.888,29.371],[-95.139,29.168],[-95.152,29.079],[-95.274,28.964],[-95.853,28.64],[-96.02,28.587],[-96.181,28.502],[-96.235,28.489],[-96.011,28.632],[-96.115,28.622],[-96.275,28.655],[-96.373,28.657],[-96.374,28.631],[-96.449,28.594],[-96.526,28.648],[-96.576,28.716],[-96.609,28.723],[-96.64,28.709],[-96.525,28.489],[-96.421,28.457],[-96.562,28.367],[-96.676,28.341],[-96.774,28.422],[-96.807,28.22],[-96.84,28.194],[-96.892,28.158],[-96.933,28.224],[-97.015,28.163],[-97.156,28.144],[-97.141,28.061],[-97.034,28.094],[-97.073,27.986],[-97.171,27.88],[-97.252,27.854],[-97.374,27.87],[-97.432,27.837],[-97.289,27.671],[-97.38,27.419],[-97.439,27.328],[-97.524,27.314],[-97.682,27.395],[-97.768,27.457],[-97.692,27.287],[-97.485,27.237],[-97.476,27.118],[-97.555,26.967],[-97.466,26.692],[-97.435,26.486],[-97.402,26.397],[-97.214,26.068],[-97.15,26.065],[-97.14,26.03],[-97.146,25.961],[-97.282,25.942],[-97.339,25.911],[-97.358,25.871],[-97.44,25.891],[-97.587,25.984],[-97.801,26.042],[-98.083,26.064],[-98.275,26.111],[-98.378,26.182],[-98.486,26.225],[-98.598,26.238],[-98.691,26.276],[-98.765,26.34],[-98.873,26.381],[-99.015,26.399],[-99.108,26.447],[-99.172,26.564],[-99.23,26.762],[-99.302,26.885],[-99.457,27.057],[-99.44,27.17],[-99.455,27.234],[-99.5,27.286],[-99.51,27.34],[-99.486,27.398],[-99.484,27.467],[-99.505,27.548],[-99.595,27.636],[-99.754,27.73],[-99.89,27.867],[-100.001,28.048],[-100.112,28.173],[-100.221,28.243],[-100.296,28.328],[-100.336,28.428],[-100.348,28.486],[-100.332,28.503],[-100.55,28.821],[-100.636,28.973],[-100.659,29.069],[-100.755,29.183],[-101.016,29.401],[-101.039,29.46],[-101.304,29.634],[-101.38,29.743],[-101.44,29.777],[-101.545,29.784],[-101.546,29.808],[-101.612,29.787],[-101.752,29.782],[-101.991,29.796],[-102.163,29.825],[-102.269,29.871],[-102.343,29.865],[-102.386,29.807],[-102.476,29.769],[-102.615,29.752],[-102.734,29.644],[-102.834,29.444],[-102.878,29.315],[-102.866,29.258],[-102.892,29.216],[-102.957,29.19],[-103.023,29.132],[-103.09,29.042],[-103.168,28.998],[-103.258,29.001],[-103.423,29.071],[-103.664,29.207],[-103.853,29.291],[-103.99,29.323],[-104.111,29.386],[-104.312,29.542],[-104.401,29.574],[-104.504,29.678],[-104.622,29.854],[-104.681,29.991],[-104.681,30.134],[-104.918,30.583],[-104.979,30.646],[-105.276,30.807],[-105.514,30.981],[-105.813,31.241],[-106.024,31.398],[-106.148,31.451],[-106.256,31.545],[-106.347,31.679],[-106.436,31.764],[-106.566,31.82],[-106.668,32.001],[-103.066,32.003],[-103.042,36.501],[-100.002,36.501],[-99.999,34.587],[-99.867,34.543],[-99.686,34.416],[-99.632,34.388],[-99.536,34.405],[-99.405,34.392],[-99.385,34.447],[-99.36,34.456],[-99.253,34.388],[-99.2,34.318],[-99.187,34.235],[-99.158,34.223],[-98.969,34.209],[-98.73,34.147],[-98.608,34.161],[-98.454,34.078],[-98.356,34.142],[-98.099,34.145],[-98.069,34.04],[-97.951,33.971],[-97.946,33.897],[-97.922,33.878],[-97.842,33.876],[-97.641,33.992],[-97.606,33.972],[-97.571,33.916],[-97.482,33.886],[-97.43,33.839],[-97.398,33.831],[-97.308,33.869],[-97.265,33.868],[-97.215,33.897],[-97.195,33.891],[-97.186,33.87],[-97.201,33.808],[-97.145,33.738],[-97.099,33.75],[-97.061,33.828],[-97.064,33.857],[-97.022,33.867],[-96.978,33.938],[-96.934,33.953],[-96.89,33.935],[-96.848,33.883],[-96.746,33.854],[-96.694,33.864],[-96.649,33.906],[-96.606,33.906],[-96.592,33.849],[-96.487,33.792],[-96.411,33.775],[-96.315,33.711],[-96.279,33.758],[-96.207,33.774],[-96.139,33.822],[-95.942,33.883],[-95.863,33.863],[-95.784,33.865],[-95.763,33.891],[-95.594,33.945],[-95.523,33.887],[-95.374,33.874],[-95.276,33.911],[-95.238,33.956],[-95.216,33.959],[-94.962,33.843],[-94.869,33.768],[-94.709,33.699],[-94.484,33.648]]],[[[-95.04,29.146],[-95.09,29.136],[-94.872,29.29],[-94.826,29.341],[-94.768,29.339],[-94.865,29.253],[-95.04,29.146]]],[[[-96.764,28.153],[-96.801,28.148],[-96.756,28.202],[-96.682,28.23],[-96.519,28.333],[-96.453,28.341],[-96.404,28.382],[-96.413,28.338],[-96.764,28.153]]],[[[-97.014,27.902],[-97.036,27.899],[-96.979,28.014],[-96.899,28.117],[-96.857,28.133],[-96.84,28.089],[-96.921,28.016],[-97.014,27.902]]],[[[-97.354,27.3],[-97.385,27.243],[-97.376,27.328],[-97.295,27.523],[-97.13,27.779],[-97.061,27.822],[-97.251,27.541],[-97.354,27.3]]],[[[-97.171,26.159],[-97.185,26.113],[-97.267,26.33],[-97.402,26.821],[-97.407,27.1],[-97.386,27.197],[-97.351,26.801],[-97.171,26.159]]]]}},{"type":"Feature","properties":{},"geometry":{"type":"MultiPolygon","coordinates":[[[[-109.047,37.001],[-114.04,37.004],[-114.043,42.001],[-111.05,42.001],[-111.05,41.001],[-109.046,41.001],[-109.047,37.001]]]]}},{"type":"Feature","properties":{},"geometry":{"type":"MultiPolygon","coordinates":[[[[-77.122,38.944],[-77.053,38.915],[-77.03,38.889],[-77.046,38.776],[-77.092,38.72],[-77.26,38.6],[-77.314,38.397],[-77.273,38.352],[-77.232,38.34],[-77.11,38.37],[-77.047,38.357],[-76.906,38.197],[-76.645,38.134],[-76.55,38.095],[-76.472,38.011],[-76.355,37.963],[-76.264,37.894],[-76.262,37.848],[-76.293,37.794],[-76.306,37.722],[-76.344,37.676],[-76.492,37.682],[-76.829,37.962],[-76.94,38.095],[-77.071,38.167],[-77.111,38.166],[-76.925,38.033],[-76.715,37.81],[-76.62,37.755],[-76.549,37.669],[-76.484,37.629],[-76.306,37.572],[-76.368,37.53],[-76.269,37.495],[-76.254,37.431],[-76.263,37.357],[-76.401,37.386],[-76.393,37.3],[-76.454,37.274],[-76.538,37.309],[-76.758,37.505],[-76.738,37.449],[-76.611,37.323],[-76.497,37.247],[-76.401,37.213],[-76.327,37.149],[-76.283,37.053],[-76.401,36.991],[-76.602,37.143],[-76.631,37.222],[-76.704,37.218],[-77.007,37.318],[-77.251,37.329],[-77.196,37.296],[-77.002,37.271],[-76.925,37.225],[-76.672,37.173],[-76.634,37.047],[-76.505,36.961],[-76.488,36.897],[-76.4,36.89],[-76.244,36.953],[-75.999,36.913],[-75.966,36.862],[-75.857,36.551],[-81.642,36.595],[-81.659,36.611],[-81.905,36.619],[-81.953,36.598],[-83.668,36.605],[-83.566,36.653],[-83.417,36.681],[-83.15,36.762],[-83.044,36.846],[-82.895,36.906],[-82.832,36.979],[-82.732,37.048],[-82.682,37.138],[-82.343,37.297],[-81.965,37.54],[-81.958,37.508],[-81.971,37.473],[-81.876,37.33],[-81.661,37.222],[-81.589,37.208],[-81.419,37.282],[-81.35,37.334],[-81.227,37.263],[-81.178,37.263],[-80.915,37.311],[-80.873,37.341],[-80.872,37.399],[-80.843,37.422],[-80.72,37.401],[-80.507,37.469],[-80.465,37.433],[-80.371,37.473],[-80.316,37.51],[-80.246,37.621],[-80.285,37.677],[-80.246,37.751],[-79.972,38.046],[-79.903,38.181],[-79.813,38.267],[-79.783,38.336],[-79.715,38.404],[-79.669,38.544],[-79.64,38.572],[-79.598,38.577],[-79.555,38.559],[-79.505,38.491],[-79.396,38.454],[-79.304,38.45],[-79.24,38.477],[-79.041,38.79],[-78.992,38.82],[-78.869,38.818],[-78.757,38.908],[-78.693,38.922],[-78.581,38.999],[-78.435,39.161],[-78.351,39.411],[-78.322,39.452],[-77.836,39.145],[-77.727,39.346],[-77.669,39.31],[-77.534,39.266],[-77.479,39.221],[-77.506,39.143],[-77.481,39.113],[-77.301,39.053],[-77.19,38.969],[-77.122,38.944]]],[[[-75.659,37.954],[-75.62,37.999],[-75.376,38.025],[-75.596,37.631],[-75.587,37.559],[-75.699,37.516],[-75.812,37.425],[-75.854,37.297],[-75.934,37.152],[-75.985,37.212],[-75.997,37.264],[-75.975,37.398],[-75.888,37.619],[-75.792,37.756],[-75.719,37.821],[-75.659,37.954]]],[[[-75.252,38.037],[-75.226,38.04],[-75.333,37.888],[-75.379,37.872],[-75.252,38.037]]]]}},{"type":"Feature","properties":{},"geometry":{"type":"MultiPolygon","coordinates":[[[[-73.352,45.005],[-71.518,45.008],[-71.533,44.988],[-71.51,44.908],[-71.621,44.772],[-71.618,44.728],[-71.568,44.608],[-71.609,44.514],[-71.683,44.45],[-71.826,44.374],[-72.002,44.329],[-72.031,44.301],[-72.062,44.116],[-72.115,43.965],[-72.222,43.791],[-72.297,43.715],[-72.362,43.587],[-72.385,43.529],[-72.407,43.332],[-72.474,43.039],[-72.55,42.887],[-72.54,42.83],[-72.467,42.73],[-73.253,42.752],[-73.28,42.813],[-73.267,42.865],[-73.247,43.553],[-73.33,43.627],[-73.391,43.579],[-73.416,43.59],[-73.375,43.804],[-73.426,44.075],[-73.381,44.187],[-73.321,44.269],[-73.31,44.46],[-73.372,44.597],[-73.349,44.775],[-73.366,44.86],[-73.345,44.939],[-73.352,45.005]]]]}},{"type":"Feature","properties":{},"geometry":{"type":"MultiPolygon","coordinates":[[[[-122.789,48.993],[-117.039,48.993],[-117.025,46.429],[-117.039,46.397],[-116.943,46.232],[-116.922,46.164],[-116.948,46.124],[-116.93,46.056],[-116.896,46.002],[-119.02,46.0],[-119.177,45.945],[-119.429,45.934],[-119.934,45.838],[-120.156,45.762],[-120.351,45.725],[-121.045,45.639],[-121.184,45.644],[-121.243,45.687],[-121.402,45.712],[-121.663,45.718],[-121.882,45.689],[-122.085,45.603],[-122.203,45.591],[-122.65,45.627],[-122.726,45.674],[-122.843,45.978],[-122.942,46.115],[-123.042,46.16],[-123.121,46.179],[-123.221,46.154],[-123.299,46.171],[-123.405,46.221],[-123.465,46.271],[-123.65,46.268],[-123.688,46.3],[-123.896,46.268],[-123.96,46.301],[-124.073,46.279],[-124.045,46.373],[-124.044,46.605],[-124.016,46.521],[-123.946,46.433],[-123.889,46.66],[-123.958,46.709],[-124.072,46.745],[-124.113,46.863],[-123.843,46.963],[-123.986,46.984],[-124.042,47.03],[-124.112,47.035],[-124.139,46.955],[-124.199,47.209],[-124.309,47.405],[-124.376,47.659],[-124.46,47.784],[-124.621,47.904],[-124.663,47.974],[-124.702,48.152],[-124.68,48.286],[-124.71,48.38],[-124.633,48.375],[-124.429,48.301],[-124.176,48.242],[-124.099,48.2],[-123.976,48.168],[-123.294,48.12],[-123.162,48.155],[-123.124,48.151],[-123.024,48.082],[-122.974,48.073],[-122.861,48.09],[-122.779,48.138],[-122.74,48.013],[-122.657,47.881],[-122.778,47.738],[-122.802,47.735],[-122.805,47.784],[-122.821,47.793],[-123.051,47.552],[-123.131,47.438],[-123.139,47.386],[-123.136,47.356],[-123.104,47.348],[-123.031,47.36],[-122.922,47.408],[-122.917,47.418],[-123.067,47.4],[-123.06,47.454],[-122.982,47.559],[-122.814,47.659],[-122.757,47.701],[-122.718,47.762],[-122.608,47.835],[-122.588,47.856],[-122.586,47.928],[-122.533,47.92],[-122.511,47.816],[-122.524,47.769],[-122.63,47.693],[-122.614,47.616],[-122.675,47.612],[-122.586,47.528],[-122.557,47.463],[-122.554,47.405],[-122.578,47.293],[-122.604,47.275],[-122.649,47.281],[-122.708,47.316],[-122.768,47.218],[-122.783,47.226],[-122.813,47.329],[-122.828,47.337],[-122.92,47.29],[-122.988,47.173],[-123.028,47.139],[-122.914,47.131],[-122.812,47.146],[-122.702,47.111],[-122.604,47.167],[-122.542,47.276],[-122.42,47.312],[-122.354,47.372],[-122.375,47.528],[-122.368,47.604],[-122.411,47.653],[-122.384,47.716],[-122.382,47.752],[-122.402,47.784],[-122.318,47.933],[-122.242,48.011],[-122.416,48.184],[-122.425,48.176],[-122.395,48.084],[-122.494,48.13],[-122.517,48.16],[-122.529,48.199],[-122.52,48.229],[-122.467,48.259],[-122.403,48.269],[-122.409,48.294],[-122.542,48.411],[-122.638,48.433],[-122.669,48.465],[-122.657,48.49],[-122.628,48.498],[-122.543,48.488],[-122.497,48.506],[-122.515,48.555],[-122.513,48.669],[-122.562,48.778],[-122.653,48.764],[-122.686,48.794],[-122.789,48.993]]],[[[-122.782,48.673],[-122.769,48.651],[-122.838,48.627],[-122.903,48.665],[-122.893,48.594],[-122.986,48.627],[-123.003,48.652],[-122.977,48.679],[-122.898,48.71],[-122.782,48.673]]],[[[-123.013,48.501],[-122.987,48.468],[-123.14,48.508],[-123.17,48.587],[-123.162,48.606],[-123.114,48.613],[-123.024,48.538],[-123.013,48.501]]],[[[-122.821,48.431],[-122.837,48.422],[-122.89,48.435],[-122.922,48.457],[-122.932,48.485],[-122.912,48.538],[-122.869,48.549],[-122.862,48.502],[-122.815,48.452],[-122.821,48.431]]],[[[-122.573,48.157],[-122.524,48.025],[-122.503,48.08],[-122.367,47.985],[-122.367,47.939],[-122.383,47.923],[-122.411,47.918],[-122.492,47.981],[-122.558,47.992],[-122.603,48.055],[-122.606,48.129],[-122.623,48.151],[-122.69,48.174],[-122.742,48.225],[-122.749,48.239],[-122.725,48.281],[-122.629,48.384],[-122.604,48.381],[-122.536,48.321],[-122.542,48.294],[-122.697,48.229],[-122.598,48.2],[-122.573,48.157]]],[[[-122.497,47.595],[-122.503,47.575],[-122.576,47.619],[-122.574,47.667],[-122.55,47.704],[-122.508,47.683],[-122.497,47.595]]],[[[-122.394,47.395],[-122.399,47.373],[-122.437,47.355],[-122.457,47.359],[-122.469,47.39],[-122.51,47.358],[-122.486,47.489],[-122.469,47.49],[-122.394,47.395]]],[[[-122.853,47.205],[-122.877,47.186],[-122.908,47.226],[-122.912,47.254],[-122.885,47.275],[-122.853,47.205]]]]}},{"type":"Feature","properties":{},"geometry":{"type":"MultiPolygon","coordinates":[[[[-90.651,42.513],[-90.688,42.61],[-90.789,42.677],[-90.96,42.72],[-91.07,42.789],[-91.118,42.882],[-91.161,43.102],[-91.148,43.2],[-91.107,43.278],[-91.117,43.331],[-91.178,43.359],[-91.219,43.395],[-91.238,43.44],[-91.278,43.797],[-91.32,43.936],[-91.383,43.991],[-91.716,44.126],[-91.841,44.194],[-91.912,44.289],[-92.055,44.4],[-92.149,44.445],[-92.24,44.462],[-92.313,44.498],[-92.367,44.552],[-92.442,44.587],[-92.537,44.601],[-92.644,44.645],[-92.77,44.726],[-92.799,44.79],[-92.763,44.934],[-92.793,45.071],[-92.759,45.111],[-92.766,45.236],[-92.686,45.381],[-92.683,45.433],[-92.707,45.494],[-92.757,45.543],[-92.892,45.595],[-92.897,45.659],[-92.875,45.706],[-92.786,45.796],[-92.738,45.875],[-92.694,45.909],[-92.425,46.028],[-92.367,46.036],[-92.293,46.084],[-92.292,46.661],[-92.224,46.671],[-92.125,46.763],[-91.965,46.73],[-91.468,46.925],[-90.654,47.309],[-89.958,47.287],[-90.413,46.585],[-90.392,46.549],[-90.341,46.558],[-90.318,46.537],[-90.23,46.51],[-90.119,46.342],[-89.119,46.149],[-88.837,46.037],[-88.493,46.014],[-88.152,45.945],[-88.104,45.905],[-88.096,45.878],[-88.116,45.816],[-87.923,45.76],[-87.809,45.686],[-87.795,45.596],[-87.815,45.563],[-87.815,45.506],[-87.859,45.445],[-87.875,45.385],[-87.842,45.361],[-87.696,45.383],[-87.664,45.371],[-87.663,45.345],[-87.721,45.243],[-87.719,45.201],[-87.654,45.122],[-87.46,45.068],[-87.42,45.184],[-87.244,45.29],[-87.115,45.452],[-86.774,45.452],[-86.265,45.227],[-86.536,45.041],[-86.715,44.846],[-87.032,44.091],[-87.142,43.658],[-87.155,43.327],[-87.039,42.493],[-90.651,42.513]]]]}},{"type":"Feature","properties":{},"geometry":{"type":"MultiPolygon","coordinates":[[[[-81.965,37.54],[-82.103,37.571],[-82.28,37.687],[-82.472,37.938],[-82.482,37.984],[-82.589,38.1],[-82.618,38.15],[-82.62,38.182],[-82.578,38.272],[-82.589,38.42],[-82.613,38.448],[-82.498,38.415],[-82.387,38.434],[-82.318,38.48],[-82.291,38.552],[-82.252,38.594],[-82.202,38.606],[-82.18,38.638],[-82.204,38.768],[-82.072,38.963],[-82.001,39.011],[-81.95,38.989],[-81.897,38.894],[-81.844,38.934],[-81.78,38.947],[-81.803,39.086],[-81.771,39.099],[-81.701,39.229],[-81.657,39.272],[-81.606,39.274],[-81.552,39.308],[-81.493,39.374],[-81.44,39.393],[-81.392,39.365],[-81.333,39.363],[-81.263,39.387],[-80.963,39.571],[-80.874,39.664],[-80.872,39.736],[-80.602,40.364],[-80.604,40.445],[-80.623,40.512],[-80.659,40.563],[-80.638,40.603],[-80.519,40.647],[-80.519,39.723],[-79.478,39.723],[-79.488,39.211],[-79.294,39.312],[-79.075,39.476],[-78.971,39.454],[-78.815,39.57],[-78.778,39.627],[-78.746,39.614],[-78.753,39.59],[-78.742,39.578],[-78.678,39.55],[-78.496,39.533],[-78.46,39.556],[-78.443,39.601],[-78.407,39.628],[-78.181,39.686],[-78.098,39.678],[-78.027,39.631],[-77.855,39.6],[-77.872,39.576],[-77.78,39.488],[-77.797,39.461],[-77.792,39.442],[-77.762,39.429],[-77.727,39.346],[-77.836,39.145],[-78.322,39.452],[-78.351,39.411],[-78.435,39.161],[-78.581,38.999],[-78.693,38.922],[-78.757,38.908],[-78.869,38.818],[-78.992,38.82],[-79.041,38.79],[-79.24,38.477],[-79.304,38.45],[-79.396,38.454],[-79.505,38.491],[-79.555,38.559],[-79.598,38.577],[-79.64,38.572],[-79.669,38.544],[-79.715,38.404],[-79.783,38.336],[-79.813,38.267],[-79.903,38.181],[-79.972,38.046],[-80.246,37.751],[-80.285,37.677],[-80.246,37.621],[-80.316,37.51],[-80.371,37.473],[-80.465,37.433],[-80.507,37.469],[-80.72,37.401],[-80.843,37.422],[-80.872,37.399],[-80.873,37.341],[-80.915,37.311],[-81.178,37.263],[-81.227,37.263],[-81.35,37.334],[-81.419,37.282],[-81.589,37.208],[-81.661,37.222],[-81.876,37.33],[-81.971,37.473],[-81.958,37.508],[-81.965,37.54]]]]}},{"type":"Feature","properties":{},"geometry":{"type":"MultiPolygon","coordinates":[[[[-104.022,41.001],[-111.05,41.001],[-111.051,45.001],[-104.037,45.001],[-104.022,41.001]]]]}}]}
